541975,22620,4 TRADITIONAL SPINNING TOPS,60.0,1/24/11 14:24,1.25,
541975,,CHARLIE & LOLA WASTEPAPER BIN FLORA,6.0,1/24/11 14:24,3.75,
541975,,CHARLIE & LOLA WASTEPAPER BIN BLUE,6.0,1/24/11 14:24,3.75,
541975,16236,KITTY PENCIL ERASERS,28.0,1/24/11 14:24,0.21,
541975,21058,PARTY INVITES WOODLAND,12.0,1/24/11 14:24,0.85,
541975,21967,PACK OF 12 SKULL TISSUES,24.0,1/24/11 14:24,0.29,
541975,21981,PACK OF 12 WOODLAND TISSUES,24.0,1/24/11 14:24,0.29,
541975,22553,PLASTERS IN TIN SKULLS,36.0,1/24/11 14:24,1.65,
541975,22556,PLASTERS IN TIN CIRCUS PARADE,36.0,1/24/11 14:24,1.65,
541975,22554,PLASTERS IN TIN WOODLAND ANIMALS,36.0,1/24/11 14:24,1.65,
541975,22551,PLASTERS IN TIN SPACEBOY,36.0,1/24/11 14:24,1.65,
541975,21947,SET OF 6 HEART CHOPSTICKS,36.0,1/24/11 14:24,1.25,
541975,21948,SET OF 6 CAKE CHOPSTICKS,36.0,1/24/11 14:24,1.25,
541975,21949,SET OF 6 STRAWBERRY CHOPSTICKS,36.0,1/24/11 14:24,1.25,
541975,22636,CHILDS BREAKFAST SET CIRCUS PARADE,6.0,1/24/11 14:24,8.5,
541975,22634,CHILDS BREAKFAST SET SPACEBOY,6.0,1/24/11 14:24,9.95,
541975,22635,CHILDS BREAKFAST SET DOLLY GIRL,6.0,1/24/11 14:24,9.95,
541975,21246,RED RETROSPOT BIG BOWL,12.0,1/24/11 14:24,4.95,
541975,20677,PINK POLKADOT BOWL,24.0,1/24/11 14:24,1.25,
541975,20676,RED RETROSPOT BOWL,24.0,1/24/11 14:24,1.25,
541975,20675,BLUE POLKADOT BOWL,24.0,1/24/11 14:24,1.25,
541975,,PINK 3 PIECE POLKADOT CUTLERY SET,24.0,1/24/11 14:24,3.75,
541975,,BLUE 3 PIECE POLKADOT CUTLERY SET,24.0,1/24/11 14:24,3.75,
541975,,RED 3 PIECE RETROSPOT CUTLERY SET,24.0,1/24/11 14:24,3.75,
541975,21216,"SET 3 RETROSPOT TEA,COFFEE,SUGAR",4.0,1/24/11 14:24,4.95,
541975,22204,MILK PAN BLUE POLKADOT,4.0,1/24/11 14:24,3.75,
541975,22203,MILK PAN RED RETROSPOT,4.0,1/24/11 14:24,3.75,
541975,22202,MILK PAN PINK POLKADOT,4.0,1/24/11 14:24,3.75,
541975,22630,DOLLY GIRL LUNCH BOX,12.0,1/24/11 14:24,1.95,
541975,22629,SPACEBOY LUNCH BOX,12.0,1/24/11 14:24,1.95,
541975,22382,LUNCH BAG SPACEBOY DESIGN,40.0,1/24/11 14:24,1.65,
541975,20726,LUNCH BAG WOODLAND,10.0,1/24/11 14:24,1.65,
541975,20725,LUNCH BAG RED RETROSPOT,10.0,1/24/11 14:24,1.65,
541975,22326,ROUND SNACK BOXES SET OF4 WOODLAND,96.0,1/24/11 14:24,2.55,
541975,22652,TRAVEL SEWING KIT,10.0,1/24/11 14:24,1.65,
541975,22454,MEASURING TAPE BABUSHKA RED,24.0,1/24/11 14:24,2.95,
541975,22452,MEASURING TAPE BABUSHKA PINK,24.0,1/24/11 14:24,2.95,
541975,21439,BASKET OF TOADSTOOLS,12.0,1/24/11 14:24,1.25,
541975,22137,BATHROOM SET LOVE HEART DESIGN,6.0,1/24/11 14:24,2.95,
541975,20963,APPLE BATH SPONGE,10.0,1/24/11 14:24,1.25,
541975,20961,STRAWBERRY BATH SPONGE,10.0,1/24/11 14:24,1.25,
541975,47422,ASSORTED MONKEY SUCTION CUP HOOK,48.0,1/24/11 14:24,0.42,
541975,20682,RED RETROSPOT CHILDRENS UMBRELLA,6.0,1/24/11 14:24,3.25,
541975,20749,ASSORTED COLOUR MINI CASES,6.0,1/24/11 14:24,7.95,
541975,22504,CABIN BAG VINTAGE RETROSPOT,6.0,1/24/11 14:24,12.75,
541975,22380,TOY TIDY SPACEBOY,25.0,1/24/11 14:24,2.1,
541975,21843,RED RETROSPOT CAKE STAND,4.0,1/24/11 14:24,10.95,
541975,20749,ASSORTED COLOUR MINI CASES,12.0,1/24/11 14:24,6.35,
541975,21949,SET OF 6 STRAWBERRY CHOPSTICKS,12.0,1/24/11 14:24,1.25,
541975,21948,SET OF 6 CAKE CHOPSTICKS,12.0,1/24/11 14:24,1.25,
541975,21947,SET OF 6 HEART CHOPSTICKS,12.0,1/24/11 14:24,1.25,
541975,22382,LUNCH BAG SPACEBOY DESIGN,20.0,1/24/11 14:24,1.65,
541975,20726,LUNCH BAG WOODLAND,20.0,1/24/11 14:24,1.65,
541975,22452,MEASURING TAPE BABUSHKA PINK,24.0,1/24/11 14:24,2.95,
541975,22454,MEASURING TAPE BABUSHKA RED,24.0,1/24/11 14:24,2.95,
541975,20749,ASSORTED COLOUR MINI CASES,6.0,1/24/11 14:24,7.95,
541975,20682,RED RETROSPOT CHILDRENS UMBRELLA,6.0,1/24/11 14:24,3.25,
,,Manual,-1.0,3/15/11 9:44,2583.76,
546558,,Manual,1.0,3/15/11 9:50,2583.76,
549738,23052,RECYCLED ACAPULCO MAT TURQUOISE,2.0,4/12/11 9:28,8.25,
549738,23053,RECYCLED ACAPULCO MAT PINK,2.0,4/12/11 9:28,8.25,
549738,22423,REGENCY CAKESTAND 3 TIER,6.0,4/12/11 9:28,12.75,
549738,20750,RED RETROSPOT MINI CASES,6.0,4/12/11 9:28,7.95,
549738,20682,RED RETROSPOT CHILDRENS UMBRELLA,12.0,4/12/11 9:28,3.25,
549738,47422,ASSORTED MONKEY SUCTION CUP HOOK,48.0,4/12/11 9:28,0.42,
549738,,FAIRY SOAP SOAP HOLDER,12.0,4/12/11 9:28,1.69,
549738,22137,BATHROOM SET LOVE HEART DESIGN,6.0,4/12/11 9:28,2.95,
549738,20961,STRAWBERRY BATH SPONGE,20.0,4/12/11 9:28,1.25,
549738,20963,APPLE BATH SPONGE,10.0,4/12/11 9:28,1.25,
549738,21156,RETROSPOT CHILDRENS APRON,8.0,4/12/11 9:28,1.95,
549738,22367,CHILDRENS APRON SPACEBOY DESIGN,8.0,4/12/11 9:28,1.95,
549738,,CHILDRENS CUTLERY POLKADOT PINK,40.0,4/12/11 9:28,4.15,
549738,,CHILDRENS CUTLERY RETROSPOT RED,40.0,4/12/11 9:28,4.15,
549738,,CHILDRENS CUTLERY POLKADOT GREEN,16.0,4/12/11 9:28,4.15,
549738,22327,ROUND SNACK BOXES SET OF 4 SKULLS,12.0,4/12/11 9:28,2.95,
549738,22328,ROUND SNACK BOXES SET OF 4 FRUITS,30.0,4/12/11 9:28,2.95,
549738,22628,PICNIC BOXES SET OF 3 RETROSPOT,12.0,4/12/11 9:28,4.95,
549738,22631,CIRCUS PARADE LUNCH BOX,12.0,4/12/11 9:28,1.95,
549738,22659,LUNCH BOX I LOVE LONDON,12.0,4/12/11 9:28,1.95,
549738,22203,MILK PAN RED RETROSPOT,12.0,4/12/11 9:28,3.75,
549738,21154,RED RETROSPOT OVEN GLOVE,10.0,4/12/11 9:28,1.25,
549738,21239,PINK  POLKADOT CUP,48.0,4/12/11 9:28,0.85,
549738,21240,BLUE POLKADOT CUP,48.0,4/12/11 9:28,0.85,
549738,21238,RED RETROSPOT CUP,48.0,4/12/11 9:28,0.85,
549738,20676,RED RETROSPOT BOWL,48.0,4/12/11 9:28,1.25,
549738,20675,BLUE POLKADOT BOWL,48.0,4/12/11 9:28,1.25,
549738,20677,PINK POLKADOT BOWL,48.0,4/12/11 9:28,1.25,
549738,20674,GREEN POLKADOT BOWL,48.0,4/12/11 9:28,1.25,
549738,21843,RED RETROSPOT CAKE STAND,8.0,4/12/11 9:28,10.95,
549738,22180,RETROSPOT LAMP,4.0,4/12/11 9:28,9.95,
549738,22418,10 COLOUR SPACEBOY PEN,48.0,4/12/11 9:28,0.85,
553148,21294,ETCHED GLASS COASTER,48.0,5/13/11 14:09,0.39,
553148,21794,CLASSIC FRENCH STYLE BASKET NATURAL,8.0,5/13/11 14:09,3.95,
553148,,TUMBLER NEW ENGLAND,24.0,5/13/11 14:09,0.39,
553148,,PINK & WHITE BREAKFAST TRAY,4.0,5/13/11 14:09,2.95,
553148,,BLUE & WHITE BREAKFAST TRAY,4.0,5/13/11 14:09,2.95,
553148,,CHERRY BLOSSOM TABLE CLOCK,2.0,5/13/11 14:09,1.95,
553148,,CHARLIE + LOLA BISCUITS TINS,12.0,5/13/11 14:09,1.95,
553148,22139,RETROSPOT TEA SET CERAMIC 11 PC,6.0,5/13/11 14:09,4.95,
553148,22617,BAKING SET SPACEBOY DESIGN,6.0,5/13/11 14:09,4.95,
553148,22138,BAKING SET 9 PIECE RETROSPOT,6.0,5/13/11 14:09,4.95,
553148,23077,DOUGHNUT LIP GLOSS,20.0,5/13/11 14:09,1.25,
553148,23076,ICE CREAM SUNDAE LIP GLOSS,24.0,5/13/11 14:09,1.25,
553148,84580,MOUSE TOY WITH PINK T-SHIRT,4.0,5/13/11 14:09,3.75,
553148,84581,DOG TOY WITH PINK CROCHET SKIRT,4.0,5/13/11 14:09,3.75,
553148,22176,BLUE OWL SOFT TOY,6.0,5/13/11 14:09,2.95,
553148,22128,PARTY CONES CANDY ASSORTED,12.0,5/13/11 14:09,1.25,
553148,22129,PARTY CONES CANDY TREE DECORATION,12.0,5/13/11 14:09,0.85,
553148,22333,RETROSPOT PARTY BAG + STICKER SET,8.0,5/13/11 14:09,1.65,
553148,,BLUE PARTY BAGS,6.0,5/13/11 14:09,2.1,
553148,,PINK PARTY BAGS,6.0,5/13/11 14:09,2.1,
553148,22331,WOODLAND PARTY BAG + STICKER SET,8.0,5/13/11 14:09,1.65,
553148,22334,DINOSAUR PARTY BAG + STICKER SET,8.0,5/13/11 14:09,1.65,
553148,22332,SKULLS PARTY BAG + STICKER SET,8.0,5/13/11 14:09,1.65,
553148,22356,CHARLOTTE BAG PINK POLKADOT,10.0,5/13/11 14:09,0.85,
553148,20724,RED RETROSPOT CHARLOTTE BAG,10.0,5/13/11 14:09,0.85,
553148,20719,WOODLAND CHARLOTTE BAG,10.0,5/13/11 14:09,0.85,
553148,23204,CHARLOTTE BAG APPLES DESIGN,10.0,5/13/11 14:09,0.85,
553148,85088,CANDY SPOT HAND BAG,6.0,5/13/11 14:09,2.1,
553148,22962,JAM JAR WITH PINK LID,12.0,5/13/11 14:09,0.85,
553148,22963,JAM JAR WITH GREEN LID,12.0,5/13/11 14:09,0.85,
553148,22960,JAM MAKING SET WITH JARS,6.0,5/13/11 14:09,4.25,
553148,22565,FELTCRAFT HAIRBANDS PINK AND WHITE,36.0,5/13/11 14:09,0.85,
553148,22452,MEASURING TAPE BABUSHKA PINK,6.0,5/13/11 14:09,2.95,
553148,22453,MEASURING TAPE BABUSHKA BLUE,6.0,5/13/11 14:09,2.95,
553148,20702,PINK PADDED MOBILE,6.0,5/13/11 14:09,4.25,
553148,22320,BIRDS MOBILE VINTAGE DESIGN,3.0,5/13/11 14:09,5.95,
553148,22325,MOBILE VINTAGE HEARTS,3.0,5/13/11 14:09,4.95,
553148,21371,MIRRORED WALL ART POPPIES,6.0,5/13/11 14:09,2.55,
553148,21249,WOODLAND  HEIGHT CHART STICKERS,6.0,5/13/11 14:09,2.95,
553148,21251,DINOSAUR HEIGHT CHART STICKER SET,6.0,5/13/11 14:09,2.95,
553148,23254,CHILDRENS CUTLERY DOLLY GIRL,8.0,5/13/11 14:09,4.15,
553148,,CHILDRENS CUTLERY POLKADOT BLUE,8.0,5/13/11 14:09,4.15,
553148,,CHILDRENS CUTLERY POLKADOT PINK,8.0,5/13/11 14:09,4.15,
553148,23256,CHILDRENS CUTLERY SPACEBOY,8.0,5/13/11 14:09,4.15,
553148,23255,CHILDRENS CUTLERY CIRCUS PARADE,8.0,5/13/11 14:09,4.15,
553148,20728,LUNCH BAG CARS BLUE,10.0,5/13/11 14:09,1.65,
553148,22326,ROUND SNACK BOXES SET OF4 WOODLAND,6.0,5/13/11 14:09,2.95,
553148,22628,PICNIC BOXES SET OF 3 RETROSPOT,4.0,5/13/11 14:09,4.95,
553148,22382,LUNCH BAG SPACEBOY DESIGN,10.0,5/13/11 14:09,1.65,
553148,22384,LUNCH BAG PINK POLKADOT,10.0,5/13/11 14:09,1.65,
553148,22352,LUNCH BOX WITH CUTLERY RETROSPOT,6.0,5/13/11 14:09,2.55,
553148,23206,LUNCH BAG APPLE DESIGN,10.0,5/13/11 14:09,1.65,
553148,22659,LUNCH BOX I LOVE LONDON,12.0,5/13/11 14:09,1.95,
553148,22634,CHILDS BREAKFAST SET SPACEBOY,4.0,5/13/11 14:09,9.95,
553148,22636,CHILDS BREAKFAST SET CIRCUS PARADE,4.0,5/13/11 14:09,8.5,
553148,21212,PACK OF 72 RETROSPOT CAKE CASES,24.0,5/13/11 14:09,0.55,
553148,21975,PACK OF 60 DINOSAUR CAKE CASES,24.0,5/13/11 14:09,0.55,
553148,22417,PACK OF 60 SPACEBOY CAKE CASES,24.0,5/13/11 14:09,0.55,
553148,21213,PACK OF 72 SKULL CAKE CASES,24.0,5/13/11 14:09,0.55,
553148,21976,PACK OF 60 MUSHROOM CAKE CASES,24.0,5/13/11 14:09,0.55,
553148,21977,PACK OF 60 PINK PAISLEY CAKE CASES,24.0,5/13/11 14:09,0.55,
553148,22951,60 CAKE CASES DOLLY GIRL DESIGN,24.0,5/13/11 14:09,0.55,
553148,84991,60 TEATIME FAIRY CAKE CASES,24.0,5/13/11 14:09,0.55,
553148,22195,LARGE HEART MEASURING SPOONS,12.0,5/13/11 14:09,1.65,
553148,22135,MINI LADLE LOVE HEART PINK,12.0,5/13/11 14:09,0.42,
553148,22196,SMALL HEART MEASURING SPOONS,12.0,5/13/11 14:09,0.85,
553148,21216,"SET 3 RETROSPOT TEA,COFFEE,SUGAR",4.0,5/13/11 14:09,4.95,
553148,21218,RED SPOTTY BISCUIT TIN,6.0,5/13/11 14:09,3.75,
553148,22900,SET 2 TEA TOWELS I LOVE LONDON,6.0,5/13/11 14:09,3.25,
553148,21035,SET/2 RED RETROSPOT TEA TOWELS,6.0,5/13/11 14:09,3.25,
553148,22989,SET 2 PANTRY DESIGN TEA TOWELS,6.0,5/13/11 14:09,3.25,
553148,22895,SET OF 2 TEA TOWELS APPLE AND PEARS,6.0,5/13/11 14:09,3.25,
553148,20998,ROSE DU SUD OVEN GLOVE,6.0,5/13/11 14:09,2.95,
553148,21154,RED RETROSPOT OVEN GLOVE,10.0,5/13/11 14:09,1.25,
553148,,TEA TIME OVEN GLOVE,10.0,5/13/11 14:09,1.25,
553148,21238,RED RETROSPOT CUP,32.0,5/13/11 14:09,0.85,
553148,21240,BLUE POLKADOT CUP,32.0,5/13/11 14:09,0.85,
553148,21239,PINK  POLKADOT CUP,32.0,5/13/11 14:09,0.85,
553148,21242,RED RETROSPOT PLATE,40.0,5/13/11 14:09,1.69,
553148,21244,BLUE POLKADOT PLATE,40.0,5/13/11 14:09,1.69,
553148,21243,PINK  POLKADOT PLATE,40.0,5/13/11 14:09,1.69,
553148,21245,GREEN POLKADOT PLATE,16.0,5/13/11 14:09,1.69,
553148,20674,GREEN POLKADOT BOWL,32.0,5/13/11 14:09,1.25,
553148,20676,RED RETROSPOT BOWL,32.0,5/13/11 14:09,1.25,
553148,20675,BLUE POLKADOT BOWL,32.0,5/13/11 14:09,1.25,
553148,20677,PINK POLKADOT BOWL,32.0,5/13/11 14:09,1.25,
553148,22131,FOOD CONTAINER SET 3 LOVE HEART,12.0,5/13/11 14:09,1.95,
553148,21947,SET OF 6 HEART CHOPSTICKS,12.0,5/13/11 14:09,1.25,
553148,21949,SET OF 6 STRAWBERRY CHOPSTICKS,10.0,5/13/11 14:09,1.25,
553148,22740,POLKADOT PEN,48.0,5/13/11 14:09,0.85,
553148,84906,PINK BUTTERFLY CUSHION COVER,6.0,5/13/11 14:09,1.95,
553148,85087,CANDY SPOT CUSHION COVER,6.0,5/13/11 14:09,2.95,
553148,,PINK FAIRY CAKE CUSHION COVER,4.0,5/13/11 14:09,3.75,
557675,21915,RED  HARMONICA IN BOX,24.0,6/22/11 10:27,1.25,
557675,22622,BOX OF VINTAGE ALPHABET BLOCKS,6.0,6/22/11 10:27,11.95,
557675,22620,4 TRADITIONAL SPINNING TOPS,24.0,6/22/11 10:27,1.45,
557675,21791,VINTAGE HEADS AND TAILS CARD GAME,24.0,6/22/11 10:27,1.25,
557675,22452,MEASURING TAPE BABUSHKA PINK,12.0,6/22/11 10:27,2.95,
557675,22328,ROUND SNACK BOXES SET OF 4 FRUITS,6.0,6/22/11 10:27,2.95,
557675,21559,STRAWBERRY LUNCH BOX WITH CUTLERY,12.0,6/22/11 10:27,2.55,
557675,22418,10 COLOUR SPACEBOY PEN,48.0,6/22/11 10:27,0.85,
557675,20750,RED RETROSPOT MINI CASES,8.0,6/22/11 10:27,7.95,
557675,22139,RETROSPOT TEA SET CERAMIC 11 PC,6.0,6/22/11 10:27,4.95,
557675,23229,VINTAGE DONKEY TAIL GAME,6.0,6/22/11 10:27,3.75,
557675,23122,PARTY CHARMS 50 PIECES,108.0,6/22/11 10:27,0.83,
557675,84077,WORLD WAR 2 GLIDERS ASSTD DESIGNS,144.0,6/22/11 10:27,0.29,
557675,21700,BIG DOUGHNUT FRIDGE MAGNETS,60.0,6/22/11 10:27,0.85,
557675,23119,PACK OF 6 LARGE FRUIT STRAWS,48.0,6/22/11 10:27,0.62,
557675,,POSTAGE,1.0,6/22/11 10:27,15.0,
