536532,84692,BOX OF 24 COCKTAIL PARASOLS,50.0,12/1/10 13:24,0.42,12433
536532,22444,GROW YOUR OWN PLANT IN A CAN,96.0,12/1/10 13:24,1.06,12433
536532,22899,CHILDREN'S APRON DOLLY GIRL,8.0,12/1/10 13:24,2.1,12433
536532,21156,RETROSPOT CHILDRENS APRON,8.0,12/1/10 13:24,1.95,12433
536532,22556,PLASTERS IN TIN CIRCUS PARADE,24.0,12/1/10 13:24,1.65,12433
536532,22555,PLASTERS IN TIN STRONGMAN,36.0,12/1/10 13:24,1.65,12433
536532,22554,PLASTERS IN TIN WOODLAND ANIMALS,24.0,12/1/10 13:24,1.65,12433
536532,22553,PLASTERS IN TIN SKULLS,24.0,12/1/10 13:24,1.65,12433
536532,22551,PLASTERS IN TIN SPACEBOY,24.0,12/1/10 13:24,1.65,12433
536532,22547,MINI JIGSAW DINOSAUR,24.0,12/1/10 13:24,0.42,12433
536532,22544,MINI JIGSAW SPACEBOY,24.0,12/1/10 13:24,0.42,12433
536532,22543,MINI JIGSAW BAKE A CAKE,24.0,12/1/10 13:24,0.42,12433
536532,22540,MINI JIGSAW CIRCUS PARADE,24.0,12/1/10 13:24,0.42,12433
536532,22539,MINI JIGSAW DOLLY GIRL,24.0,12/1/10 13:24,0.42,12433
536532,22534,MAGIC DRAWING SLATE SPACEBOY,24.0,12/1/10 13:24,0.42,12433
536532,22530,MAGIC DRAWING SLATE DOLLY GIRL,24.0,12/1/10 13:24,0.42,12433
536532,22531,MAGIC DRAWING SLATE CIRCUS PARADE,24.0,12/1/10 13:24,0.42,12433
536532,22561,WOODEN SCHOOL COLOURING SET,24.0,12/1/10 13:24,1.65,12433
536532,22489,PACK OF 12 TRADITIONAL CRAYONS,24.0,12/1/10 13:24,0.42,12433
536532,22814,CARD PARTY GAMES,12.0,12/1/10 13:24,0.42,12433
536532,21520,BOOZE & WOMEN GREETING CARD,12.0,12/1/10 13:24,0.42,12433
536532,21506,"FANCY FONT BIRTHDAY CARD,",12.0,12/1/10 13:24,0.42,12433
536532,22716,CARD CIRCUS PARADE,12.0,12/1/10 13:24,0.42,12433
536532,22866,HAND WARMER SCOTTY DOG DESIGN,12.0,12/1/10 13:24,2.1,12433
536532,22632,HAND WARMER RED RETROSPOT,12.0,12/1/10 13:24,2.1,12433
536532,22865,HAND WARMER OWL DESIGN,12.0,12/1/10 13:24,2.1,12433
536532,22114,HOT WATER BOTTLE TEA AND SYMPATHY,8.0,12/1/10 13:24,3.95,12433
536532,21982,PACK OF 12 SUKI TISSUES,48.0,12/1/10 13:24,0.29,12433
536532,21981,PACK OF 12 WOODLAND TISSUES,48.0,12/1/10 13:24,0.29,12433
536532,21967,PACK OF 12 SKULL TISSUES,48.0,12/1/10 13:24,0.29,12433
536532,22092,BLUE PAISLEY TISSUE BOX,12.0,12/1/10 13:24,1.25,12433
536532,21983,PACK OF 12 BLUE PAISLEY TISSUES,48.0,12/1/10 13:24,0.29,12433
536532,22615,PACK OF 12 CIRCUS PARADE TISSUES,48.0,12/1/10 13:24,0.29,12433
536532,21980,PACK OF 12 RED RETROSPOT TISSUES,48.0,12/1/10 13:24,0.29,12433
536532,22614,PACK OF 12 SPACEBOY TISSUES,48.0,12/1/10 13:24,0.29,12433
536532,22095,LADS ONLY TISSUE BOX,12.0,12/1/10 13:24,1.25,12433
536532,22094,RED RETROSPOT TISSUE BOX,12.0,12/1/10 13:24,1.25,12433
536532,21984,PACK OF 12 PINK PAISLEY TISSUES,48.0,12/1/10 13:24,0.29,12433
536532,22557,PLASTERS IN TIN VINTAGE PAISLEY,36.0,12/1/10 13:24,1.65,12433
536532,21786,POLKADOT RAIN HAT,24.0,12/1/10 13:24,0.42,12433
536532,21080,SET/20 RED RETROSPOT PAPER NAPKINS,36.0,12/1/10 13:24,0.85,12433
536532,22963,JAM JAR WITH GREEN LID,12.0,12/1/10 13:24,0.85,12433
536532,22962,JAM JAR WITH PINK LID,12.0,12/1/10 13:24,0.85,12433
536532,22961,JAM MAKING SET PRINTED,24.0,12/1/10 13:24,1.45,12433
536532,84375,SET OF 20 KIDS COOKIE CUTTERS,24.0,12/1/10 13:24,2.1,12433
536532,22966,GINGERBREAD MAN COOKIE CUTTER,24.0,12/1/10 13:24,1.25,12433
536532,21874,GIN AND TONIC MUG,24.0,12/1/10 13:24,1.25,12433
536532,21873,IF YOU CAN'T STAND THE HEAT MUG,24.0,12/1/10 13:24,1.25,12433
536532,21870,I CAN ONLY PLEASE ONE PERSON MUG,24.0,12/1/10 13:24,1.25,12433
536532,22956,36 FOIL HEART CAKE CASES,12.0,12/1/10 13:24,2.1,12433
536532,84050,PINK HEART SHAPE EGG FRYING PAN,72.0,12/1/10 13:24,1.25,12433
536532,84991,60 TEATIME FAIRY CAKE CASES,24.0,12/1/10 13:24,0.55,12433
536532,84992,72 SWEETHEART FAIRY CAKE CASES,24.0,12/1/10 13:24,0.55,12433
536532,21213,PACK OF 72 SKULL CAKE CASES,24.0,12/1/10 13:24,0.55,12433
536532,21977,PACK OF 60 PINK PAISLEY CAKE CASES,24.0,12/1/10 13:24,0.55,12433
536532,21212,PACK OF 72 RETROSPOT CAKE CASES,24.0,12/1/10 13:24,0.55,12433
536532,22198,LARGE POPCORN HOLDER,48.0,12/1/10 13:24,1.65,12433
536532,22197,SMALL POPCORN HOLDER,72.0,12/1/10 13:24,0.85,12433
536532,22315,200 RED + WHITE BENDY STRAWS,12.0,12/1/10 13:24,1.25,12433
536532,22667,RECIPE BOX RETROSPOT,12.0,12/1/10 13:24,2.95,12433
536532,22666,RECIPE BOX PANTRY YELLOW DESIGN,12.0,12/1/10 13:24,2.95,12433
536532,22665,RECIPE BOX BLUE SKETCHBOOK DESIGN,12.0,12/1/10 13:24,2.95,12433
536532,22558,CLOTHES PEGS RETROSPOT PACK 24,24.0,12/1/10 13:24,1.49,12433
536532,22567,20 DOLLY PEGS RETROSPOT,24.0,12/1/10 13:24,1.25,12433
536532,85150,LADIES & GENTLEMEN METAL SIGN,12.0,12/1/10 13:24,2.55,12433
536532,21166,COOK WITH WINE METAL SIGN,12.0,12/1/10 13:24,1.95,12433
536532,85152,HAND OVER THE CHOCOLATE   SIGN,24.0,12/1/10 13:24,2.1,12433
536532,82600,NO SINGING METAL SIGN,24.0,12/1/10 13:24,2.1,12433
536532,21733,RED HANGING HEART T-LIGHT HOLDER,6.0,12/1/10 13:24,2.95,12433
536532,20685,DOORMAT RED RETROSPOT,2.0,12/1/10 13:24,7.95,12433
536532,22842,BISCUIT TIN VINTAGE RED,6.0,12/1/10 13:24,6.75,12433
536532,22494,EMERGENCY FIRST AID TIN,24.0,12/1/10 13:24,1.25,12433
536532,21260,FIRST AID TIN,12.0,12/1/10 13:24,3.25,12433
537868,22534,MAGIC DRAWING SLATE SPACEBOY,24.0,12/8/10 16:49,0.42,12433
537868,22530,MAGIC DRAWING SLATE DOLLY GIRL,24.0,12/8/10 16:49,0.42,12433
537868,22531,MAGIC DRAWING SLATE CIRCUS PARADE,24.0,12/8/10 16:49,0.42,12433
537868,22561,WOODEN SCHOOL COLOURING SET,24.0,12/8/10 16:49,1.65,12433
537868,22489,PACK OF 12 TRADITIONAL CRAYONS,24.0,12/8/10 16:49,0.42,12433
537868,22814,CARD PARTY GAMES,12.0,12/8/10 16:49,0.42,12433
537868,21520,BOOZE & WOMEN GREETING CARD,12.0,12/8/10 16:49,0.42,12433
537868,21506,"FANCY FONT BIRTHDAY CARD,",12.0,12/8/10 16:49,0.42,12433
537868,22716,CARD CIRCUS PARADE,12.0,12/8/10 16:49,0.42,12433
537868,22688,DOORMAT PEACE ON EARTH BLUE,12.0,12/8/10 16:49,6.75,12433
537868,22114,HOT WATER BOTTLE TEA AND SYMPATHY,8.0,12/8/10 16:49,3.95,12433
537868,21982,PACK OF 12 SUKI TISSUES,48.0,12/8/10 16:49,0.29,12433
537868,21981,PACK OF 12 WOODLAND TISSUES,48.0,12/8/10 16:49,0.29,12433
537868,21967,PACK OF 12 SKULL TISSUES,48.0,12/8/10 16:49,0.29,12433
537868,22092,BLUE PAISLEY TISSUE BOX,12.0,12/8/10 16:49,1.25,12433
537868,21983,PACK OF 12 BLUE PAISLEY TISSUES,48.0,12/8/10 16:49,0.29,12433
537868,22615,PACK OF 12 CIRCUS PARADE TISSUES,48.0,12/8/10 16:49,0.29,12433
537868,21980,PACK OF 12 RED RETROSPOT TISSUES,48.0,12/8/10 16:49,0.29,12433
537868,22614,PACK OF 12 SPACEBOY TISSUES,48.0,12/8/10 16:49,0.29,12433
537868,22095,LADS ONLY TISSUE BOX,12.0,12/8/10 16:49,1.25,12433
537868,22094,RED RETROSPOT TISSUE BOX,12.0,12/8/10 16:49,1.25,12433
537868,21984,PACK OF 12 PINK PAISLEY TISSUES,48.0,12/8/10 16:49,0.29,12433
537868,22557,PLASTERS IN TIN VINTAGE PAISLEY,36.0,12/8/10 16:49,1.65,12433
537868,21786,POLKADOT RAIN HAT,24.0,12/8/10 16:49,0.42,12433
537868,21080,SET/20 RED RETROSPOT PAPER NAPKINS,36.0,12/8/10 16:49,0.85,12433
537868,22963,JAM JAR WITH GREEN LID,12.0,12/8/10 16:49,0.85,12433
537868,22962,JAM JAR WITH PINK LID,12.0,12/8/10 16:49,0.85,12433
537868,22961,JAM MAKING SET PRINTED,24.0,12/8/10 16:49,1.45,12433
537868,84375,SET OF 20 KIDS COOKIE CUTTERS,24.0,12/8/10 16:49,2.1,12433
537868,22966,GINGERBREAD MAN COOKIE CUTTER,24.0,12/8/10 16:49,1.25,12433
537868,21874,GIN AND TONIC MUG,24.0,12/8/10 16:49,1.25,12433
537868,21873,IF YOU CAN'T STAND THE HEAT MUG,24.0,12/8/10 16:49,1.25,12433
537868,21870,I CAN ONLY PLEASE ONE PERSON MUG,24.0,12/8/10 16:49,1.25,12433
537868,22956,36 FOIL HEART CAKE CASES,12.0,12/8/10 16:49,2.1,12433
537868,84050,PINK HEART SHAPE EGG FRYING PAN,72.0,12/8/10 16:49,1.25,12433
537868,84991,60 TEATIME FAIRY CAKE CASES,24.0,12/8/10 16:49,0.55,12433
537868,84992,72 SWEETHEART FAIRY CAKE CASES,24.0,12/8/10 16:49,0.55,12433
537868,21213,PACK OF 72 SKULL CAKE CASES,24.0,12/8/10 16:49,0.55,12433
537868,21977,PACK OF 60 PINK PAISLEY CAKE CASES,24.0,12/8/10 16:49,0.55,12433
537868,21212,PACK OF 72 RETROSPOT CAKE CASES,24.0,12/8/10 16:49,0.55,12433
537868,22198,LARGE POPCORN HOLDER,50.0,12/8/10 16:49,1.45,12433
537868,22197,SMALL POPCORN HOLDER,72.0,12/8/10 16:49,0.85,12433
537868,22315,200 RED + WHITE BENDY STRAWS,12.0,12/8/10 16:49,1.25,12433
537868,22667,RECIPE BOX RETROSPOT,12.0,12/8/10 16:49,2.95,12433
537868,22666,RECIPE BOX PANTRY YELLOW DESIGN,12.0,12/8/10 16:49,2.95,12433
537868,22665,RECIPE BOX BLUE SKETCHBOOK DESIGN,12.0,12/8/10 16:49,2.95,12433
537868,22558,CLOTHES PEGS RETROSPOT PACK 24,24.0,12/8/10 16:49,1.49,12433
537868,22567,20 DOLLY PEGS RETROSPOT,24.0,12/8/10 16:49,1.25,12433
537868,85150,LADIES & GENTLEMEN METAL SIGN,12.0,12/8/10 16:49,2.55,12433
537868,21166,COOK WITH WINE METAL SIGN,12.0,12/8/10 16:49,1.95,12433
537868,21733,RED HANGING HEART T-LIGHT HOLDER,6.0,12/8/10 16:49,2.95,12433
537868,22690,DOORMAT HOME SWEET HOME BLUE,2.0,12/8/10 16:49,7.95,12433
537868,20685,DOORMAT RED RETROSPOT,2.0,12/8/10 16:49,7.95,12433
537868,22842,BISCUIT TIN VINTAGE RED,6.0,12/8/10 16:49,6.75,12433
537868,22494,EMERGENCY FIRST AID TIN,24.0,12/8/10 16:49,1.25,12433
537868,21260,FIRST AID TIN,12.0,12/8/10 16:49,3.25,12433
537868,22626,BLACK KITCHEN SCALES,2.0,12/8/10 16:49,8.5,12433
537868,22625,RED KITCHEN SCALES,2.0,12/8/10 16:49,8.5,12433
537868,22624,IVORY KITCHEN SCALES,2.0,12/8/10 16:49,8.5,12433
537868,22413,METAL SIGN TAKE IT OR LEAVE IT,12.0,12/8/10 16:49,2.95,12433
537868,82600,NO SINGING METAL SIGN,24.0,12/8/10 16:49,2.1,12433
537868,84692,BOX OF 24 COCKTAIL PARASOLS,50.0,12/8/10 16:49,0.42,12433
537868,22899,CHILDREN'S APRON DOLLY GIRL,8.0,12/8/10 16:49,2.1,12433
537868,21156,RETROSPOT CHILDRENS APRON,8.0,12/8/10 16:49,1.95,12433
537868,22556,PLASTERS IN TIN CIRCUS PARADE,24.0,12/8/10 16:49,1.65,12433
537868,22555,PLASTERS IN TIN STRONGMAN,36.0,12/8/10 16:49,1.65,12433
537868,22554,PLASTERS IN TIN WOODLAND ANIMALS,24.0,12/8/10 16:49,1.65,12433
537868,22553,PLASTERS IN TIN SKULLS,24.0,12/8/10 16:49,1.65,12433
537868,22551,PLASTERS IN TIN SPACEBOY,24.0,12/8/10 16:49,1.65,12433
537868,22547,MINI JIGSAW DINOSAUR,24.0,12/8/10 16:49,0.42,12433
537868,22544,MINI JIGSAW SPACEBOY,24.0,12/8/10 16:49,0.42,12433
537868,22543,MINI JIGSAW BAKE A CAKE,24.0,12/8/10 16:49,0.42,12433
537868,22540,MINI JIGSAW CIRCUS PARADE,24.0,12/8/10 16:49,0.42,12433
537868,22539,MINI JIGSAW DOLLY GIRL,24.0,12/8/10 16:49,0.42,12433
543037,21908,CHOCOLATE THIS WAY METAL SIGN,12.0,2/2/11 16:01,2.1,12350
543037,22412,METAL SIGN NEIGHBOURHOOD WITCH,12.0,2/2/11 16:01,2.1,12350
543037,,RETRO MOD TRAY,10.0,2/2/11 16:01,0.85,12350
543037,,RETRO PLASTIC ELEPHANT TRAY,12.0,2/2/11 16:01,0.85,12350
543037,22348,TEA BAG PLATE RED RETROSPOT,24.0,2/2/11 16:01,0.85,12350
543037,,PINK/PURPLE RETRO RADIO,6.0,2/2/11 16:01,2.95,12350
543037,22551,PLASTERS IN TIN SPACEBOY,12.0,2/2/11 16:01,1.65,12350
543037,22557,PLASTERS IN TIN VINTAGE PAISLEY,12.0,2/2/11 16:01,1.65,12350
543037,21832,CHOCOLATE CALCULATOR,12.0,2/2/11 16:01,1.65,12350
543037,21915,RED  HARMONICA IN BOX,12.0,2/2/11 16:01,1.25,12350
543037,22620,4 TRADITIONAL SPINNING TOPS,12.0,2/2/11 16:01,1.25,12350
543037,21171,BATHROOM METAL SIGN,12.0,2/2/11 16:01,1.45,12350
543037,,POSTAGE,1.0,2/2/11 16:01,40.0,12350
543037,21864,UNION JACK FLAG PASSPORT COVER,12.0,2/2/11 16:01,2.1,12350
543037,21866,UNION JACK FLAG LUGGAGE TAG,12.0,2/2/11 16:01,1.25,12350
543037,20652,BLUE POLKADOT LUGGAGE TAG,12.0,2/2/11 16:01,1.25,12350
543037,20615,BLUE POLKADOT PASSPORT COVER,12.0,2/2/11 16:01,2.1,12350
544156,21380,WOODEN HAPPY BIRTHDAY GARLAND,6.0,2/16/11 12:33,2.95,12352
544156,22064,PINK DOUGHNUT TRINKET POT,12.0,2/16/11 12:33,1.65,12352
544156,21232,STRAWBERRY CERAMIC TRINKET BOX,12.0,2/16/11 12:33,1.25,12352
544156,22646,CERAMIC STRAWBERRY CAKE MONEY BANK,12.0,2/16/11 12:33,1.45,12352
544156,22779,WOODEN OWLS LIGHT GARLAND,4.0,2/16/11 12:33,4.25,12352
544156,22423,REGENCY CAKESTAND 3 TIER,3.0,2/16/11 12:33,12.75,12352
544156,22654,DELUXE SEWING KIT,3.0,2/16/11 12:33,5.95,12352
544156,22120,WELCOME  WOODEN BLOCK LETTERS,3.0,2/16/11 12:33,9.95,12352
544156,21755,LOVE BUILDING BLOCK WORD,3.0,2/16/11 12:33,5.95,12352
544156,21756,BATH BUILDING BLOCK WORD,3.0,2/16/11 12:33,5.95,12352
544156,21754,HOME BUILDING BLOCK WORD,3.0,2/16/11 12:33,5.95,12352
544156,22853,CAT BOWL VINTAGE CREAM,6.0,2/16/11 12:33,3.25,12352
544156,21700,BIG DOUGHNUT FRIDGE MAGNETS,12.0,2/16/11 12:33,0.85,12352
544156,22630,DOLLY GIRL LUNCH BOX,12.0,2/16/11 12:33,1.95,12352
544156,22780,LIGHT GARLAND BUTTERFILES PINK,4.0,2/16/11 12:33,4.25,12352
545323,,POSTAGE,1.0,3/1/11 14:57,40.0,12352
545323,22654,DELUXE SEWING KIT,6.0,3/1/11 14:57,5.95,12352
545323,84050,PINK HEART SHAPE EGG FRYING PAN,12.0,3/1/11 14:57,1.65,12352
545323,22138,BAKING SET 9 PIECE RETROSPOT,3.0,3/1/11 14:57,4.95,12352
545323,22844,VINTAGE CREAM DOG FOOD CONTAINER,4.0,3/1/11 14:57,8.5,12352
,,Manual,-1.0,3/1/11 15:47,280.05,12352
,,Manual,-1.0,3/1/11 15:47,183.75,12352
,,Manual,-1.0,3/1/11 15:49,376.5,12352
545332,,Manual,1.0,3/1/11 15:52,376.5,12352
545332,,Manual,1.0,3/1/11 15:52,280.05,12352
545332,,Manual,1.0,3/1/11 15:52,183.75,12352
546869,22645,CERAMIC HEART FAIRY CAKE MONEY BANK,12.0,3/17/11 16:00,1.45,12352
546869,37448,CERAMIC CAKE DESIGN SPOTTED MUG,12.0,3/17/11 16:00,1.49,12352
546869,21914,BLUE HARMONICA IN BOX,12.0,3/17/11 16:00,1.25,12352
546869,22701,PINK DOG BOWL,6.0,3/17/11 16:00,2.95,12352
546869,84050,PINK HEART SHAPE EGG FRYING PAN,12.0,3/17/11 16:00,1.65,12352
546869,22784,LANTERN CREAM GAZEBO,3.0,3/17/11 16:00,4.95,12352
546869,22413,METAL SIGN TAKE IT OR LEAVE IT,6.0,3/17/11 16:00,2.95,12352
,84050,PINK HEART SHAPE EGG FRYING PAN,-12.0,3/22/11 16:07,1.65,12352
,37448,CERAMIC CAKE DESIGN SPOTTED MUG,-12.0,3/22/11 16:07,1.49,12352
,22784,LANTERN CREAM GAZEBO,-3.0,3/22/11 16:07,4.95,12352
,22701,PINK DOG BOWL,-6.0,3/22/11 16:07,2.95,12352
,22645,CERAMIC HEART FAIRY CAKE MONEY BANK,-12.0,3/22/11 16:07,1.45,12352
,22413,METAL SIGN TAKE IT OR LEAVE IT,-6.0,3/22/11 16:07,2.95,12352
,21914,BLUE HARMONICA IN BOX,-12.0,3/22/11 16:07,1.25,12352
547390,,POSTAGE,1.0,3/22/11 16:08,40.0,12352
547390,84050,PINK HEART SHAPE EGG FRYING PAN,12.0,3/22/11 16:08,1.65,12352
547390,37448,CERAMIC CAKE DESIGN SPOTTED MUG,12.0,3/22/11 16:08,1.49,12352
547390,22784,LANTERN CREAM GAZEBO,3.0,3/22/11 16:08,4.95,12352
547390,22701,PINK DOG BOWL,6.0,3/22/11 16:08,2.95,12352
547390,22645,CERAMIC HEART FAIRY CAKE MONEY BANK,12.0,3/22/11 16:08,1.45,12352
547390,22413,METAL SIGN TAKE IT OR LEAVE IT,6.0,3/22/11 16:08,2.95,12352
547390,21914,BLUE HARMONICA IN BOX,12.0,3/22/11 16:08,1.25,12352
557472,21750,LARGE SKULL WINDMILL,24.0,6/20/11 13:27,2.1,12432
557472,,PINK HAPPY BIRTHDAY BUNTING,3.0,6/20/11 13:27,5.45,12432
557472,,BLUE HAPPY BIRTHDAY BUNTING,3.0,6/20/11 13:27,5.45,12432
557472,23049,RECYCLED ACAPULCO MAT RED,6.0,6/20/11 13:27,8.25,12432
557472,23051,RECYCLED ACAPULCO MAT BLUE,6.0,6/20/11 13:27,8.25,12432
557472,23053,RECYCLED ACAPULCO MAT PINK,6.0,6/20/11 13:27,8.25,12432
557472,23050,RECYCLED ACAPULCO MAT GREEN,6.0,6/20/11 13:27,8.25,12432
557472,23052,RECYCLED ACAPULCO MAT TURQUOISE,6.0,6/20/11 13:27,8.25,12432
557472,23054,RECYCLED ACAPULCO MAT LAVENDER,6.0,6/20/11 13:27,8.25,12432
557472,22892,SET OF SALT AND PEPPER TOADSTOOLS,12.0,6/20/11 13:27,1.25,12432
557472,22635,CHILDS BREAKFAST SET DOLLY GIRL,16.0,6/20/11 13:27,8.5,12432
557472,22634,CHILDS BREAKFAST SET SPACEBOY,16.0,6/20/11 13:27,8.5,12432
557472,22636,CHILDS BREAKFAST SET CIRCUS PARADE,16.0,6/20/11 13:27,7.65,12432
557472,79321,CHILLI LIGHTS,12.0,6/20/11 13:27,5.75,12432
557472,22468,BABUSHKA LIGHTS STRING OF 10,12.0,6/20/11 13:27,6.75,12432
557472,22179,SET 10 NIGHT OWL LIGHTS,12.0,6/20/11 13:27,6.75,12432
557472,21731,RED TOADSTOOL LED NIGHT LIGHT,36.0,6/20/11 13:27,1.65,12432
557472,21563,RED HEART SHAPE LOVE BUCKET,12.0,6/20/11 13:27,2.95,12432
557472,21564,PINK  HEART SHAPE LOVE BUCKET,12.0,6/20/11 13:27,2.95,12432
557472,84077,WORLD WAR 2 GLIDERS ASSTD DESIGNS,48.0,6/20/11 13:27,0.29,12432
557472,22390,PAPERWEIGHT CHILDHOOD MEMORIES,24.0,6/20/11 13:27,2.55,12432
557472,20700,GREEN CAT FLORAL CUSHION COVER,4.0,6/20/11 13:27,3.75,12432
557472,21622,VINTAGE UNION JACK CUSHION COVER,4.0,6/20/11 13:27,4.95,12432
557472,22354,RETROSPOT PADDED SEAT CUSHION,20.0,6/20/11 13:27,3.75,12432
557472,21715,GIRLS VINTAGE TIN SEASIDE BUCKET,8.0,6/20/11 13:27,2.55,12432
557472,21716,BOYS VINTAGE TIN SEASIDE BUCKET,8.0,6/20/11 13:27,2.55,12432
557472,22619,SET OF 6 SOLDIER SKITTLES,16.0,6/20/11 13:27,3.75,12432
557472,22617,BAKING SET SPACEBOY DESIGN,9.0,6/20/11 13:27,4.95,12432
557472,22138,BAKING SET 9 PIECE RETROSPOT,9.0,6/20/11 13:27,4.95,12432
557472,,CARROT CHARLIE+LOLA COASTER SET,48.0,6/20/11 13:27,1.25,12432
557472,,BLUE CHARLIE+LOLA PERSONAL DOORSIGN,24.0,6/20/11 13:27,2.95,12432
557472,,TOMATO CHARLIE+LOLA COASTER SET,48.0,6/20/11 13:27,1.25,12432
557472,,RED CHARLIE+LOLA PERSONAL DOORSIGN,24.0,6/20/11 13:27,2.95,12432
557472,22972,CHILDREN'S SPACEBOY MUG,48.0,6/20/11 13:27,1.45,12432
557472,22975,SPACEBOY CHILDRENS EGG CUP,48.0,6/20/11 13:27,1.25,12432
557472,23256,CHILDRENS CUTLERY SPACEBOY,24.0,6/20/11 13:27,4.15,12432
557472,22690,DOORMAT HOME SWEET HOME BLUE,2.0,6/20/11 13:27,7.95,12432
557472,20701,PINK CAT FLORAL CUSHION COVER,4.0,6/20/11 13:27,3.75,12432
557472,23192,BUNDLE OF 3 ALPHABET EXERCISE BOOKS,12.0,6/20/11 13:27,1.65,12432
557472,23214,JINGLE BELL HEART ANTIQUE GOLD,12.0,6/20/11 13:27,2.08,12432
557472,21194,PINK  HONEYCOMB PAPER FAN,12.0,6/20/11 13:27,0.65,12432
557472,21208,PASTEL COLOUR HONEYCOMB FAN,12.0,6/20/11 13:27,0.39,12432
557472,21209,MULTICOLOUR HONEYCOMB FAN,12.0,6/20/11 13:27,0.39,12432
557472,21394,RED POLKADOT BEAKER,48.0,6/20/11 13:27,0.39,12432
557472,21395,BLUE POLKADOT BEAKER,48.0,6/20/11 13:27,0.39,12432
557472,22232,JIGSAW TOADSTOOLS 3 PIECE,32.0,6/20/11 13:27,0.59,12432
557472,35933,PINK STOCKING CHRISTMAS DECORATION,30.0,6/20/11 13:27,0.38,12432
557472,,CHARLIE AND LOLA FIGURES TINS,36.0,6/20/11 13:27,1.95,12432
557472,,CHARLIE & LOLA WASTEPAPER BIN BLUE,36.0,6/20/11 13:27,1.25,12432
557472,,CHARLIE & LOLA WASTEPAPER BIN FLORA,36.0,6/20/11 13:27,1.25,12432
557472,22371,AIRLINE BAG VINTAGE TOKYO 78,4.0,6/20/11 13:27,4.25,12432
557472,22372,AIRLINE BAG VINTAGE WORLD CHAMPION,4.0,6/20/11 13:27,4.25,12432
557472,20712,JUMBO BAG WOODLAND ANIMALS,10.0,6/20/11 13:27,2.08,12432
557472,21033,JUMBO BAG CHARLIE AND LOLA TOYS,10.0,6/20/11 13:27,2.08,12432
557472,20719,WOODLAND CHARLOTTE BAG,10.0,6/20/11 13:27,0.85,12432
557472,22661,CHARLOTTE BAG DOLLY GIRL DESIGN,10.0,6/20/11 13:27,0.85,12432
557472,84832,ZINC WILLIE WINKIE  CANDLE STICK,12.0,6/20/11 13:27,0.85,12432
557472,,SET/4 WHITE RETRO STORAGE CUBES,4.0,6/20/11 13:27,34.95,12432
557472,22929,SCHOOL DESK AND CHAIR,2.0,6/20/11 13:27,65.0,12432
557472,,BLUE POLKADOT GARDEN PARASOL,6.0,6/20/11 13:27,7.95,12432
557472,21922,UNION STRIPE WITH FRINGE  HAMMOCK,2.0,6/20/11 13:27,7.95,12432
557472,21749,LARGE RED RETROSPOT WINDMILL,48.0,6/20/11 13:27,1.85,12432
557474,21672,WHITE SPOT RED CERAMIC DRAWER KNOB,48.0,6/20/11 13:29,1.25,12432
557474,21668,RED STRIPE CERAMIC DRAWER KNOB,12.0,6/20/11 13:29,1.25,12432
557474,21670,BLUE SPOT CERAMIC DRAWER KNOB,12.0,6/20/11 13:29,1.25,12432
557474,22773,GREEN DRAWER KNOB ACRYLIC EDWARDIAN,12.0,6/20/11 13:29,1.25,12432
557474,22771,CLEAR DRAWER KNOB ACRYLIC EDWARDIAN,12.0,6/20/11 13:29,1.25,12432
557474,22805,BLUE DRAWER KNOB ACRYLIC EDWARDIAN,12.0,6/20/11 13:29,1.25,12432
557474,21115,ROSE CARAVAN DOORSTOP,10.0,6/20/11 13:29,6.75,12432
557474,22053,EMPIRE DESIGN ROSETTE,10.0,6/20/11 13:29,1.25,12432
557474,22505,MEMO BOARD COTTAGE DESIGN,12.0,6/20/11 13:29,4.95,12432
557474,22371,AIRLINE BAG VINTAGE TOKYO 78,4.0,6/20/11 13:29,4.25,12432
557474,21788,KIDS RAIN MAC BLUE,48.0,6/20/11 13:29,0.85,12432
557474,21789,KIDS RAIN MAC PINK,48.0,6/20/11 13:29,0.85,12432
557474,21787,RAIN PONCHO RETROSPOT,96.0,6/20/11 13:29,0.85,12432
557621,22761,CHEST 7 DRAWER MA CAMPAGNE,3.0,6/21/11 14:00,24.95,12444
557621,22762,CUPBOARD 3 DRAWER MA CAMPAGNE,3.0,6/21/11 14:00,14.95,12444
557621,23110,PARISIENNE KEY CABINET,2.0,6/21/11 14:00,5.75,12444
557621,23112,PARISIENNE CURIO CABINET,2.0,6/21/11 14:00,7.5,12444
557621,22782,SET 3 WICKER STORAGE BASKETS,1.0,6/21/11 14:00,24.95,12444
557621,21745,GAOLERS KEYS DECORATIVE GARDEN,4.0,6/21/11 14:00,3.75,12444
557621,22485,SET OF 2 WOODEN MARKET CRATES,2.0,6/21/11 14:00,12.75,12444
557621,20847,ZINC HEART LATTICE CHARGER LARGE,4.0,6/21/11 14:00,3.75,12444
557621,22430,ENAMEL WATERING CAN CREAM,4.0,6/21/11 14:00,4.95,12444
557621,21257,VICTORIAN SEWING BOX MEDIUM,2.0,6/21/11 14:00,7.95,12444
557621,84819,DANISH ROSE ROUND SEWING BOX,3.0,6/21/11 14:00,4.25,12444
557621,82484,WOOD BLACK BOARD ANT WHITE FINISH,2.0,6/21/11 14:00,7.95,12444
557621,22457,NATURAL SLATE HEART CHALKBOARD,6.0,6/21/11 14:00,2.95,12444
557621,22770,MIRROR CORNICE,2.0,6/21/11 14:00,14.95,12444
557621,22170,PICTURE FRAME WOOD TRIPLE PORTRAIT,4.0,6/21/11 14:00,6.75,12444
557621,82482,WOODEN PICTURE FRAME WHITE FINISH,6.0,6/21/11 14:00,2.55,12444
557621,22169,FAMILY ALBUM WHITE PICTURE FRAME,2.0,6/21/11 14:00,8.5,12444
557621,21135,VICTORIAN  METAL POSTCARD SPRING,8.0,6/21/11 14:00,1.69,12444
557621,84879,ASSORTED COLOUR BIRD ORNAMENT,8.0,6/21/11 14:00,1.69,12444
557621,21770,OPEN CLOSED METAL SIGN,2.0,6/21/11 14:00,4.95,12444
557621,22914,BLUE COAT RACK PARIS FASHION,3.0,6/21/11 14:00,4.95,12444
557621,23164,REGENCY CAKE SLICE,8.0,6/21/11 14:00,4.95,12444
557621,23160,REGENCY TEA SPOON,24.0,6/21/11 14:00,1.25,12444
557621,22423,REGENCY CAKESTAND 3 TIER,5.0,6/21/11 14:00,12.75,12444
557621,84817,DANISH ROSE DECORATIVE PLATE,6.0,6/21/11 14:00,2.1,12444
557621,,CHERRY BLOSSOM  DECORATIVE FLASK,4.0,6/21/11 14:00,3.75,12444
557621,22426,ENAMEL WASH BOWL CREAM,4.0,6/21/11 14:00,3.75,12444
557621,22429,ENAMEL MEASURING JUG CREAM,4.0,6/21/11 14:00,4.25,12444
557621,22427,ENAMEL FLOWER JUG CREAM,3.0,6/21/11 14:00,5.95,12444
557621,85054,FRENCH ENAMEL POT W LID,6.0,6/21/11 14:00,2.95,12444
557621,23252,VINTAGE RED ENAMEL TRIM JUG,4.0,6/21/11 14:00,3.75,12444
557621,,SET/3 DECOUPAGE STACKING TINS,3.0,6/21/11 14:00,4.95,12444
557621,,ENAMEL PINK COFFEE CONTAINER,12.0,6/21/11 14:00,0.83,12444
557621,22931,BAKING MOULD HEART WHITE CHOCOLATE,6.0,6/21/11 14:00,2.55,12444
557621,22843,BISCUIT TIN VINTAGE GREEN,2.0,6/21/11 14:00,6.75,12444
557621,22842,BISCUIT TIN VINTAGE RED,2.0,6/21/11 14:00,6.75,12444
557621,22494,EMERGENCY FIRST AID TIN,12.0,6/21/11 14:00,1.25,12444
557621,21906,PHARMACIE FIRST AID TIN,2.0,6/21/11 14:00,6.75,12444
557621,22424,ENAMEL BREAD BIN CREAM,2.0,6/21/11 14:00,12.75,12444
557621,22847,BREAD BIN DINER STYLE IVORY,2.0,6/21/11 14:00,16.95,12444
557621,22849,BREAD BIN DINER STYLE MINT,2.0,6/21/11 14:00,16.95,12444
557621,22624,IVORY KITCHEN SCALES,4.0,6/21/11 14:00,8.5,12444
557621,22627,MINT KITCHEN SCALES,4.0,6/21/11 14:00,8.5,12444
557621,22626,BLACK KITCHEN SCALES,2.0,6/21/11 14:00,8.5,12444
557621,22625,RED KITCHEN SCALES,2.0,6/21/11 14:00,8.5,12444
557621,21682,LARGE MEDINA STAMPED METAL BOWL,4.0,6/21/11 14:00,4.95,12444
557621,84820,DANISH ROSE TRINKET TRAYS,2.0,6/21/11 14:00,5.95,12444
557621,,CHARLIE AND LOLA FIGURES TINS,12.0,6/21/11 14:00,1.95,12444
557621,22495,SET OF 2 ROUND TINS CAMEMBERT,6.0,6/21/11 14:00,2.95,12444
557621,23165,LARGE CERAMIC TOP STORAGE JAR,12.0,6/21/11 14:00,1.65,12444
557621,23169,CLASSIC GLASS COOKIE JAR,6.0,6/21/11 14:00,4.15,12444
557621,,POLYESTER FILLER PAD 45x45cm,12.0,6/21/11 14:00,1.55,12444
557621,20840,FRENCH FLORAL CUSHION COVER,12.0,6/21/11 14:00,0.85,12444
557621,21889,WOODEN BOX OF DOMINOES,12.0,6/21/11 14:00,1.25,12444
557621,21704,BAG 250g SWIRLY MARBLES,12.0,6/21/11 14:00,0.85,12444
557621,21915,RED  HARMONICA IN BOX,12.0,6/21/11 14:00,1.25,12444
557621,22697,GREEN REGENCY TEACUP AND SAUCER,12.0,6/21/11 14:00,2.95,12444
557621,22698,PINK REGENCY TEACUP AND SAUCER,12.0,6/21/11 14:00,2.95,12444
557621,23171,REGENCY TEA PLATE GREEN,12.0,6/21/11 14:00,1.65,12444
557621,23172,REGENCY TEA PLATE PINK,12.0,6/21/11 14:00,1.65,12444
557621,23174,REGENCY SUGAR BOWL GREEN,4.0,6/21/11 14:00,4.15,12444
557621,23175,REGENCY MILK JUG PINK,4.0,6/21/11 14:00,3.25,12444
557621,21755,LOVE BUILDING BLOCK WORD,3.0,6/21/11 14:00,5.95,12444
557621,21756,BATH BUILDING BLOCK WORD,3.0,6/21/11 14:00,5.95,12444
557621,21669,BLUE STRIPE CERAMIC DRAWER KNOB,12.0,6/21/11 14:00,1.25,12444
557621,21673,WHITE SPOT BLUE CERAMIC DRAWER KNOB,12.0,6/21/11 14:00,1.25,12444
557621,22771,CLEAR DRAWER KNOB ACRYLIC EDWARDIAN,12.0,6/21/11 14:00,1.25,12444
557621,22775,PURPLE DRAWERKNOB ACRYLIC EDWARDIAN,12.0,6/21/11 14:00,1.25,12444
557621,22805,BLUE DRAWER KNOB ACRYLIC EDWARDIAN,12.0,6/21/11 14:00,1.25,12444
557621,22772,PINK DRAWER KNOB ACRYLIC EDWARDIAN,12.0,6/21/11 14:00,1.25,12444
557621,22773,GREEN DRAWER KNOB ACRYLIC EDWARDIAN,12.0,6/21/11 14:00,1.25,12444
557621,23245,SET OF 3 REGENCY CAKE TINS,8.0,6/21/11 14:00,4.95,12444
557621,23243,SET OF TEA COFFEE SUGAR TINS PANTRY,8.0,6/21/11 14:00,4.95,12444
557621,22801,ANTIQUE GLASS PEDESTAL BOWL,4.0,6/21/11 14:00,3.75,12444
557621,23118,PARISIENNE JEWELLERY DRAWER,4.0,6/21/11 14:00,7.5,12444
557621,84843,WHITE SOAP RACK WITH 2 BOTTLES,2.0,6/21/11 14:00,5.95,12444
557621,22361,GLASS JAR DAISY FRESH COTTON WOOL,6.0,6/21/11 14:00,2.95,12444
557621,22831,WHITE BROCANTE SOAP DISH,6.0,6/21/11 14:00,2.95,12444
557621,22863,SOAP DISH BROCANTE,8.0,6/21/11 14:00,2.95,12444
557621,84832,ZINC WILLIE WINKIE  CANDLE STICK,12.0,6/21/11 14:00,0.85,12444
557621,85053,FRENCH ENAMEL CANDLEHOLDER,6.0,6/21/11 14:00,2.1,12444
557621,,SINGLE HEART ZINC T-LIGHT HOLDER,12.0,6/21/11 14:00,0.95,12444
557621,,CINAMMON SET OF 9 T-LIGHTS,12.0,6/21/11 14:00,0.85,12444
557621,22171,3 HOOK PHOTO SHELF ANTIQUE WHITE,4.0,6/21/11 14:00,8.5,12444
557621,22173,METAL 4 HOOK HANGER FRENCH CHATEAU,8.0,6/21/11 14:00,2.95,12444
557621,21735,TWO DOOR CURIO CABINET,2.0,6/21/11 14:00,12.75,12444
557621,23031,DRAWER KNOB CRACKLE GLAZE PINK,12.0,6/21/11 14:00,1.65,12444
557621,23029,DRAWER KNOB CRACKLE GLAZE GREEN,12.0,6/21/11 14:00,1.65,12444
557621,23019,SMALL APOTHECARY MEASURING JAR,4.0,6/21/11 14:00,8.25,12444
557621,23014,GLASS APOTHECARY BOTTLE ELIXIR,6.0,6/21/11 14:00,3.95,12444
557754,,POSTAGE,1.0,6/22/11 13:12,700.0,12432
560991,22554,PLASTERS IN TIN WOODLAND ANIMALS,12.0,7/22/11 13:29,1.65,12438
560991,22551,PLASTERS IN TIN SPACEBOY,12.0,7/22/11 13:29,1.65,12438
560991,22556,PLASTERS IN TIN CIRCUS PARADE,12.0,7/22/11 13:29,1.65,12438
560991,21829,DINOSAUR KEYRINGS ASSORTED,36.0,7/22/11 13:29,0.21,12438
560991,21715,GIRLS VINTAGE TIN SEASIDE BUCKET,8.0,7/22/11 13:29,2.55,12438
560991,21716,BOYS VINTAGE TIN SEASIDE BUCKET,8.0,7/22/11 13:29,2.55,12438
560991,23239,SET OF 4 KNICK KNACK TINS POPPIES,6.0,7/22/11 13:29,4.15,12438
560991,23241,TREASURE TIN GYMKHANA DESIGN,6.0,7/22/11 13:29,2.08,12438
560991,22138,BAKING SET 9 PIECE RETROSPOT,3.0,7/22/11 13:29,4.95,12438
560991,22617,BAKING SET SPACEBOY DESIGN,3.0,7/22/11 13:29,4.95,12438
560991,,SWIRLY CIRCULAR RUBBERS IN BAG,36.0,7/22/11 13:29,0.42,12438
560991,20977,36 PENCILS TUBE WOODLAND,16.0,7/22/11 13:29,1.25,12438
560991,20979,36 PENCILS TUBE RED RETROSPOT,16.0,7/22/11 13:29,1.25,12438
560991,10135,COLOURING PENCILS BROWN TUBE,10.0,7/22/11 13:29,1.25,12438
560991,16219,HOUSE SHAPE PENCIL SHARPENER,48.0,7/22/11 13:29,0.06,12438
560991,21638,ASSORTED TUTTI FRUTTI NOTEBOOK,12.0,7/22/11 13:29,2.1,12438
560991,22753,SMALL YELLOW BABUSHKA NOTEBOOK,12.0,7/22/11 13:29,0.85,12438
560991,22467,GUMBALL COAT RACK,6.0,7/22/11 13:29,2.55,12438
560991,22212,FOUR HOOK  WHITE LOVEBIRDS,6.0,7/22/11 13:29,2.1,12438
560991,21481,FAWN BLUE HOT WATER BOTTLE,6.0,7/22/11 13:29,2.95,12438
560991,22326,ROUND SNACK BOXES SET OF4 WOODLAND,6.0,7/22/11 13:29,2.95,12438
560991,22629,SPACEBOY LUNCH BOX,12.0,7/22/11 13:29,1.95,12438
560991,22630,DOLLY GIRL LUNCH BOX,12.0,7/22/11 13:29,1.95,12438
560991,22631,CIRCUS PARADE LUNCH BOX,12.0,7/22/11 13:29,1.95,12438
560991,22636,CHILDS BREAKFAST SET CIRCUS PARADE,2.0,7/22/11 13:29,8.5,12438
560991,22635,CHILDS BREAKFAST SET DOLLY GIRL,2.0,7/22/11 13:29,9.95,12438
560991,23289,DOLLY GIRL CHILDRENS BOWL,8.0,7/22/11 13:29,1.25,12438
560991,23291,DOLLY GIRL CHILDRENS CUP,8.0,7/22/11 13:29,1.25,12438
560991,23290,SPACEBOY CHILDRENS BOWL,8.0,7/22/11 13:29,1.25,12438
560991,23292,SPACEBOY CHILDRENS CUP,8.0,7/22/11 13:29,1.25,12438
560991,23254,CHILDRENS CUTLERY DOLLY GIRL,4.0,7/22/11 13:29,4.15,12438
560991,23255,CHILDRENS CUTLERY CIRCUS PARADE,4.0,7/22/11 13:29,4.15,12438
560991,23256,CHILDRENS CUTLERY SPACEBOY,4.0,7/22/11 13:29,4.15,12438
560991,23286,BLUE VINTAGE SPOT BEAKER,8.0,7/22/11 13:29,0.85,12438
560991,23287,RED VINTAGE SPOT BEAKER,8.0,7/22/11 13:29,0.85,12438
560991,23317,BLUE REFECTORY CLOCK,2.0,7/22/11 13:29,9.95,12438
560991,21232,STRAWBERRY CERAMIC TRINKET BOX,12.0,7/22/11 13:29,1.25,12438
560991,21788,KIDS RAIN MAC BLUE,24.0,7/22/11 13:29,0.85,12438
560991,21789,KIDS RAIN MAC PINK,24.0,7/22/11 13:29,0.85,12438
560991,20750,RED RETROSPOT MINI CASES,2.0,7/22/11 13:29,7.95,12438
560991,21578,WOODLAND DESIGN  COTTON TOTE BAG,6.0,7/22/11 13:29,2.25,12438
560991,23310,BUBBLEGUM RING ASSORTED,36.0,7/22/11 13:29,0.42,12438
560991,21914,BLUE HARMONICA IN BOX,12.0,7/22/11 13:29,1.25,12438
560991,22620,4 TRADITIONAL SPINNING TOPS,12.0,7/22/11 13:29,1.45,12438
560991,22560,TRADITIONAL MODELLING CLAY,24.0,7/22/11 13:29,1.25,12438
560991,21918,SET 12 KIDS COLOUR  CHALK STICKS,24.0,7/22/11 13:29,0.42,12438
560991,21917,SET 12 KIDS  WHITE CHALK STICKS,24.0,7/22/11 13:29,0.42,12438
560991,22423,REGENCY CAKESTAND 3 TIER,1.0,7/22/11 13:29,12.75,12438
560991,,POSTAGE,3.0,7/22/11 13:29,40.0,12438
562844,22624,IVORY KITCHEN SCALES,6.0,8/10/11 8:41,8.5,12444
562844,22627,MINT KITCHEN SCALES,2.0,8/10/11 8:41,8.5,12444
562844,22625,RED KITCHEN SCALES,6.0,8/10/11 8:41,8.5,12444
562844,22626,BLACK KITCHEN SCALES,6.0,8/10/11 8:41,8.5,12444
562844,22423,REGENCY CAKESTAND 3 TIER,5.0,8/10/11 8:41,12.75,12444
562844,23245,SET OF 3 REGENCY CAKE TINS,4.0,8/10/11 8:41,4.95,12444
562844,22847,BREAD BIN DINER STYLE IVORY,3.0,8/10/11 8:41,16.95,12444
562844,22848,BREAD BIN DINER STYLE PINK,2.0,8/10/11 8:41,16.95,12444
562844,22846,BREAD BIN DINER STYLE RED,3.0,8/10/11 8:41,16.95,12444
562844,21216,"SET 3 RETROSPOT TEA,COFFEE,SUGAR",4.0,8/10/11 8:41,4.95,12444
562844,22720,SET OF 3 CAKE TINS PANTRY DESIGN,3.0,8/10/11 8:41,4.95,12444
562844,23169,CLASSIC GLASS COOKIE JAR,6.0,8/10/11 8:41,4.15,12444
562844,84879,ASSORTED COLOUR BIRD ORNAMENT,8.0,8/10/11 8:41,1.69,12444
562844,22784,LANTERN CREAM GAZEBO,3.0,8/10/11 8:41,4.95,12444
562844,,POSTAGE,7.0,8/10/11 8:41,40.0,12444
