,21216,"SET 3 RETROSPOT TEA,COFFEE,SUGAR",-1.0,8/18/11 6:36,4.25,14937
563900,,JUMBO  BAG BAROQUE BLACK WHITE,200.0,8/21/11 11:05,1.79,14566
563900,,JUMBO BAG RED RETROSPOT,200.0,8/21/11 11:05,1.79,14566
563900,23199,JUMBO BAG APPLES,200.0,8/21/11 11:05,1.79,14566
563900,22386,JUMBO BAG PINK POLKADOT,200.0,8/21/11 11:05,1.79,14566
564093,20728,LUNCH BAG CARS BLUE,10.0,8/23/11 10:29,1.65,14930
564093,20725,LUNCH BAG RED RETROSPOT,10.0,8/23/11 10:29,1.65,14930
564093,22382,LUNCH BAG SPACEBOY DESIGN,10.0,8/23/11 10:29,1.65,14930
564093,22662,LUNCH BAG DOLLY GIRL DESIGN,10.0,8/23/11 10:29,1.65,14930
564093,21080,SET/20 RED RETROSPOT PAPER NAPKINS,12.0,8/23/11 10:29,0.85,14930
564093,21094,SET/6 RED SPOTTY PAPER PLATES,12.0,8/23/11 10:29,0.85,14930
564093,21086,SET/6 RED SPOTTY PAPER CUPS,12.0,8/23/11 10:29,0.65,14930
564093,23020,GLASS  SONGBIRD STORAGE JAR,2.0,8/23/11 10:29,12.5,14930
564093,23026,DRAWER KNOB VINTAGE GLASS STAR,6.0,8/23/11 10:29,2.08,14930
564093,23092,LARGE ANTIQUE WHITE PHOTO FRAME,4.0,8/23/11 10:29,7.9,14930
564093,23343,JUMBO BAG VINTAGE CHRISTMAS,10.0,8/23/11 10:29,2.08,14930
564093,23344,JUMBO BAG 50'S CHRISTMAS,10.0,8/23/11 10:29,2.08,14930
564093,23332,IVORY WICKER HEART LARGE,12.0,8/23/11 10:29,1.65,14930
564093,23350,ROLL WRAP VINTAGE SPOT,12.0,8/23/11 10:29,1.25,14930
564093,23546,WRAP PAISLEY PARK,25.0,8/23/11 10:29,0.42,14930
564093,47566,PARTY BUNTING,4.0,8/23/11 10:29,4.95,14930
564093,22457,NATURAL SLATE HEART CHALKBOARD,6.0,8/23/11 10:29,2.95,14930
564093,,JUMBO BAG RED RETROSPOT,10.0,8/23/11 10:29,2.08,14930
564093,22763,KEY CABINET MA CAMPAGNE,2.0,8/23/11 10:29,9.95,14930
564093,22762,CUPBOARD 3 DRAWER MA CAMPAGNE,1.0,8/23/11 10:29,14.95,14930
564093,22171,3 HOOK PHOTO SHELF ANTIQUE WHITE,2.0,8/23/11 10:29,8.5,14930
564093,85066,CREAM SWEETHEART MINI CHEST,2.0,8/23/11 10:29,12.75,14930
564093,22487,WHITE WOOD GARDEN PLANT LADDER,2.0,8/23/11 10:29,9.95,14930
564093,20847,ZINC HEART LATTICE CHARGER LARGE,4.0,8/23/11 10:29,3.75,14930
564093,22113,GREY HEART HOT WATER BOTTLE,4.0,8/23/11 10:29,3.75,14930
564093,21260,FIRST AID TIN,6.0,8/23/11 10:29,3.25,14930
564093,23017,APOTHECARY MEASURING JAR,2.0,8/23/11 10:29,12.5,14930
564093,21744,SNOWFLAKE PORTABLE TABLE LIGHT,12.0,8/23/11 10:29,2.95,14930
564093,23085,ANTIQUE SILVER BAUBLE LAMP,4.0,8/23/11 10:29,10.4,14930
564093,22766,PHOTO FRAME CORNICE,8.0,8/23/11 10:29,2.95,14930
564093,22170,PICTURE FRAME WOOD TRIPLE PORTRAIT,4.0,8/23/11 10:29,6.75,14930
564093,22169,FAMILY ALBUM WHITE PICTURE FRAME,2.0,8/23/11 10:29,8.5,14930
564093,22767,TRIPLE PHOTO FRAME CORNICE,2.0,8/23/11 10:29,9.95,14930
564093,22768,FAMILY PHOTO FRAME CORNICE,2.0,8/23/11 10:29,9.95,14930
564093,22796,PHOTO FRAME 3 CLASSIC HANGING,4.0,8/23/11 10:29,9.95,14930
564093,22770,MIRROR CORNICE,2.0,8/23/11 10:29,14.95,14930
564093,22185,SLATE TILE NATURAL HANGING,12.0,8/23/11 10:29,1.65,14930
564093,23068,ALUMINIUM STAMPED HEART,8.0,8/23/11 10:29,2.49,14930
564093,23067,HANGING ENGRAVED METAL HEART,2.0,8/23/11 10:29,4.15,14930
564093,22557,PLASTERS IN TIN VINTAGE PAISLEY,12.0,8/23/11 10:29,1.65,14930
564093,22466,FAIRY TALE COTTAGE NIGHTLIGHT,12.0,8/23/11 10:29,1.95,14930
564093,22760,"TRAY, BREAKFAST IN BED",4.0,8/23/11 10:29,12.75,14930
564093,22829,SWEETHEART WIRE WALL TIDY,2.0,8/23/11 10:29,9.95,14930
564093,23142,IVORY WIRE KITCHEN ORGANISER,1.0,8/23/11 10:29,10.4,14930
564093,23270,SET OF 2 CERAMIC PAINTED HEARTS,12.0,8/23/11 10:29,1.45,14930
564093,23199,JUMBO BAG APPLES,10.0,8/23/11 10:29,2.08,14930
564093,23209,LUNCH BAG VINTAGE DOILY,10.0,8/23/11 10:29,1.65,14930
564093,23203,JUMBO BAG VINTAGE DOILY,10.0,8/23/11 10:29,2.08,14930
564093,23201,JUMBO BAG ALPHABET,10.0,8/23/11 10:29,2.08,14930
564093,23206,LUNCH BAG APPLE DESIGN,10.0,8/23/11 10:29,1.65,14930
564093,23207,LUNCH BAG ALPHABET DESIGN,10.0,8/23/11 10:29,1.65,14930
564093,23208,LUNCH BAG VINTAGE LEAF DESIGN,10.0,8/23/11 10:29,1.65,14930
564093,23080,RED METAL BOX TOP SECRET,2.0,8/23/11 10:29,8.25,14930
564093,23307,SET OF 60 PANTRY DESIGN CAKE CASES,24.0,8/23/11 10:29,0.55,14930
564093,23202,JUMBO BAG VINTAGE LEAF,10.0,8/23/11 10:29,2.08,14930
564095,22712,CARD DOLLY GIRL,12.0,8/23/11 10:31,0.42,14930
564095,23254,KIDS CUTLERY DOLLY GIRL,4.0,8/23/11 10:31,4.15,14930
564095,23256,KIDS CUTLERY SPACEBOY,4.0,8/23/11 10:31,4.15,14930
564095,23080,RED METAL BOX TOP SECRET,2.0,8/23/11 10:31,8.25,14930
564095,23081,GREEN METAL BOX TOP SECRET,2.0,8/23/11 10:31,8.25,14930
564095,23015,CORDIAL JUG,2.0,8/23/11 10:31,8.25,14930
564095,23240,SET OF 4 KNICK KNACK TINS DOILEY,6.0,8/23/11 10:31,4.15,14930
564095,23236,DOILEY BISCUIT TIN,6.0,8/23/11 10:31,2.89,14930
564095,23032,DOORKNOB CRACKED GLAZE IVORY,6.0,8/23/11 10:31,1.65,14930
564095,23032,DOORKNOB CRACKED GLAZE IVORY,6.0,8/23/11 10:31,1.65,14930
564095,23092,LARGE ANTIQUE WHITE PHOTO FRAME,2.0,8/23/11 10:31,7.9,14930
564150,21988,PACK OF 6 SKULL PAPER PLATES,36.0,8/23/11 12:30,0.85,14936
564150,21989,PACK OF 20 SKULL PAPER NAPKINS,24.0,8/23/11 12:30,0.85,14936
564150,21987,PACK OF 6 SKULL PAPER CUPS,24.0,8/23/11 12:30,0.65,14936
564150,21094,SET/6 RED SPOTTY PAPER PLATES,24.0,8/23/11 12:30,0.85,14936
564150,47566,PARTY BUNTING,24.0,8/23/11 12:30,4.95,14936
564150,22951,60 CAKE CASES DOLLY GIRL DESIGN,24.0,8/23/11 12:30,0.55,14936
564150,22151,PLACE SETTING WHITE HEART,24.0,8/23/11 12:30,0.42,14936
564150,21967,PACK OF 12 SKULL TISSUES,24.0,8/23/11 12:30,0.29,14936
564150,21584,RETROSPOT SMALL TUBE MATCHES,20.0,8/23/11 12:30,1.65,14936
564150,22085,PAPER CHAIN KIT SKULLS,18.0,8/23/11 12:30,2.95,14936
564150,21086,SET/6 RED SPOTTY PAPER CUPS,12.0,8/23/11 12:30,0.65,14936
564150,22980,PANTRY SCRUBBING BRUSH,12.0,8/23/11 12:30,1.65,14936
564150,22963,JAM JAR WITH GREEN LID,12.0,8/23/11 12:30,0.85,14936
564150,22907,PACK OF 20 NAPKINS PANTRY DESIGN,12.0,8/23/11 12:30,0.85,14936
564150,22423,REGENCY CAKESTAND 3 TIER,12.0,8/23/11 12:30,12.75,14936
564150,21973,SET OF 36 MUSHROOM PAPER DOILIES,12.0,8/23/11 12:30,1.45,14936
564150,21080,SET/20 RED RETROSPOT PAPER NAPKINS,12.0,8/23/11 12:30,0.85,14936
564150,84836,ZINC METAL HEART DECORATION,12.0,8/23/11 12:30,1.25,14936
564150,20828,GLITTER BUTTERFLY CLIPS,12.0,8/23/11 12:30,2.55,14936
564150,84978,HANGING HEART JAR T-LIGHT HOLDER,12.0,8/23/11 12:30,1.25,14936
564150,,HANGING HEART ZINC T-LIGHT HOLDER,12.0,8/23/11 12:30,0.85,14936
564150,,SINGLE HEART ZINC T-LIGHT HOLDER,12.0,8/23/11 12:30,0.95,14936
564150,22384,LUNCH BAG PINK POLKADOT,10.0,8/23/11 12:30,1.65,14936
564150,20727,LUNCH BAG  BLACK SKULL.,10.0,8/23/11 12:30,1.65,14936
564150,20725,LUNCH BAG RED RETROSPOT,10.0,8/23/11 12:30,1.65,14936
564150,,JUMBO BAG STRAWBERRY,10.0,8/23/11 12:30,2.08,14936
564150,,JUMBO BAG RED RETROSPOT,10.0,8/23/11 12:30,2.08,14936
564150,21929,JUMBO BAG PINK VINTAGE PAISLEY,10.0,8/23/11 12:30,2.08,14936
564150,21928,JUMBO BAG SCANDINAVIAN BLUE PAISLEY,10.0,8/23/11 12:30,2.08,14936
564150,22930,BAKING MOULD HEART MILK CHOCOLATE,6.0,8/23/11 12:30,2.55,14936
564150,22090,PAPER BUNTING RETROSPOT,6.0,8/23/11 12:30,2.95,14936
564150,21621,VINTAGE UNION JACK BUNTING,6.0,8/23/11 12:30,8.5,14936
564150,21535,RED RETROSPOT SMALL MILK JUG,6.0,8/23/11 12:30,2.55,14936
564150,20914,SET/5 RED RETROSPOT LID GLASS BOWLS,6.0,8/23/11 12:30,2.95,14936
564150,22377,BOTTLE BAG RETROSPOT,5.0,8/23/11 12:30,2.1,14936
564150,22083,PAPER CHAIN KIT RETROSPOT,6.0,8/23/11 12:30,2.95,14936
564150,21936,RED RETROSPOT PICNIC BAG,5.0,8/23/11 12:30,2.95,14936
564150,21933,PINK VINTAGE PAISLEY PICNIC BAG,5.0,8/23/11 12:30,2.95,14936
564150,21932,SCANDINAVIAN PAISLEY PICNIC BAG,5.0,8/23/11 12:30,2.95,14936
564150,48194,DOORMAT HEARTS,4.0,8/23/11 12:30,7.95,14936
564150,48188,DOORMAT WELCOME PUPPIES,4.0,8/23/11 12:30,7.95,14936
564150,48187,DOORMAT NEW ENGLAND,4.0,8/23/11 12:30,7.95,14936
564150,48185,DOORMAT FAIRY CAKE,4.0,8/23/11 12:30,7.95,14936
564150,48184,DOORMAT ENGLISH ROSE,4.0,8/23/11 12:30,7.95,14936
564150,48129,DOORMAT TOPIARY,4.0,8/23/11 12:30,7.95,14936
564150,48111,DOORMAT 3 SMILEY CATS,4.0,8/23/11 12:30,7.95,14936
564150,22692,DOORMAT WELCOME TO OUR HOME,4.0,8/23/11 12:30,7.95,14936
564150,22624,IVORY KITCHEN SCALES,4.0,8/23/11 12:30,8.5,14936
564150,21955,DOORMAT UNION JACK GUNS AND ROSES,4.0,8/23/11 12:30,7.95,14936
564150,20685,DOORMAT RED RETROSPOT,4.0,8/23/11 12:30,7.95,14936
564150,,BLUE HAPPY BIRTHDAY BUNTING,3.0,8/23/11 12:30,5.45,14936
564150,21533,RETROSPOT LARGE MILK JUG,3.0,8/23/11 12:30,4.95,14936
564150,22607,WOODEN ROUNDERS GARDEN SET,2.0,8/23/11 12:30,9.95,14936
564150,22606,WOODEN SKITTLES GARDEN SET,2.0,8/23/11 12:30,15.95,14936
564150,22192,BLUE DINER WALL CLOCK,2.0,8/23/11 12:30,8.5,14936
564150,22690,DOORMAT HOME SWEET HOME BLUE,2.0,8/23/11 12:30,7.95,14936
564150,21115,ROSE CARAVAN DOORSTOP,2.0,8/23/11 12:30,6.75,14936
567197,23118,PARISIENNE JEWELLERY DRAWER,2.0,9/19/11 10:10,7.5,14934
567197,23111,PARISIENNE SEWING BOX,2.0,9/19/11 10:10,12.5,14934
567197,23110,PARISIENNE KEY CABINET,2.0,9/19/11 10:10,5.75,14934
567197,23112,PARISIENNE CURIO CABINET,2.0,9/19/11 10:10,7.5,14934
567197,23089,GLASS BON BON JAR,12.0,9/19/11 10:10,1.65,14934
567197,23240,SET OF 4 KNICK KNACK TINS DOILEY,6.0,9/19/11 10:10,4.15,14934
567197,23080,RED METAL BOX TOP SECRET,2.0,9/19/11 10:10,8.25,14934
567197,23280,FOLDING MIRROR HOT PINK,12.0,9/19/11 10:10,0.83,14934
567197,85150,LADIES & GENTLEMEN METAL SIGN,24.0,9/19/11 10:10,2.55,14934
567197,22727,ALARM CLOCK BAKELIKE RED,12.0,9/19/11 10:10,3.75,14934
567197,22667,RECIPE BOX RETROSPOT,6.0,9/19/11 10:10,2.95,14934
567197,22485,SET OF 2 WOODEN MARKET CRATES,4.0,9/19/11 10:10,12.75,14934
567197,22197,SMALL POPCORN HOLDER,48.0,9/19/11 10:10,0.85,14934
567197,22741,FUNKY DIVA PEN,96.0,9/19/11 10:10,0.85,14934
567197,22077,6 RIBBONS RUSTIC CHARM,12.0,9/19/11 10:10,1.65,14934
567197,21181,PLEASE ONE PERSON METAL SIGN,12.0,9/19/11 10:10,2.1,14934
567197,21166,COOK WITH WINE METAL SIGN,12.0,9/19/11 10:10,2.08,14934
567197,22739,RIBBON REEL CHRISTMAS SOCK BAUBLE,10.0,9/19/11 10:10,1.65,14934
567197,22738,RIBBON REEL SNOWY VILLAGE,10.0,9/19/11 10:10,1.65,14934
567197,22734,SET OF 6 RIBBONS VINTAGE CHRISTMAS,6.0,9/19/11 10:10,2.89,14934
567197,84692,BOX OF 24 COCKTAIL PARASOLS,25.0,9/19/11 10:10,0.42,14934
567197,22423,REGENCY CAKESTAND 3 TIER,2.0,9/19/11 10:10,12.75,14934
567197,21754,HOME BUILDING BLOCK WORD,6.0,9/19/11 10:10,6.25,14934
567197,21755,LOVE BUILDING BLOCK WORD,3.0,9/19/11 10:10,6.25,14934
567197,21314,SMALL GLASS HEART TRINKET POT,8.0,9/19/11 10:10,2.1,14934
567197,21877,HOME SWEET HOME MUG,12.0,9/19/11 10:10,1.65,14934
567197,21212,PACK OF 72 RETROSPOT CAKE CASES,24.0,9/19/11 10:10,0.55,14934
567197,21843,RED RETROSPOT CAKE STAND,2.0,9/19/11 10:10,10.95,14934
567197,20725,LUNCH BAG RED RETROSPOT,10.0,9/19/11 10:10,1.65,14934
567197,21523,DOORMAT FANCY FONT HOME SWEET HOME,2.0,9/19/11 10:10,8.25,14934
567197,21224,SET/4 SKULL BADGES,10.0,9/19/11 10:10,1.25,14934
567197,23242,TREASURE TIN BUFFALO BILL,6.0,9/19/11 10:10,2.08,14934
567197,23241,TREASURE TIN GYMKHANA DESIGN,6.0,9/19/11 10:10,2.08,14934
567197,22507,MEMO BOARD RETROSPOT  DESIGN,4.0,9/19/11 10:10,4.95,14934
567197,22327,ROUND SNACK BOXES SET OF 4 SKULLS,6.0,9/19/11 10:10,2.95,14934
567197,22326,ROUND SNACK BOXES SET OF4 WOODLAND,6.0,9/19/11 10:10,2.95,14934
567197,23209,LUNCH BAG VINTAGE DOILY,10.0,9/19/11 10:10,1.65,14934
567197,22384,LUNCH BAG PINK POLKADOT,10.0,9/19/11 10:10,1.65,14934
567197,20727,LUNCH BAG  BLACK SKULL.,10.0,9/19/11 10:10,1.65,14934
567197,22382,LUNCH BAG SPACEBOY DESIGN,10.0,9/19/11 10:10,1.65,14934
567197,23426,METAL SIGN DROP YOUR PANTS,12.0,9/19/11 10:10,2.89,14934
567197,22492,MINI PAINT SET VINTAGE,36.0,9/19/11 10:10,0.65,14934
567197,23313,VINTAGE CHRISTMAS BUNTING,5.0,9/19/11 10:10,4.95,14934
567197,23268,SET OF 2 CERAMIC CHRISTMAS REINDEER,12.0,9/19/11 10:10,1.45,14934
567197,22601,CHRISTMAS RETROSPOT ANGEL WOOD,12.0,9/19/11 10:10,0.85,14934
567197,21098,CHRISTMAS TOILET ROLL,12.0,9/19/11 10:10,1.25,14934
567197,22144,CHRISTMAS CRAFT LITTLE FRIENDS,6.0,9/19/11 10:10,2.1,14934
567197,22952,60 CAKE CASES VINTAGE CHRISTMAS,24.0,9/19/11 10:10,0.55,14934
568242,85078,SCANDINAVIAN 3 HEARTS NAPKIN RING,24.0,9/26/11 12:11,0.19,14931
568242,22909,SET OF 20 VINTAGE CHRISTMAS NAPKINS,12.0,9/26/11 12:11,0.85,14931
568242,22950,36 DOILIES VINTAGE CHRISTMAS,12.0,9/26/11 12:11,1.45,14931
568242,23267,SET OF 4 SANTA PLACE SETTINGS,12.0,9/26/11 12:11,1.25,14931
568242,22086,PAPER CHAIN KIT 50'S CHRISTMAS,6.0,9/26/11 12:11,2.95,14931
568242,23313,VINTAGE CHRISTMAS BUNTING,5.0,9/26/11 12:11,4.95,14931
568242,23311,VINTAGE CHRISTMAS STOCKING,6.0,9/26/11 12:11,2.55,14931
568242,35970,ZINC FOLKART SLEIGH BELLS,12.0,9/26/11 12:11,1.69,14931
568242,23264,SET OF 3 WOODEN SLEIGH DECORATIONS,12.0,9/26/11 12:11,1.25,14931
568242,23265,SET OF 3 WOODEN TREE DECORATIONS,12.0,9/26/11 12:11,1.25,14931
568242,23263,SET OF 3 WOODEN HEART DECORATIONS,12.0,9/26/11 12:11,1.25,14931
568242,23266,SET OF 3 WOODEN STOCKING DECORATION,12.0,9/26/11 12:11,1.25,14931
568242,23355,HOT WATER BOTTLE KEEP CALM,4.0,9/26/11 12:11,4.95,14931
568242,,KNITTED UNION FLAG HOT WATER BOTTLE,4.0,9/26/11 12:11,4.25,14931
568242,21261,GREEN GOOSE FEATHER CHRISTMAS TREE,6.0,9/26/11 12:11,2.95,14931
568242,21698,MOCK LOBSTER FRIDGE MAGNET,24.0,9/26/11 12:11,0.39,14931
568242,22141,CHRISTMAS CRAFT TREE TOP ANGEL,6.0,9/26/11 12:11,2.1,14931
,21314,SMALL GLASS HEART TRINKET POT,-1.0,9/28/11 9:45,2.1,14934
569556,23343,JUMBO BAG VINTAGE CHRISTMAS,10.0,10/5/11 8:50,2.08,14936
569556,23144,ZINC T-LIGHT HOLDER STARS SMALL,24.0,10/5/11 8:50,0.83,14936
569556,,HANGING HEART ZINC T-LIGHT HOLDER,12.0,10/5/11 8:50,0.85,14936
569556,23145,ZINC T-LIGHT HOLDER STAR LARGE,12.0,10/5/11 8:50,0.95,14936
569556,23271,CHRISTMAS TABLE SILVER CANDLE SPIKE,32.0,10/5/11 8:50,0.83,14936
569556,23344,JUMBO BAG 50'S CHRISTMAS,10.0,10/5/11 8:50,2.08,14936
569556,23327,HANGING CLEAR MINI BOTTLE,48.0,10/5/11 8:50,0.63,14936
569556,23397,FOOT STOOL HOME SWEET HOME,2.0,10/5/11 8:50,9.95,14936
569556,23393,HOME SWEET HOME CUSHION COVER,4.0,10/5/11 8:50,3.75,14936
569556,23395,BELLE JARDINIERE CUSHION COVER,4.0,10/5/11 8:50,3.75,14936
569556,23396,LA JARDIN BOTANIQUE CUSHION COVER,4.0,10/5/11 8:50,3.75,14936
569556,23026,DRAWER KNOB VINTAGE GLASS STAR,12.0,10/5/11 8:50,2.08,14936
569556,23035,DRAWER KNOB CERAMIC IVORY,12.0,10/5/11 8:50,1.45,14936
569556,21673,WHITE SPOT BLUE CERAMIC DRAWER KNOB,12.0,10/5/11 8:50,1.45,14936
569556,21670,BLUE SPOT CERAMIC DRAWER KNOB,12.0,10/5/11 8:50,1.45,14936
569556,22805,BLUE DRAWER KNOB ACRYLIC EDWARDIAN,12.0,10/5/11 8:50,1.25,14936
569556,22771,CLEAR DRAWER KNOB ACRYLIC EDWARDIAN,12.0,10/5/11 8:50,1.25,14936
569556,22774,RED DRAWER KNOB ACRYLIC EDWARDIAN,12.0,10/5/11 8:50,1.25,14936
569556,22775,PURPLE DRAWERKNOB ACRYLIC EDWARDIAN,12.0,10/5/11 8:50,1.25,14936
569556,21313,GLASS HEART T-LIGHT HOLDER,12.0,10/5/11 8:50,0.85,14936
569556,22722,SET OF 6 SPICE TINS PANTRY DESIGN,4.0,10/5/11 8:50,3.95,14936
569556,22966,GINGERBREAD MAN COOKIE CUTTER,12.0,10/5/11 8:50,1.25,14936
569556,23307,SET OF 60 PANTRY DESIGN CAKE CASES,24.0,10/5/11 8:50,0.55,14936
569556,23337,EGG FRYING PAN MINT,6.0,10/5/11 8:50,2.08,14936
569556,23335,EGG FRYING PAN IVORY,6.0,10/5/11 8:50,2.08,14936
569556,23336,EGG FRYING PAN PINK,6.0,10/5/11 8:50,2.08,14936
569556,23370,SET 36 COLOURING PENCILS DOILY,16.0,10/5/11 8:50,1.25,14936
569556,22728,ALARM CLOCK BAKELIKE PINK,4.0,10/5/11 8:50,3.75,14936
569556,23341,PINK DINER WALL CLOCK,2.0,10/5/11 8:50,8.5,14936
569556,22940,FELTCRAFT CHRISTMAS FAIRY,4.0,10/5/11 8:50,4.25,14936
569556,22150,3 STRIPEY MICE FELTCRAFT,6.0,10/5/11 8:50,1.95,14936
569556,23203,JUMBO BAG VINTAGE DOILY,10.0,10/5/11 8:50,2.08,14936
569556,21929,JUMBO BAG PINK VINTAGE PAISLEY,10.0,10/5/11 8:50,2.08,14936
569556,21928,JUMBO BAG SCANDINAVIAN BLUE PAISLEY,10.0,10/5/11 8:50,2.08,14936
569556,23202,JUMBO BAG VINTAGE LEAF,10.0,10/5/11 8:50,2.08,14936
569556,23201,JUMBO BAG ALPHABET,10.0,10/5/11 8:50,2.08,14936
569556,23199,JUMBO BAG APPLES,10.0,10/5/11 8:50,2.08,14936
569556,23200,JUMBO BAG PEARS,10.0,10/5/11 8:50,2.08,14936
569556,23301,GARDENERS KNEELING PAD KEEP CALM,12.0,10/5/11 8:50,1.65,14936
569556,23300,GARDENERS KNEELING PAD CUP OF TEA,12.0,10/5/11 8:50,1.65,14936
569556,23326,HANGING MINI COLOURED BOTTLES,48.0,10/5/11 8:50,0.63,14936
569556,71459,HANGING JAM JAR T-LIGHT HOLDERS,24.0,10/5/11 8:50,0.85,14936
569556,22114,HOT WATER BOTTLE TEA AND SYMPATHY,4.0,10/5/11 8:50,4.25,14936
569556,,ENGLISH ROSE HOT WATER BOTTLE,4.0,10/5/11 8:50,4.25,14936
569556,23356,LOVE HOT WATER BOTTLE,3.0,10/5/11 8:50,5.95,14936
569556,22835,HOT WATER BOTTLE I AM SO POORLY,4.0,10/5/11 8:50,4.95,14936
569556,22865,HAND WARMER OWL DESIGN,12.0,10/5/11 8:50,2.1,14936
569556,22866,HAND WARMER SCOTTY DOG DESIGN,12.0,10/5/11 8:50,2.1,14936
569556,23439,HAND WARMER RED LOVE HEART,12.0,10/5/11 8:50,2.1,14936
569556,23526,DOG LICENCE WALL ART,4.0,10/5/11 8:50,5.95,14936
569556,23284,DOORMAT KEEP CALM AND COME IN,2.0,10/5/11 8:50,8.25,14936
569556,23283,DOORMAT VINTAGE LEAF,2.0,10/5/11 8:50,8.25,14936
569556,22690,DOORMAT HOME SWEET HOME BLUE,2.0,10/5/11 8:50,8.25,14936
569556,23535,BICYCLE SAFTEY WALL ART,4.0,10/5/11 8:50,5.95,14936
569556,23536,VILLAGE SHOW WALL ART,4.0,10/5/11 8:50,5.95,14936
569556,23534,STOP FOR TEA WALL ART,3.0,10/5/11 8:50,5.95,14936
569556,23231,WRAP  VINTAGE DOILY,25.0,10/5/11 8:50,0.42,14936
569556,22688,DOORMAT PEACE ON EARTH BLUE,2.0,10/5/11 8:50,8.25,14936
569556,23545,WRAP RED VINTAGE DOILY,25.0,10/5/11 8:50,0.42,14936
569556,23232,WRAP VINTAGE LEAF DESIGN,25.0,10/5/11 8:50,0.42,14936
569556,23549,WRAP BIRD GARDEN,25.0,10/5/11 8:50,0.42,14936
569556,23230,WRAP ALPHABET DESIGN,25.0,10/5/11 8:50,0.42,14936
569557,48116,DOORMAT MULTICOLOUR STRIPE,4.0,10/5/11 8:52,8.25,14936
569558,22086,PAPER CHAIN KIT 50'S CHRISTMAS,24.0,10/5/11 8:53,2.95,14936
569558,22910,PAPER CHAIN KIT VINTAGE CHRISTMAS,12.0,10/5/11 8:53,2.95,14936
569558,22945,CHRISTMAS METAL TAGS ASSORTED,48.0,10/5/11 8:53,0.85,14936
569558,23131,MISELTOE HEART WREATH WHITE,12.0,10/5/11 8:53,4.15,14936
569558,22941,CHRISTMAS LIGHTS 10 REINDEER,6.0,10/5/11 8:53,8.5,14936
569558,23129,HEART SHAPED HOLLY WREATH,8.0,10/5/11 8:53,4.15,14936
569558,23130,MISELTOE HEART WREATH,8.0,10/5/11 8:53,4.15,14936
569558,22952,60 CAKE CASES VINTAGE CHRISTMAS,48.0,10/5/11 8:53,0.55,14936
569558,23157,SET OF 6 NATIVITY MAGNETS,24.0,10/5/11 8:53,2.08,14936
569558,22738,RIBBON REEL SNOWY VILLAGE,20.0,10/5/11 8:53,1.65,14936
569558,22909,SET OF 20 VINTAGE CHRISTMAS NAPKINS,24.0,10/5/11 8:53,0.85,14936
569558,23234,BISCUIT TIN VINTAGE CHRISTMAS,12.0,10/5/11 8:53,2.89,14936
569558,22950,36 DOILIES VINTAGE CHRISTMAS,24.0,10/5/11 8:53,1.45,14936
569558,22178,VICTORIAN GLASS HANGING T-LIGHT,24.0,10/5/11 8:53,1.25,14936
569558,23273,HEART T-LIGHT HOLDER WILLIE WINKIE,12.0,10/5/11 8:53,1.65,14936
569558,23274,STAR T-LIGHT HOLDER WILLIE WINKIE,12.0,10/5/11 8:53,1.65,14936
569558,23221,REINDEER HEART DECORATION SILVER,24.0,10/5/11 8:53,0.83,14936
569558,23225,CHERUB HEART DECORATION SILVER,24.0,10/5/11 8:53,0.83,14936
571201,22940,FELTCRAFT CHRISTMAS FAIRY,12.0,10/14/11 12:28,3.75,14937
571201,22147,FELTCRAFT BUTTERFLY HEARTS,12.0,10/14/11 12:28,1.25,14937
571201,23128,FELTCRAFT BOY JEAN-PAUL KIT,12.0,10/14/11 12:28,4.15,14937
571201,22142,CHRISTMAS CRAFT WHITE FAIRY,12.0,10/14/11 12:28,1.25,14937
571201,22141,CHRISTMAS CRAFT TREE TOP ANGEL,12.0,10/14/11 12:28,1.85,14937
571201,22144,CHRISTMAS CRAFT LITTLE FRIENDS,12.0,10/14/11 12:28,1.85,14937
571201,22150,3 STRIPEY MICE FELTCRAFT,12.0,10/14/11 12:28,1.65,14937
571201,20969,RED FLORAL FELTCRAFT SHOULDER BAG,12.0,10/14/11 12:28,3.39,14937
571201,20970,PINK FLORAL FELTCRAFT SHOULDER BAG,12.0,10/14/11 12:28,3.39,14937
571201,20972,PINK CREAM FELT CRAFT TRINKET BOX,12.0,10/14/11 12:28,1.06,14937
571201,20971,PINK BLUE FELT CRAFT TRINKET BOX,12.0,10/14/11 12:28,1.06,14937
571201,22751,FELTCRAFT PRINCESS OLIVIA DOLL,12.0,10/14/11 12:28,3.39,14937
571201,22750,FELTCRAFT PRINCESS LOLA DOLL,12.0,10/14/11 12:28,3.39,14937
571201,22749,FELTCRAFT PRINCESS CHARLOTTE DOLL,12.0,10/14/11 12:28,3.39,14937
571201,23127,FELTCRAFT GIRL NICOLE KIT,12.0,10/14/11 12:28,4.15,14937
571201,23126,FELTCRAFT GIRL AMELIE KIT,12.0,10/14/11 12:28,4.15,14937
571201,22271,FELTCRAFT DOLL ROSIE,12.0,10/14/11 12:28,2.55,14937
571201,22273,FELTCRAFT DOLL MOLLY,12.0,10/14/11 12:28,2.55,14937
571201,22274,FELTCRAFT DOLL EMILY,12.0,10/14/11 12:28,2.55,14937
571201,22568,FELTCRAFT CUSHION OWL,12.0,10/14/11 12:28,3.39,14937
571202,,WHITE HANGING HEART T-LIGHT HOLDER,72.0,10/14/11 12:29,2.95,14937
574587,21210,SET OF 72 RETROSPOT PAPER  DOILIES,12.0,11/6/11 10:29,1.45,14936
574587,21080,SET/20 RED RETROSPOT PAPER NAPKINS,12.0,11/6/11 10:29,0.85,14936
574587,22557,PLASTERS IN TIN VINTAGE PAISLEY,12.0,11/6/11 10:29,1.65,14936
574587,22555,PLASTERS IN TIN STRONGMAN,12.0,11/6/11 10:29,1.65,14936
574587,22553,PLASTERS IN TIN SKULLS,12.0,11/6/11 10:29,1.65,14936
574587,84836,ZINC METAL HEART DECORATION,12.0,11/6/11 10:29,1.25,14936
574587,20828,GLITTER BUTTERFLY CLIPS,12.0,11/6/11 10:29,2.55,14936
574587,,WHITE HANGING HEART T-LIGHT HOLDER,12.0,11/6/11 10:29,2.95,14936
574587,84978,HANGING HEART JAR T-LIGHT HOLDER,12.0,11/6/11 10:29,1.25,14936
574587,22585,PACK OF 6 BIRDY GIFT TAGS,12.0,11/6/11 10:29,1.25,14936
574587,22083,PAPER CHAIN KIT RETROSPOT,12.0,11/6/11 10:29,2.95,14936
574587,,JUMBO BAG STRAWBERRY,10.0,11/6/11 10:29,2.08,14936
574587,,JUMBO  BAG BAROQUE BLACK WHITE,10.0,11/6/11 10:29,2.08,14936
574587,,JUMBO BAG RED RETROSPOT,10.0,11/6/11 10:29,2.08,14936
574587,21930,JUMBO STORAGE BAG SKULLS,10.0,11/6/11 10:29,2.08,14936
574587,20713,JUMBO BAG OWLS,10.0,11/6/11 10:29,2.08,14936
574587,23337,EGG FRYING PAN MINT,6.0,11/6/11 10:29,2.08,14936
574587,23336,EGG FRYING PAN PINK,6.0,11/6/11 10:29,2.08,14936
574587,23335,EGG FRYING PAN IVORY,6.0,11/6/11 10:29,2.08,14936
574587,22956,36 FOIL HEART CAKE CASES,6.0,11/6/11 10:29,2.1,14936
574587,20914,SET/5 RED RETROSPOT LID GLASS BOWLS,6.0,11/6/11 10:29,2.95,14936
574587,21756,BATH BUILDING BLOCK WORD,6.0,11/6/11 10:29,6.25,14936
574587,21755,LOVE BUILDING BLOCK WORD,6.0,11/6/11 10:29,6.25,14936
574587,21754,HOME BUILDING BLOCK WORD,6.0,11/6/11 10:29,6.25,14936
574587,23395,BELLE JARDINIERE CUSHION COVER,4.0,11/6/11 10:29,3.75,14936
574587,23284,DOORMAT KEEP CALM AND COME IN,4.0,11/6/11 10:29,8.25,14936
574587,20685,DOORMAT RED RETROSPOT,4.0,11/6/11 10:29,8.25,14936
574587,23356,LOVE HOT WATER BOTTLE,4.0,11/6/11 10:29,5.95,14936
574587,22114,HOT WATER BOTTLE TEA AND SYMPATHY,4.0,11/6/11 10:29,4.25,14936
574587,23534,WALL ART STOP FOR TEA,3.0,11/6/11 10:29,5.95,14936
574587,22607,WOODEN ROUNDERS GARDEN SET,2.0,11/6/11 10:29,9.95,14936
574587,48194,DOORMAT HEARTS,2.0,11/6/11 10:29,8.25,14936
574587,48188,DOORMAT WELCOME PUPPIES,2.0,11/6/11 10:29,8.25,14936
574587,48187,DOORMAT NEW ENGLAND,2.0,11/6/11 10:29,8.25,14936
574587,48185,DOORMAT FAIRY CAKE,2.0,11/6/11 10:29,8.25,14936
574587,48184,DOORMAT ENGLISH ROSE,2.0,11/6/11 10:29,8.25,14936
574587,23283,DOORMAT VINTAGE LEAF,2.0,11/6/11 10:29,8.25,14936
574587,22627,MINT KITCHEN SCALES,2.0,11/6/11 10:29,8.5,14936
574587,22625,RED KITCHEN SCALES,2.0,11/6/11 10:29,8.5,14936
574587,22624,IVORY KITCHEN SCALES,2.0,11/6/11 10:29,8.5,14936
574587,21524,DOORMAT SPOTTY HOME SWEET HOME,2.0,11/6/11 10:29,8.25,14936
574587,21523,DOORMAT FANCY FONT HOME SWEET HOME,2.0,11/6/11 10:29,8.25,14936
574587,21217,RED RETROSPOT ROUND CAKE TINS,2.0,11/6/11 10:29,9.95,14936
574587,22846,BREAD BIN DINER STYLE RED,1.0,11/6/11 10:29,16.95,14936
574587,22771,CLEAR DRAWER KNOB ACRYLIC EDWARDIAN,36.0,11/6/11 10:29,1.25,14936
574587,84992,72 SWEETHEART FAIRY CAKE CASES,24.0,11/6/11 10:29,0.55,14936
574587,84991,60 TEATIME FAIRY CAKE CASES,24.0,11/6/11 10:29,0.55,14936
574587,22417,PACK OF 60 SPACEBOY CAKE CASES,24.0,11/6/11 10:29,0.55,14936
574587,21975,PACK OF 60 DINOSAUR CAKE CASES,24.0,11/6/11 10:29,0.55,14936
574587,21213,PACK OF 72 SKULL CAKE CASES,24.0,11/6/11 10:29,0.55,14936
574587,21212,PACK OF 72 RETROSPOT CAKE CASES,24.0,11/6/11 10:29,0.55,14936
574587,,SMALL HEART FLOWERS HOOK,24.0,11/6/11 10:29,0.85,14936
574587,22185,SLATE TILE NATURAL HANGING,24.0,11/6/11 10:29,1.65,14936
574587,,SINGLE HEART ZINC T-LIGHT HOLDER,24.0,11/6/11 10:29,1.25,14936
574587,22561,WOODEN SCHOOL COLOURING SET,12.0,11/6/11 10:29,1.65,14936
574587,84988,SET OF 72 PINK HEART PAPER DOILIES,12.0,11/6/11 10:29,1.45,14936
574587,84987,SET OF 36 TEATIME PAPER DOILIES,12.0,11/6/11 10:29,1.45,14936
574587,22962,JAM JAR WITH PINK LID,12.0,11/6/11 10:29,0.85,14936
574587,22961,JAM MAKING SET PRINTED,12.0,11/6/11 10:29,1.45,14936
574587,22416,SET OF 36 SPACEBOY PAPER DOILIES,12.0,11/6/11 10:29,1.45,14936
574587,21972,SET OF 36 DINOSAUR PAPER DOILIES,12.0,11/6/11 10:29,1.45,14936
574588,23486,ANTIQUE HEART SHELF UNIT,2.0,11/6/11 10:30,16.65,14936
574588,23582,VINTAGE DOILY JUMBO BAG RED,10.0,11/6/11 10:30,2.08,14936
574588,23581,JUMBO BAG PAISLEY PARK,10.0,11/6/11 10:30,2.08,14936
576904,35970,ZINC FOLKART SLEIGH BELLS,12.0,11/17/11 9:25,1.69,14931
576904,23263,SET OF 3 WOODEN HEART DECORATIONS,12.0,11/17/11 9:25,1.25,14931
576904,23264,SET OF 3 WOODEN SLEIGH DECORATIONS,12.0,11/17/11 9:25,1.25,14931
576904,23265,SET OF 3 WOODEN TREE DECORATIONS,12.0,11/17/11 9:25,1.25,14931
576904,23266,SET OF 3 WOODEN STOCKING DECORATION,12.0,11/17/11 9:25,1.25,14931
576904,23313,VINTAGE CHRISTMAS BUNTING,5.0,11/17/11 9:25,4.95,14931
576904,,KNITTED UNION FLAG HOT WATER BOTTLE,4.0,11/17/11 9:25,4.25,14931
576904,23355,HOT WATER BOTTLE KEEP CALM,8.0,11/17/11 9:25,4.95,14931
576904,,CARRIAGE,1.0,11/17/11 9:25,50.0,14931
,20914,SET/5 RED RETROSPOT LID GLASS BOWLS,-1.0,11/30/11 15:07,2.95,14936
,23486,ANTIQUE HEART SHELF UNIT,-1.0,11/30/11 15:07,16.65,14936
580558,22086,PAPER CHAIN KIT 50'S CHRISTMAS,6.0,12/5/11 10:19,2.95,14931
580558,22910,PAPER CHAIN KIT VINTAGE CHRISTMAS,6.0,12/5/11 10:19,2.95,14931
580558,21621,VINTAGE UNION JACK BUNTING,4.0,12/5/11 10:19,8.5,14931
580558,23503,PLAYING CARDS KEEP CALM & CARRY ON,24.0,12/5/11 10:19,1.25,14931
580558,23355,HOT WATER BOTTLE KEEP CALM,20.0,12/5/11 10:19,4.95,14931
,21533,RETROSPOT LARGE MILK JUG,-1.0,12/8/11 11:53,4.25,14442
