537022,22791,T-LIGHT GLASS FLUTED ANTIQUE,12.0,12/3/10 15:45,1.25,12725
537022,21287,SCENTED VELVET LOUNGE CANDLE,12.0,12/3/10 15:45,1.25,12725
537022,79337,BLUE FLOCK GLASS CANDLEHOLDER,6.0,12/3/10 15:45,1.65,12725
537022,85111,SILVER GLITTER FLOWER VOTIVE HOLDER,12.0,12/3/10 15:45,1.25,12725
537022,85038,6 CHOCOLATE LOVE HEART T-LIGHTS,6.0,12/3/10 15:45,2.1,12725
537022,22809,SET OF 6 T-LIGHTS SANTA,6.0,12/3/10 15:45,2.95,12725
537022,22810,SET OF 6 T-LIGHTS SNOWMEN,6.0,12/3/10 15:45,2.95,12725
537022,20956,PORCELAIN T-LIGHT HOLDERS ASSORTED,12.0,12/3/10 15:45,1.25,12725
537022,22307,GOLD MUG BONE CHINA TREE OF LIFE,6.0,12/3/10 15:45,1.95,12725
537022,85078,SCANDINAVIAN 3 HEARTS NAPKIN RING,24.0,12/3/10 15:45,0.65,12725
537022,,ROSE SCENT CANDLE IN JEWELLED BOX,6.0,12/3/10 15:45,4.25,12725
537022,,ROSE SCENT CANDLE JEWELLED DRAWER,4.0,12/3/10 15:45,4.25,12725
537022,,SET/3 VANILLA SCENTED CANDLE IN BOX,4.0,12/3/10 15:45,4.25,12725
537022,,3 GARDENIA MORRIS BOXED CANDLES,4.0,12/3/10 15:45,4.25,12725
537022,,ROSE 3 WICK MORRIS BOX CANDLE,4.0,12/3/10 15:45,4.25,12725
537022,,CHOCOLATE 1 WICK MORRIS BOX CANDLE,6.0,12/3/10 15:45,4.25,12725
537022,,CHOCOLATE 3 WICK MORRIS BOX CANDLE,4.0,12/3/10 15:45,4.25,12725
537022,,GARDENIA 3 WICK MORRIS BOXED CANDLE,4.0,12/3/10 15:45,4.25,12725
537022,,3 ROSE MORRIS BOXED CANDLES,4.0,12/3/10 15:45,4.25,12725
537022,72741,GRAND CHOCOLATECANDLE,9.0,12/3/10 15:45,1.45,12725
537022,,PINK BAROQUE FLOCK CANDLE HOLDER,2.0,12/3/10 15:45,5.95,12725
537022,22697,GREEN REGENCY TEACUP AND SAUCER,6.0,12/3/10 15:45,2.95,12725
537022,,CHARLIE+LOLA RED HOT WATER BOTTLE,3.0,12/3/10 15:45,4.65,12725
537022,,POSTAGE,2.0,12/3/10 15:45,28.0,12725
,84840,SWEETHEART CARRY-ALL BASKET,-2.0,12/6/10 9:31,8.5,12586
539752,22215,CAKE STAND WHITE TWO TIER LACE,2.0,12/21/10 15:43,8.5,12515
539752,22423,REGENCY CAKESTAND 3 TIER,2.0,12/21/10 15:43,12.75,12515
539752,22223,CAKE PLATE LOVEBIRD PINK,12.0,12/21/10 15:43,1.95,12515
539752,22236,CAKE STAND 3 TIER MAGIC GARDEN,2.0,12/21/10 15:43,12.75,12515
539752,22221,CAKE STAND LOVEBIRD 2 TIER PINK,2.0,12/21/10 15:43,9.95,12515
539752,15036,ASSORTED COLOURS SILK FAN,12.0,12/21/10 15:43,0.75,12515
539752,,EDWARDIAN PARASOL NATURAL,3.0,12/21/10 15:43,5.95,12515
539752,,EDWARDIAN PARASOL PINK,3.0,12/21/10 15:43,5.95,12515
539752,22969,HOMEMADE JAM SCENTED CANDLES,12.0,12/21/10 15:43,1.45,12515
539752,22720,SET OF 3 CAKE TINS PANTRY DESIGN,3.0,12/21/10 15:43,4.95,12515
539752,21976,PACK OF 60 MUSHROOM CAKE CASES,24.0,12/21/10 15:43,0.55,12515
539752,21977,PACK OF 60 PINK PAISLEY CAKE CASES,24.0,12/21/10 15:43,0.55,12515
539752,22938,CUPCAKE LACE PAPER SET 6,12.0,12/21/10 15:43,1.95,12515
539752,21108,FAIRY CAKE FLANNEL ASSORTED COLOUR,9.0,12/21/10 15:43,2.55,12515
539752,22697,GREEN REGENCY TEACUP AND SAUCER,6.0,12/21/10 15:43,2.95,12515
539752,,POSTAGE,3.0,12/21/10 15:43,35.0,12515
,22352,LUNCH BOX WITH CUTLERY RETROSPOT,-3.0,1/5/11 10:46,2.55,12578
541115,84378,SET OF 3 HEART COOKIE CUTTERS,24.0,1/13/11 15:34,1.25,12578
541115,22301,COFFEE MUG CAT + BIRD DESIGN,12.0,1/13/11 15:34,2.55,12578
541115,22300,COFFEE MUG DOG + BALL DESIGN,12.0,1/13/11 15:34,2.55,12578
541115,22350,ILLUSTRATED CAT BOWL,12.0,1/13/11 15:34,2.55,12578
541115,22349,DOG BOWL CHASING BALL DESIGN,12.0,1/13/11 15:34,3.75,12578
541115,22659,LUNCH BOX I LOVE LONDON,12.0,1/13/11 15:34,1.95,12578
541115,22630,DOLLY GIRL LUNCH BOX,12.0,1/13/11 15:34,1.95,12578
541115,22631,CIRCUS PARADE LUNCH BOX,12.0,1/13/11 15:34,1.95,12578
541115,22629,SPACEBOY LUNCH BOX,12.0,1/13/11 15:34,1.95,12578
541115,22190,LOCAL CAFE MUG,12.0,1/13/11 15:34,2.1,12578
541115,22348,TEA BAG PLATE RED RETROSPOT,24.0,1/13/11 15:34,0.85,12578
541115,22352,LUNCH BOX WITH CUTLERY RETROSPOT,12.0,1/13/11 15:34,2.55,12578
541115,22328,ROUND SNACK BOXES SET OF 4 FRUITS,6.0,1/13/11 15:34,2.95,12578
541115,22135,MINI LADLE LOVE HEART PINK,12.0,1/13/11 15:34,0.42,12578
541115,22134,MINI LADLE LOVE HEART RED,24.0,1/13/11 15:34,0.42,12578
541115,22558,CLOTHES PEGS RETROSPOT PACK 24,24.0,1/13/11 15:34,1.49,12578
541115,22365,DOORMAT RESPECTABLE HOUSE,2.0,1/13/11 15:34,7.95,12578
541115,48184,DOORMAT ENGLISH ROSE,2.0,1/13/11 15:34,7.95,12578
541115,22366,DOORMAT AIRMAIL,4.0,1/13/11 15:34,7.95,12578
541115,21775,DECORATIVE FLORE BATHROOM BOTTLE,12.0,1/13/11 15:34,1.25,12578
541115,21774,DECORATIVE CATS BATHROOM BOTTLE,12.0,1/13/11 15:34,1.25,12578
541115,22494,EMERGENCY FIRST AID TIN,12.0,1/13/11 15:34,1.25,12578
541115,21906,PHARMACIE FIRST AID TIN,6.0,1/13/11 15:34,6.75,12578
541115,21260,FIRST AID TIN,6.0,1/13/11 15:34,3.25,12578
541115,,POSTAGE,7.0,1/13/11 15:34,28.0,12578
541115,22471,TV DINNER TRAY AIR HOSTESS,3.0,1/13/11 15:34,4.95,12578
541115,22314,OFFICE MUG WARMER CHOC+BLUE,12.0,1/13/11 15:34,2.95,12578
541115,22313,OFFICE MUG WARMER PINK,12.0,1/13/11 15:34,2.95,12578
541115,22312,OFFICE MUG WARMER POLKADOT,6.0,1/13/11 15:34,2.95,12578
541115,22311,OFFICE MUG WARMER BLACK+SILVER,6.0,1/13/11 15:34,2.95,12578
541115,22433,WATERING CAN GREEN DINOSAUR,12.0,1/13/11 15:34,1.95,12578
541115,22431,WATERING CAN BLUE ELEPHANT,12.0,1/13/11 15:34,1.95,12578
541115,22444,GROW YOUR OWN PLANT IN A CAN,24.0,1/13/11 15:34,1.25,12578
541115,22525,CHILDRENS GARDEN GLOVES PINK,12.0,1/13/11 15:34,1.25,12578
541115,22524,CHILDRENS GARDEN GLOVES BLUE,12.0,1/13/11 15:34,1.25,12578
541115,22521,CHILDS GARDEN TROWEL PINK,12.0,1/13/11 15:34,0.85,12578
541115,22520,CHILDS GARDEN TROWEL BLUE,12.0,1/13/11 15:34,0.85,12578
541115,22523,CHILDS GARDEN FORK PINK,12.0,1/13/11 15:34,0.85,12578
541115,22522,CHILDS GARDEN FORK BLUE,12.0,1/13/11 15:34,0.85,12578
541115,22515,CHILDS GARDEN SPADE PINK,6.0,1/13/11 15:34,2.1,12578
541115,22514,CHILDS GARDEN SPADE BLUE,6.0,1/13/11 15:34,2.1,12578
541115,22519,CHILDS GARDEN BRUSH PINK,6.0,1/13/11 15:34,2.1,12578
541115,22518,CHILDS GARDEN BRUSH BLUE,6.0,1/13/11 15:34,2.1,12578
541115,22517,CHILDS GARDEN RAKE PINK,6.0,1/13/11 15:34,2.1,12578
541115,22516,CHILDS GARDEN RAKE BLUE,6.0,1/13/11 15:34,2.1,12578
541115,22556,PLASTERS IN TIN CIRCUS PARADE,12.0,1/13/11 15:34,1.65,12578
541115,22554,PLASTERS IN TIN WOODLAND ANIMALS,12.0,1/13/11 15:34,1.65,12578
541115,21561,DINOSAUR LUNCH BOX WITH CUTLERY,6.0,1/13/11 15:34,2.55,12578
541115,21559,STRAWBERRY LUNCH BOX WITH CUTLERY,6.0,1/13/11 15:34,2.55,12578
541115,22472,TV DINNER TRAY DOLLY GIRL,3.0,1/13/11 15:34,4.95,12578
541115,22474,SPACEBOY TV DINNER TRAY,3.0,1/13/11 15:34,4.95,12578
541115,22272,FELTCRAFT DOLL MARIA,6.0,1/13/11 15:34,2.95,12578
541115,22273,FELTCRAFT DOLL MOLLY,6.0,1/13/11 15:34,2.95,12578
541115,22271,FELTCRAFT DOLL ROSIE,6.0,1/13/11 15:34,2.95,12578
541115,22113,GREY HEART HOT WATER BOTTLE,8.0,1/13/11 15:34,3.75,12578
541115,22111,SCOTTIE DOG HOT WATER BOTTLE,8.0,1/13/11 15:34,4.95,12578
541115,21485,RETROSPOT HEART HOT WATER BOTTLE,6.0,1/13/11 15:34,4.95,12578
541115,22099,CARAVAN SQUARE TISSUE BOX,12.0,1/13/11 15:34,1.25,12578
541115,22098,BOUDOIR SQUARE TISSUE BOX,12.0,1/13/11 15:34,1.25,12578
541115,20725,LUNCH BAG RED RETROSPOT,10.0,1/13/11 15:34,1.65,12578
541115,85178,VICTORIAN SEWING KIT,12.0,1/13/11 15:34,1.25,12578
541115,21787,RAIN PONCHO RETROSPOT,24.0,1/13/11 15:34,0.85,12578
541115,21786,POLKADOT RAIN HAT,24.0,1/13/11 15:34,0.42,12578
541115,,FAIRY CAKE DESIGN UMBRELLA,4.0,1/13/11 15:34,3.75,12578
541115,22379,RECYCLING BAG RETROSPOT,5.0,1/13/11 15:34,2.1,12578
541115,21936,RED RETROSPOT PICNIC BAG,5.0,1/13/11 15:34,2.95,12578
541115,21844,RED RETROSPOT MUG,12.0,1/13/11 15:34,2.95,12578
541115,22310,IVORY KNITTED MUG COSY,18.0,1/13/11 15:34,1.65,12578
541115,84828,JUNGLE POPSICLES ICE LOLLY HOLDERS,12.0,1/13/11 15:34,1.25,12578
541115,84380,SET OF 3 BUTTERFLY COOKIE CUTTERS,24.0,1/13/11 15:34,1.25,12578
541703,20728,LUNCH BAG CARS BLUE,20.0,1/21/11 9:52,1.65,12594
541703,20726,LUNCH BAG WOODLAND,20.0,1/21/11 9:52,1.65,12594
541703,22466,FAIRY TALE COTTAGE NIGHTLIGHT,12.0,1/21/11 9:52,1.95,12594
541703,22139,RETROSPOT TEA SET CERAMIC 11 PC,6.0,1/21/11 9:52,4.95,12594
541703,21365,MIRRORED WALL ART STARS,12.0,1/21/11 9:52,2.95,12594
541703,21371,MIRRORED WALL ART POPPIES,12.0,1/21/11 9:52,2.55,12594
541703,22549,PICTURE DOMINOES,12.0,1/21/11 9:52,1.45,12594
541703,22380,TOY TIDY SPACEBOY,10.0,1/21/11 9:52,2.1,12594
541703,22381,TOY TIDY PINK POLKADOT,10.0,1/21/11 9:52,2.1,12594
541703,22379,RECYCLING BAG RETROSPOT,5.0,1/21/11 9:52,2.1,12594
541703,71270,PHOTO CLIP LINE,24.0,1/21/11 9:52,1.25,12594
541703,,POSTAGE,2.0,1/21/11 9:52,28.0,12594
542238,47580,TEA TIME DES TEA COSY,6.0,1/26/11 14:35,2.55,12591
542238,22261,FELT EGG COSY WHITE RABBIT,12.0,1/26/11 14:35,0.85,12591
542238,22260,FELT EGG COSY BLUE RABBIT,12.0,1/26/11 14:35,0.85,12591
542238,22066,LOVE HEART TRINKET POT,12.0,1/26/11 14:35,1.45,12591
542238,22611,VINTAGE UNION JACK SHOPPING BAG,3.0,1/26/11 14:35,4.95,12591
542238,22961,JAM MAKING SET PRINTED,12.0,1/26/11 14:35,1.45,12591
542238,22222,CAKE PLATE LOVEBIRD WHITE,3.0,1/26/11 14:35,4.95,12591
542238,22890,NOVELTY BISCUITS CAKE STAND 3 TIER,2.0,1/26/11 14:35,9.95,12591
542238,22956,36 FOIL HEART CAKE CASES,6.0,1/26/11 14:35,2.1,12591
542238,21068,VINTAGE BILLBOARD LOVE/HATE MUG,12.0,1/26/11 14:35,1.25,12591
542238,84050,PINK HEART SHAPE EGG FRYING PAN,6.0,1/26/11 14:35,1.65,12591
542238,84988,SET OF 72 PINK HEART PAPER DOILIES,24.0,1/26/11 14:35,1.45,12591
542238,84992,72 SWEETHEART FAIRY CAKE CASES,24.0,1/26/11 14:35,0.55,12591
542238,22937,BAKING MOULD CHOCOLATE CUPCAKES,6.0,1/26/11 14:35,2.55,12591
542238,22667,RECIPE BOX RETROSPOT,6.0,1/26/11 14:35,2.95,12591
542238,22131,FOOD CONTAINER SET 3 LOVE HEART,6.0,1/26/11 14:35,1.95,12591
542238,22133,PINK LOVE HEART SHAPE CUP,12.0,1/26/11 14:35,0.85,12591
542238,22132,RED LOVE HEART SHAPE CUP,12.0,1/26/11 14:35,0.85,12591
542238,22364,GLASS JAR DIGESTIVE BISCUITS,6.0,1/26/11 14:35,2.95,12591
542238,22363,GLASS JAR MARMALADE,6.0,1/26/11 14:35,2.95,12591
542238,22923,FRIDGE MAGNETS LES ENFANTS ASSORTED,12.0,1/26/11 14:35,0.85,12591
542238,22922,FRIDGE MAGNETS US DINER ASSORTED,12.0,1/26/11 14:35,0.85,12591
542238,22079,RIBBON REEL HEARTS DESIGN,10.0,1/26/11 14:35,1.65,12591
542238,22776,SWEETHEART CAKESTAND 3 TIER,1.0,1/26/11 14:35,9.95,12591
542238,,POSTAGE,3.0,1/26/11 14:35,28.0,12591
542238,21524,DOORMAT SPOTTY HOME SWEET HOME,2.0,1/26/11 14:35,7.95,12591
,21936,RED RETROSPOT PICNIC BAG,-2.0,1/27/11 10:01,2.95,12578
,22099,CARAVAN SQUARE TISSUE BOX,-9.0,1/27/11 10:01,1.25,12578
,20980,36 PENCILS TUBE POSY,-9.0,1/27/11 10:01,1.25,12578
,22301,COFFEE MUG CAT + BIRD DESIGN,-1.0,1/27/11 10:01,2.55,12578
,22300,COFFEE MUG DOG + BALL DESIGN,-1.0,1/27/11 10:01,2.55,12578
,,Manual,-1.0,2/11/11 13:39,4.5,12505
544399,22381,TOY TIDY PINK POLKADOT,10.0,2/18/11 12:28,2.1,12594
544399,84375,SET OF 20 KIDS COOKIE CUTTERS,12.0,2/18/11 12:28,2.1,12594
544399,22380,TOY TIDY SPACEBOY,10.0,2/18/11 12:28,2.1,12594
544399,22556,PLASTERS IN TIN CIRCUS PARADE,12.0,2/18/11 12:28,1.65,12594
544399,22898,CHILDRENS APRON APPLES DESIGN,8.0,2/18/11 12:28,1.95,12594
544399,22379,RECYCLING BAG RETROSPOT,10.0,2/18/11 12:28,2.1,12594
544399,22584,PACK OF 6 PANNETONE GIFT BOXES,6.0,2/18/11 12:28,2.55,12594
544399,22583,PACK OF 6 HANDBAG GIFT BOXES,6.0,2/18/11 12:28,2.55,12594
544399,22582,PACK OF 6 SWEETIE GIFT BOXES,6.0,2/18/11 12:28,2.55,12594
544399,20712,JUMBO BAG WOODLAND ANIMALS,10.0,2/18/11 12:28,1.95,12594
544399,20713,JUMBO BAG OWLS,10.0,2/18/11 12:28,1.95,12594
544399,20711,JUMBO BAG TOYS,10.0,2/18/11 12:28,1.95,12594
544399,,POSTAGE,1.0,2/18/11 12:28,28.0,12594
545664,21754,HOME BUILDING BLOCK WORD,3.0,3/4/11 15:15,5.95,12584
545664,21260,FIRST AID TIN,6.0,3/4/11 15:15,3.25,12584
545664,22848,BREAD BIN DINER STYLE PINK,1.0,3/4/11 15:15,16.95,12584
545664,,FAIRY SOAP SOAP HOLDER,12.0,3/4/11 15:15,1.69,12584
545664,21624,VINTAGE UNION JACK DOORSTOP,3.0,3/4/11 15:15,5.95,12584
545664,21623,VINTAGE UNION JACK MEMOBOARD,2.0,3/4/11 15:15,9.95,12584
545664,48138,DOORMAT UNION FLAG,2.0,3/4/11 15:15,7.95,12584
545664,21622,VINTAGE UNION JACK CUSHION COVER,12.0,3/4/11 15:15,4.95,12584
545664,21524,DOORMAT SPOTTY HOME SWEET HOME,2.0,3/4/11 15:15,7.95,12584
545664,22366,DOORMAT AIRMAIL,2.0,3/4/11 15:15,7.95,12584
545664,22692,DOORMAT WELCOME TO OUR HOME,2.0,3/4/11 15:15,7.95,12584
545664,22722,SET OF 6 SPICE TINS PANTRY DESIGN,8.0,3/4/11 15:15,3.95,12584
545664,22720,SET OF 3 CAKE TINS PANTRY DESIGN,6.0,3/4/11 15:15,4.95,12584
545664,21756,BATH BUILDING BLOCK WORD,3.0,3/4/11 15:15,5.95,12584
545664,22667,RECIPE BOX RETROSPOT,12.0,3/4/11 15:15,2.95,12584
545664,21217,RED RETROSPOT ROUND CAKE TINS,1.0,3/4/11 15:15,9.95,12584
545664,21216,"SET 3 RETROSPOT TEA,COFFEE,SUGAR",4.0,3/4/11 15:15,4.95,12584
545664,,POSTAGE,3.0,3/4/11 15:15,28.0,12584
,22720,SET OF 3 CAKE TINS PANTRY DESIGN,-2.0,3/14/11 11:45,4.95,12584
546875,21754,HOME BUILDING BLOCK WORD,6.0,3/17/11 16:38,5.95,12514
546875,21756,BATH BUILDING BLOCK WORD,6.0,3/17/11 16:38,5.95,12514
546875,22485,SET OF 2 WOODEN MARKET CRATES,2.0,3/17/11 16:38,12.75,12514
546875,22120,WELCOME  WOODEN BLOCK LETTERS,6.0,3/17/11 16:38,9.95,12514
546875,22283,6 EGG HOUSE PAINTED WOOD,4.0,3/17/11 16:38,7.95,12514
546875,22282,12 EGG HOUSE PAINTED WOOD,2.0,3/17/11 16:38,12.75,12514
546875,22859,EASTER TIN BUNNY BOUQUET,6.0,3/17/11 16:38,1.65,12514
546875,22858,EASTER TIN KEEPSAKE,6.0,3/17/11 16:38,1.65,12514
546875,22860,EASTER TIN CHICKS PINK DAISY,6.0,3/17/11 16:38,1.65,12514
546875,22861,EASTER TIN CHICKS IN GARDEN,6.0,3/17/11 16:38,1.65,12514
546875,22630,DOLLY GIRL LUNCH BOX,12.0,3/17/11 16:38,1.95,12514
546875,22629,SPACEBOY LUNCH BOX,12.0,3/17/11 16:38,1.95,12514
546875,22635,CHILDS BREAKFAST SET DOLLY GIRL,4.0,3/17/11 16:38,9.95,12514
546875,22634,CHILDS BREAKFAST SET SPACEBOY,4.0,3/17/11 16:38,9.95,12514
546875,22551,PLASTERS IN TIN SPACEBOY,12.0,3/17/11 16:38,1.65,12514
546875,21430,SET/3 RED GINGHAM ROSE STORAGE BOX,6.0,3/17/11 16:38,3.75,12514
546875,21428,SET3 BOOK BOX GREEN GINGHAM FLOWER,4.0,3/17/11 16:38,4.25,12514
546875,20749,ASSORTED COLOUR MINI CASES,2.0,3/17/11 16:38,7.95,12514
546875,22384,LUNCH BAG PINK POLKADOT,10.0,3/17/11 16:38,1.65,12514
546875,20726,LUNCH BAG WOODLAND,10.0,3/17/11 16:38,1.65,12514
546875,20725,LUNCH BAG RED RETROSPOT,10.0,3/17/11 16:38,1.65,12514
546875,22383,LUNCH BAG SUKI  DESIGN,10.0,3/17/11 16:38,1.65,12514
546875,22662,LUNCH BAG DOLLY GIRL DESIGN,10.0,3/17/11 16:38,1.65,12514
546875,20728,LUNCH BAG CARS BLUE,10.0,3/17/11 16:38,1.65,12514
546875,22382,LUNCH BAG SPACEBOY DESIGN,10.0,3/17/11 16:38,1.65,12514
546875,20723,STRAWBERRY CHARLOTTE BAG,10.0,3/17/11 16:38,0.85,12514
546875,22661,CHARLOTTE BAG DOLLY GIRL DESIGN,10.0,3/17/11 16:38,0.85,12514
546875,22355,CHARLOTTE BAG SUKI DESIGN,10.0,3/17/11 16:38,0.85,12514
546875,22356,CHARLOTTE BAG PINK POLKADOT,10.0,3/17/11 16:38,0.85,12514
546875,20724,RED RETROSPOT CHARLOTTE BAG,10.0,3/17/11 16:38,0.85,12514
546875,20719,WOODLAND CHARLOTTE BAG,10.0,3/17/11 16:38,0.85,12514
546875,21165,BEWARE OF THE CAT METAL SIGN,12.0,3/17/11 16:38,1.69,12514
546875,22357,KINGS CHOICE BISCUIT TIN,4.0,3/17/11 16:38,4.25,12514
546875,22659,LUNCH BOX I LOVE LONDON,12.0,3/17/11 16:38,1.95,12514
546875,22902,TOTE BAG I LOVE LONDON,12.0,3/17/11 16:38,2.1,12514
546875,22971,QUEENS GUARD COFFEE MUG,6.0,3/17/11 16:38,2.55,12514
546875,23177,TREASURE ISLAND BOOK BOX,8.0,3/17/11 16:38,2.25,12514
546875,23194,GYMKHANNA TREASURE BOOK BOX,8.0,3/17/11 16:38,2.25,12514
546875,23193,BUFFALO BILL TREASURE BOOK BOX,8.0,3/17/11 16:38,2.25,12514
546875,23176,ABC TREASURE BOOK BOX,8.0,3/17/11 16:38,2.25,12514
546875,22405,MONEY BOX POCKET MONEY DESIGN,12.0,3/17/11 16:38,1.25,12514
546875,22409,MONEY BOX BISCUITS DESIGN,12.0,3/17/11 16:38,1.25,12514
546875,22561,WOODEN SCHOOL COLOURING SET,12.0,3/17/11 16:38,1.65,12514
546875,22721,SET OF 3 CAKE TINS SKETCHBOOK,6.0,3/17/11 16:38,4.95,12514
546875,37370,RETRO COFFEE MUGS ASSORTED,12.0,3/17/11 16:38,1.25,12514
546875,21700,BIG DOUGHNUT FRIDGE MAGNETS,24.0,3/17/11 16:38,0.85,12514
546875,22922,FRIDGE MAGNETS US DINER ASSORTED,12.0,3/17/11 16:38,0.85,12514
546875,22923,FRIDGE MAGNETS LES ENFANTS ASSORTED,12.0,3/17/11 16:38,0.85,12514
546875,22924,FRIDGE MAGNETS LA VIE EN ROSE,12.0,3/17/11 16:38,0.85,12514
546875,22119,PEACE WOODEN BLOCK LETTERS,6.0,3/17/11 16:38,6.95,12514
546875,21755,LOVE BUILDING BLOCK WORD,6.0,3/17/11 16:38,5.95,12514
547914,22139,RETROSPOT TEA SET CERAMIC 11 PC,6.0,3/28/11 12:35,4.95,12594
547914,22554,PLASTERS IN TIN WOODLAND ANIMALS,12.0,3/28/11 12:35,1.65,12594
547914,22556,PLASTERS IN TIN CIRCUS PARADE,12.0,3/28/11 12:35,1.65,12594
547914,20719,WOODLAND CHARLOTTE BAG,30.0,3/28/11 12:35,0.85,12594
547914,22326,ROUND SNACK BOXES SET OF4 WOODLAND,12.0,3/28/11 12:35,2.95,12594
547914,22466,FAIRY TALE COTTAGE NIGHTLIGHT,12.0,3/28/11 12:35,1.95,12594
547914,21931,JUMBO STORAGE BAG SUKI,10.0,3/28/11 12:35,1.95,12594
547914,20724,RED RETROSPOT CHARLOTTE BAG,20.0,3/28/11 12:35,0.85,12594
547914,22898,CHILDRENS APRON APPLES DESIGN,16.0,3/28/11 12:35,1.95,12594
547914,84375,SET OF 20 KIDS COOKIE CUTTERS,12.0,3/28/11 12:35,2.1,12594
547914,22966,GINGERBREAD MAN COOKIE CUTTER,12.0,3/28/11 12:35,1.25,12594
547914,23176,ABC TREASURE BOOK BOX,8.0,3/28/11 12:35,2.25,12594
547914,,POSTAGE,1.0,3/28/11 12:35,18.0,12594
,,POSTAGE,-1.0,3/28/11 14:00,18.0,12594
547931,,POSTAGE,1.0,3/28/11 14:01,28.0,12594
549233,22690,DOORMAT HOME SWEET HOME BLUE,4.0,4/7/11 11:06,7.95,14912
549233,23078,ICE CREAM PEN LIP GLOSS,24.0,4/7/11 11:06,1.25,14912
549233,22475,SKULL DESIGN TV DINNER TRAY,3.0,4/7/11 11:06,4.95,14912
549233,22243,5 HOOK HANGER RED MAGIC TOADSTOOL,12.0,4/7/11 11:06,1.65,14912
549233,22558,CLOTHES PEGS RETROSPOT PACK 24,12.0,4/7/11 11:06,1.49,14912
549233,21164,HOME SWEET HOME METAL SIGN,6.0,4/7/11 11:06,2.95,14912
549233,21169,YOU'RE CONFUSING ME METAL SIGN,12.0,4/7/11 11:06,1.69,14912
549233,23155,KNICKERBOCKERGLORY MAGNET ASSORTED,24.0,4/7/11 11:06,0.83,14912
549233,23156,SET OF 5 MINI GROCERY MAGNETS,12.0,4/7/11 11:06,2.08,14912
549233,22197,SMALL POPCORN HOLDER,48.0,4/7/11 11:06,0.85,14912
549233,,"FEATHER PEN,LIGHT PINK",48.0,4/7/11 11:06,0.85,14912
549233,,"FEATHER PEN,HOT PINK",96.0,4/7/11 11:06,0.85,14912
549233,,"FEATHER PEN,COAL BLACK",72.0,4/7/11 11:06,0.85,14912
549233,21700,BIG DOUGHNUT FRIDGE MAGNETS,72.0,4/7/11 11:06,0.85,14912
550606,22326,ROUND SNACK BOXES SET OF4 WOODLAND,12.0,4/19/11 12:08,2.95,12594
550606,20712,JUMBO BAG WOODLAND ANIMALS,20.0,4/19/11 12:08,2.08,12594
550606,21931,JUMBO STORAGE BAG SUKI,10.0,4/19/11 12:08,2.08,12594
550606,21033,JUMBO BAG CHARLIE AND LOLA TOYS,10.0,4/19/11 12:08,2.08,12594
550606,20726,LUNCH BAG WOODLAND,20.0,4/19/11 12:08,1.65,12594
550606,20728,LUNCH BAG CARS BLUE,20.0,4/19/11 12:08,1.65,12594
550606,23206,LUNCH BAG APPLE DESIGN,20.0,4/19/11 12:08,1.65,12594
550606,,SCOTTIE DOGS BABY BIB,96.0,4/19/11 12:08,0.39,12594
555107,20711,JUMBO BAG TOYS,20.0,5/31/11 14:14,2.08,12594
555107,21931,JUMBO STORAGE BAG SUKI,20.0,5/31/11 14:14,2.08,12594
555107,21930,JUMBO STORAGE BAG SKULLS,10.0,5/31/11 14:14,2.08,12594
555107,20712,JUMBO BAG WOODLAND ANIMALS,10.0,5/31/11 14:14,2.08,12594
555107,23201,JUMBO BAG ALPHABET,10.0,5/31/11 14:14,2.08,12594
555107,22380,TOY TIDY SPACEBOY,10.0,5/31/11 14:14,2.1,12594
555107,22381,TOY TIDY PINK POLKADOT,10.0,5/31/11 14:14,2.1,12594
555107,22379,RECYCLING BAG RETROSPOT,10.0,5/31/11 14:14,2.1,12594
555107,20724,RED RETROSPOT CHARLOTTE BAG,20.0,5/31/11 14:14,0.85,12594
555107,20719,WOODLAND CHARLOTTE BAG,20.0,5/31/11 14:14,0.85,12594
555107,21110,LARGE CAKE TOWEL PINK SPOTS,6.0,5/31/11 14:14,6.75,12594
555107,22745,POPPY'S PLAYHOUSE BEDROOM,6.0,5/31/11 14:14,2.1,12594
555107,22748,POPPY'S PLAYHOUSE KITCHEN,6.0,5/31/11 14:14,2.1,12594
555107,21055,TOOL BOX SOFT TOY,3.0,5/31/11 14:14,8.95,12594
555107,22898,CHILDRENS APRON APPLES DESIGN,8.0,5/31/11 14:14,1.95,12594
555107,22326,ROUND SNACK BOXES SET OF4 WOODLAND,6.0,5/31/11 14:14,2.95,12594
555107,22328,ROUND SNACK BOXES SET OF 4 FRUITS,6.0,5/31/11 14:14,2.95,12594
555107,22549,PICTURE DOMINOES,12.0,5/31/11 14:14,1.45,12594
555107,22273,FELTCRAFT DOLL MOLLY,12.0,5/31/11 14:14,2.95,12594
555107,22466,FAIRY TALE COTTAGE NIGHTLIGHT,24.0,5/31/11 14:14,1.95,12594
555107,23176,ABC TREASURE BOOK BOX,8.0,5/31/11 14:14,2.25,12594
555107,21249,WOODLAND  HEIGHT CHART STICKERS,18.0,5/31/11 14:14,2.95,12594
555107,22584,PACK OF 6 PANNETONE GIFT BOXES,12.0,5/31/11 14:14,2.55,12594
555843,48138,DOORMAT UNION FLAG,2.0,6/7/11 13:00,7.95,12584
555843,22692,DOORMAT WELCOME TO OUR HOME,2.0,6/7/11 13:00,7.95,12584
555843,23284,DOORMAT KEEP CALM AND COME IN,2.0,6/7/11 13:00,7.95,12584
555843,22366,DOORMAT AIRMAIL,2.0,6/7/11 13:00,7.95,12584
555843,22849,BREAD BIN DINER STYLE MINT,1.0,6/7/11 13:00,16.95,12584
555843,22848,BREAD BIN DINER STYLE PINK,2.0,6/7/11 13:00,16.95,12584
555843,22804,CANDLEHOLDER PINK HANGING HEART,6.0,6/7/11 13:00,2.95,12584
555843,22627,MINT KITCHEN SCALES,2.0,6/7/11 13:00,8.5,12584
555843,,ENAMEL PINK COFFEE CONTAINER,12.0,6/7/11 13:00,0.83,12584
556119,23084,RABBIT NIGHT LIGHT,24.0,6/9/11 10:05,1.79,12594
,22804,CANDLEHOLDER PINK HANGING HEART,-2.0,6/29/11 12:53,2.95,12584
,22848,BREAD BIN DINER STYLE PINK,-1.0,6/29/11 12:53,16.95,12584
,22849,BREAD BIN DINER STYLE MINT,-1.0,6/29/11 12:53,16.95,12584
561259,22627,MINT KITCHEN SCALES,2.0,7/26/11 12:04,8.5,12584
561259,22844,VINTAGE CREAM DOG FOOD CONTAINER,2.0,7/26/11 12:04,8.5,12584
561259,21533,RETROSPOT LARGE MILK JUG,3.0,7/26/11 12:04,4.95,12584
561259,23243,SET OF TEA COFFEE SUGAR TINS PANTRY,4.0,7/26/11 12:04,4.95,12584
561259,22848,BREAD BIN DINER STYLE PINK,2.0,7/26/11 12:04,16.95,12584
561259,22720,SET OF 3 CAKE TINS PANTRY DESIGN,9.0,7/26/11 12:04,4.95,12584
,22720,SET OF 3 CAKE TINS PANTRY DESIGN,-2.0,8/4/11 17:06,4.95,12584
,22627,MINT KITCHEN SCALES,-2.0,8/4/11 17:06,8.5,12584
,22423,REGENCY CAKESTAND 3 TIER,-1.0,8/4/11 17:06,12.75,12584
562424,22423,REGENCY CAKESTAND 3 TIER,1.0,8/4/11 17:07,12.75,12584
,23243,SET OF TEA COFFEE SUGAR TINS PANTRY,-1.0,8/4/11 17:08,4.95,12584
562528,22993,SET OF 4 PANTRY JELLY MOULDS,12.0,8/5/11 13:52,1.25,12610
562528,23231,WRAP DOILEY DESIGN,25.0,8/5/11 13:52,0.42,12610
562528,,WRAP ENGLISH ROSE,25.0,8/5/11 13:52,0.42,12610
562528,22710,WRAP I LOVE LONDON,25.0,8/5/11 13:52,0.42,12610
562528,21497,FANCY FONTS BIRTHDAY WRAP,25.0,8/5/11 13:52,0.42,12610
562528,22813,PACK 3 BOXES BIRD PANNETONE,12.0,8/5/11 13:52,1.95,12610
562528,22149,FELTCRAFT 6 FLOWER FRIENDS,6.0,8/5/11 13:52,2.1,12610
562528,22605,WOODEN CROQUET GARDEN SET,1.0,8/5/11 13:52,14.95,12610
562528,22139,RETROSPOT TEA SET CERAMIC 11 PC,3.0,8/5/11 13:52,4.95,12610
562528,22138,BAKING SET 9 PIECE RETROSPOT,3.0,8/5/11 13:52,4.95,12610
562528,22553,PLASTERS IN TIN SKULLS,12.0,8/5/11 13:52,1.65,12610
562528,22617,BAKING SET SPACEBOY DESIGN,3.0,8/5/11 13:52,4.95,12610
562528,23008,DOLLY GIRL BABY GIFT SET,1.0,8/5/11 13:52,16.95,12610
562528,23010,CIRCUS PARADE BABY GIFT SET,1.0,8/5/11 13:52,16.95,12610
562528,23009,I LOVE LONDON BABY GIFT SET,1.0,8/5/11 13:52,16.95,12610
562528,21934,SKULL SHOULDER BAG,20.0,8/5/11 13:52,1.65,12610
562528,20749,ASSORTED COLOUR MINI CASES,2.0,8/5/11 13:52,7.95,12610
562528,22377,BOTTLE BAG RETROSPOT,5.0,8/5/11 13:52,2.1,12610
562528,22379,RECYCLING BAG RETROSPOT,5.0,8/5/11 13:52,2.1,12610
562528,20718,RED RETROSPOT SHOPPER BAG,10.0,8/5/11 13:52,1.25,12610
562528,,WHITE BAROQUE WALL CLOCK,1.0,8/5/11 13:52,12.75,12610
562528,23243,SET OF TEA COFFEE SUGAR TINS PANTRY,4.0,8/5/11 13:52,4.95,12610
562528,20971,PINK BLUE FELT CRAFT TRINKET BOX,12.0,8/5/11 13:52,1.25,12610
562528,20972,PINK CREAM FELT CRAFT TRINKET BOX,12.0,8/5/11 13:52,1.25,12610
562528,23126,FELTCRAFT GIRL AMELIE KIT,4.0,8/5/11 13:52,4.95,12610
562528,22750,FELTCRAFT PRINCESS LOLA DOLL,4.0,8/5/11 13:52,3.75,12610
562528,22749,FELTCRAFT PRINCESS CHARLOTTE DOLL,4.0,8/5/11 13:52,3.75,12610
562528,22621,TRADITIONAL KNITTING NANCY,12.0,8/5/11 13:52,1.65,12610
562528,22568,FELTCRAFT CUSHION OWL,4.0,8/5/11 13:52,3.75,12610
562528,21987,PACK OF 6 SKULL PAPER CUPS,12.0,8/5/11 13:52,0.65,12610
562528,21086,SET/6 RED SPOTTY PAPER CUPS,12.0,8/5/11 13:52,0.65,12610
562528,21988,PACK OF 6 SKULL PAPER PLATES,12.0,8/5/11 13:52,0.85,12610
562528,21094,SET/6 RED SPOTTY PAPER PLATES,12.0,8/5/11 13:52,0.85,12610
562528,21080,SET/20 RED RETROSPOT PAPER NAPKINS,12.0,8/5/11 13:52,0.85,12610
562528,21989,PACK OF 20 SKULL PAPER NAPKINS,12.0,8/5/11 13:52,0.85,12610
562528,21936,RED RETROSPOT PICNIC BAG,5.0,8/5/11 13:52,2.95,12610
562528,22776,SWEETHEART CAKESTAND 3 TIER,1.0,8/5/11 13:52,9.95,12610
562528,22584,PACK OF 6 PANNETONE GIFT BOXES,6.0,8/5/11 13:52,2.55,12610
562528,22583,PACK OF 6 HANDBAG GIFT BOXES,6.0,8/5/11 13:52,2.55,12610
562528,23226,FILIGREE HEART DAISY WHITE,24.0,8/5/11 13:52,1.25,12610
562528,22297,HEART IVORY TRELLIS SMALL,24.0,8/5/11 13:52,1.25,12610
562528,82484,WOOD BLACK BOARD ANT WHITE FINISH,2.0,8/5/11 13:52,7.95,12610
562528,82486,WOOD S/3 CABINET ANT WHITE FINISH,2.0,8/5/11 13:52,8.95,12610
562528,85066,CREAM SWEETHEART MINI CHEST,2.0,8/5/11 13:52,12.75,12610
562528,,WHITE HANGING HEART T-LIGHT HOLDER,6.0,8/5/11 13:52,2.95,12610
562528,22784,LANTERN CREAM GAZEBO,3.0,8/5/11 13:52,4.95,12610
562528,22961,JAM MAKING SET PRINTED,12.0,8/5/11 13:52,1.45,12610
562528,22742,MAKE YOUR OWN PLAYTIME CARD KIT,6.0,8/5/11 13:52,2.95,12610
562528,22743,MAKE YOUR OWN FLOWERPOWER CARD KIT,6.0,8/5/11 13:52,2.95,12610
562528,22744,MAKE YOUR OWN MONSOON CARD KIT,6.0,8/5/11 13:52,2.95,12610
562528,22654,DELUXE SEWING KIT,3.0,8/5/11 13:52,5.95,12610
562528,22423,REGENCY CAKESTAND 3 TIER,1.0,8/5/11 13:52,12.75,12610
562528,22969,HOMEMADE JAM SCENTED CANDLES,12.0,8/5/11 13:52,1.45,12610
562528,,POSTAGE,4.0,8/5/11 13:52,28.0,12610
562922,20728,LUNCH BAG CARS BLUE,20.0,8/10/11 14:26,1.65,12594
562922,20726,LUNCH BAG WOODLAND,20.0,8/10/11 14:26,1.65,12594
562922,22139,RETROSPOT TEA SET CERAMIC 11 PC,9.0,8/10/11 14:26,4.95,12594
562922,22966,GINGERBREAD MAN COOKIE CUTTER,12.0,8/10/11 14:26,1.25,12594
562922,84375,SET OF 20 KIDS COOKIE CUTTERS,12.0,8/10/11 14:26,2.1,12594
562922,22939,APRON APPLE DELIGHT,12.0,8/10/11 14:26,4.95,12594
562922,22554,PLASTERS IN TIN WOODLAND ANIMALS,12.0,8/10/11 14:26,1.65,12594
562922,22556,PLASTERS IN TIN CIRCUS PARADE,12.0,8/10/11 14:26,1.65,12594
562922,22466,FAIRY TALE COTTAGE NIGHTLIGHT,24.0,8/10/11 14:26,1.95,12594
562922,22549,PICTURE DOMINOES,24.0,8/10/11 14:26,1.45,12594
562922,21365,MIRRORED WALL ART STARS,48.0,8/10/11 14:26,0.75,12594
562922,21249,WOODLAND  HEIGHT CHART STICKERS,30.0,8/10/11 14:26,2.55,12594
562922,71270,PHOTO CLIP LINE,24.0,8/10/11 14:26,1.25,12594
562922,22380,TOY TIDY SPACEBOY,10.0,8/10/11 14:26,2.1,12594
562922,22381,TOY TIDY PINK POLKADOT,10.0,8/10/11 14:26,2.1,12594
562922,21986,PACK OF 12 PINK POLKADOT TISSUES,24.0,8/10/11 14:26,0.29,12594
562922,21980,PACK OF 12 RED RETROSPOT TISSUES,24.0,8/10/11 14:26,0.29,12594
562922,22898,CHILDRENS APRON APPLES DESIGN,8.0,8/10/11 14:26,1.95,12594
562922,21371,MIRRORED WALL ART POPPIES,48.0,8/10/11 14:26,0.75,12594
562922,21306,SET/4 DAISY MIRROR MAGNETS,72.0,8/10/11 14:26,0.29,12594
562922,23206,LUNCH BAG APPLE DESIGN,30.0,8/10/11 14:26,1.65,12594
562922,,CHARLIE AND LOLA FIGURES TINS,36.0,8/10/11 14:26,1.95,12594
,22568,FELTCRAFT CUSHION OWL,-1.0,8/11/11 10:58,3.75,12610
,21987,PACK OF 6 SKULL PAPER CUPS,-12.0,8/11/11 10:58,0.65,12610
