545072,22930,BAKING MOULD HEART MILK CHOCOLATE,18.0,2/28/11 8:43,2.55,12781
545072,84755,COLOUR GLASS T-LIGHT HOLDER HANGING,48.0,2/28/11 8:43,0.65,12781
545072,22216,T-LIGHT HOLDER WHITE LACE,24.0,2/28/11 8:43,0.85,12781
545072,21791,VINTAGE HEADS AND TAILS CARD GAME,12.0,2/28/11 8:43,1.25,12781
545072,22231,JIGSAW TREE WITH BIRDHOUSE,36.0,2/28/11 8:43,1.45,12781
545072,22250,DECORATION  BUTTERFLY  MAGIC GARDEN,32.0,2/28/11 8:43,0.85,12781
545072,,PINK METAL CHICKEN HEART,24.0,2/28/11 8:43,1.49,12781
545072,20972,PINK CREAM FELT CRAFT TRINKET BOX,24.0,2/28/11 8:43,1.25,12781
545072,22326,ROUND SNACK BOXES SET OF4 WOODLAND,24.0,2/28/11 8:43,2.95,12781
545072,21428,SET3 BOOK BOX GREEN GINGHAM FLOWER,12.0,2/28/11 8:43,4.25,12781
545072,22587,FELTCRAFT HAIRBAND RED AND BLUE,24.0,2/28/11 8:43,0.85,12781
545072,,SCOTTIES DESIGN WASHBAG,24.0,2/28/11 8:43,1.95,12781
545072,,CREAM FELT EASTER EGG BASKET,24.0,2/28/11 8:43,1.65,12781
545072,22244,3 HOOK HANGER MAGIC GARDEN,12.0,2/28/11 8:43,1.95,12781
545072,22505,MEMO BOARD COTTAGE DESIGN,8.0,2/28/11 8:43,4.95,12781
,22231,JIGSAW TREE WITH BIRDHOUSE,-15.0,4/1/11 15:00,1.45,12781
,,PINK METAL CHICKEN HEART,-24.0,4/1/11 15:00,1.49,12781
