563241,23206,LUNCH BAG APPLE DESIGN,30.0,8/15/11 10:22,1.65,12758
563241,23207,LUNCH BAG ALPHABET DESIGN,30.0,8/15/11 10:22,1.65,12758
563241,23208,LUNCH BAG VINTAGE LEAF DESIGN,30.0,8/15/11 10:22,1.65,12758
563241,23209,LUNCH BAG VINTAGE DOILY,30.0,8/15/11 10:22,1.65,12758
563241,23203,JUMBO BAG VINTAGE DOILY,30.0,8/15/11 10:22,2.08,12758
563241,23201,JUMBO BAG ALPHABET,30.0,8/15/11 10:22,2.08,12758
563241,23202,JUMBO BAG VINTAGE LEAF,30.0,8/15/11 10:22,2.08,12758
563241,23199,JUMBO BAG APPLES,30.0,8/15/11 10:22,2.08,12758
563241,22411,JUMBO SHOPPER VINTAGE RED PAISLEY,30.0,8/15/11 10:22,2.08,12758
563241,21992,VINTAGE PAISLEY STATIONERY SET,12.0,8/15/11 10:22,1.25,12758
563241,21993,FLORAL FOLK STATIONERY SET,12.0,8/15/11 10:22,1.25,12758
563241,,WRAP ENGLISH ROSE,50.0,8/15/11 10:22,0.42,12758
563241,,WRAP SUKI AND FRIENDS,50.0,8/15/11 10:22,0.42,12758
563241,21497,FANCY FONTS BIRTHDAY WRAP,25.0,8/15/11 10:22,0.42,12758
563241,21498,RED RETROSPOT WRAP,25.0,8/15/11 10:22,0.42,12758
563241,22050,PINK PAISLEY ROSE GIFT WRAP,50.0,8/15/11 10:22,0.42,12758
563241,22708,WRAP DOLLY GIRL,25.0,8/15/11 10:22,0.42,12758
563241,22051,BLUE SCANDINAVIAN PAISLEY WRAP,25.0,8/15/11 10:22,0.42,12758
563241,22382,LUNCH BAG SPACEBOY DESIGN,30.0,8/15/11 10:22,1.65,12758
563241,22383,LUNCH BAG SUKI DESIGN,30.0,8/15/11 10:22,1.65,12758
563241,21928,JUMBO BAG SCANDINAVIAN BLUE PAISLEY,20.0,8/15/11 10:22,2.08,12758
563241,,JUMBO BAG RED RETROSPOT,20.0,8/15/11 10:22,2.08,12758
563241,22386,JUMBO BAG PINK POLKADOT,10.0,8/15/11 10:22,2.08,12758
563241,22704,WRAP RED APPLES,25.0,8/15/11 10:22,0.42,12758
563241,23231,WRAP  VINTAGE DOILY,25.0,8/15/11 10:22,0.42,12758
563241,23350,ROLL WRAP VINTAGE SPOT,12.0,8/15/11 10:22,1.25,12758
563241,23545,WRAP RED VINTAGE DOILY,25.0,8/15/11 10:22,0.42,12758
563241,23546,WRAP PAISLEY PARK,25.0,8/15/11 10:22,0.42,12758
563241,23547,WRAP FLOWER SHOP,25.0,8/15/11 10:22,0.42,12758
563241,23549,WRAP BIRD GARDEN,25.0,8/15/11 10:22,0.42,12758
563241,,JUMBO  BAG BAROQUE BLACK WHITE,20.0,8/15/11 10:22,2.08,12758
563241,21929,JUMBO BAG PINK VINTAGE PAISLEY,10.0,8/15/11 10:22,2.08,12758
563241,23205,CHARLOTTE BAG VINTAGE ALPHABET,20.0,8/15/11 10:22,0.85,12758
563241,23204,CHARLOTTE BAG APPLES DESIGN,20.0,8/15/11 10:22,0.85,12758
563241,22355,CHARLOTTE BAG SUKI DESIGN,20.0,8/15/11 10:22,0.85,12758
563241,20724,RED RETROSPOT CHARLOTTE BAG,20.0,8/15/11 10:22,0.85,12758
563241,20725,LUNCH BAG RED RETROSPOT,20.0,8/15/11 10:22,1.65,12758
563241,20728,LUNCH BAG CARS BLUE,30.0,8/15/11 10:22,1.65,12758
563241,22384,LUNCH BAG PINK POLKADOT,20.0,8/15/11 10:22,1.65,12758
563241,20726,LUNCH BAG WOODLAND,10.0,8/15/11 10:22,1.65,12758
563241,22662,LUNCH BAG DOLLY GIRL DESIGN,20.0,8/15/11 10:22,1.65,12758
565295,22646,CERAMIC STRAWBERRY CAKE MONEY BANK,12.0,9/2/11 12:01,1.45,12794
565295,23078,ICE CREAM PEN LIP GLOSS,24.0,9/2/11 12:01,1.25,12794
565295,,PINK FAIRY CAKE CUSHION COVER,4.0,9/2/11 12:01,3.75,12794
565295,23154,SET OF 4 JAM JAR MAGNETS,12.0,9/2/11 12:01,2.08,12794
565295,,TEA TIME KITCHEN APRON,3.0,9/2/11 12:01,5.95,12794
565295,,PINK FAIRY CAKE CHILDRENS APRON,8.0,9/2/11 12:01,1.95,12794
565295,,TEA TIME OVEN GLOVE,10.0,9/2/11 12:01,1.25,12794
565295,22567,20 DOLLY PEGS RETROSPOT,12.0,9/2/11 12:01,1.45,12794
565295,84991,60 TEATIME FAIRY CAKE CASES,24.0,9/2/11 12:01,0.55,12794
565295,22851,SET 20 NAPKINS FAIRY CAKES DESIGN,12.0,9/2/11 12:01,0.85,12794
565295,,SET OF 4 FAIRY CAKE PLACEMATS,4.0,9/2/11 12:01,3.75,12794
565295,47580,TEA TIME DES TEA COSY,6.0,9/2/11 12:01,2.55,12794
565295,,WRAP PINK FAIRY CAKES,25.0,9/2/11 12:01,0.42,12794
565295,21288,STRIPEY CHOCOLATE NESTING BOXES,6.0,9/2/11 12:01,2.95,12794
565295,21292,SMALL STRIPES CHOCOLATE GIFT BAG,16.0,9/2/11 12:01,0.85,12794
565295,72741,GRAND CHOCOLATECANDLE,9.0,9/2/11 12:01,1.45,12794
565295,,PINK PARTY BAGS,6.0,9/2/11 12:01,2.1,12794
565295,,FAIRY CAKES NOTEBOOK A6 SIZE,16.0,9/2/11 12:01,0.65,12794
565295,84987,SET OF 36 TEATIME PAPER DOILIES,12.0,9/2/11 12:01,1.45,12794
565295,23189,SET OF 12 FORK CANDLES,6.0,9/2/11 12:01,2.89,12794
567929,20723,STRAWBERRY CHARLOTTE BAG,10.0,9/22/11 17:31,0.85,12425
567929,20724,RED RETROSPOT CHARLOTTE BAG,10.0,9/22/11 17:31,0.85,12425
567929,23204,CHARLOTTE BAG APPLES DESIGN,10.0,9/22/11 17:31,0.85,12425
567929,,JUMBO BAG STRAWBERRY,10.0,9/22/11 17:31,2.08,12425
567929,20725,LUNCH BAG RED RETROSPOT,10.0,9/22/11 17:31,1.65,12425
567929,21932,SCANDINAVIAN PAISLEY PICNIC BAG,10.0,9/22/11 17:31,1.65,12425
567929,22383,LUNCH BAG SUKI DESIGN,10.0,9/22/11 17:31,1.65,12425
567929,20728,LUNCH BAG CARS BLUE,10.0,9/22/11 17:31,1.65,12425
567929,21933,PINK VINTAGE PAISLEY PICNIC BAG,10.0,9/22/11 17:31,1.65,12425
567929,22720,SET OF 3 CAKE TINS PANTRY DESIGN,3.0,9/22/11 17:31,4.95,12425
567929,23245,SET OF 3 REGENCY CAKE TINS,4.0,9/22/11 17:31,4.95,12425
567929,20751,FUNKY WASHING UP GLOVES ASSORTED,12.0,9/22/11 17:31,2.1,12425
567929,21155,RED RETROSPOT PEG BAG,6.0,9/22/11 17:31,2.55,12425
567929,22558,CLOTHES PEGS RETROSPOT PACK 24,12.0,9/22/11 17:31,1.65,12425
567929,21154,RED RETROSPOT OVEN GLOVE,10.0,9/22/11 17:31,1.25,12425
567929,21210,SET OF 72 RETROSPOT PAPER  DOILIES,12.0,9/22/11 17:31,1.45,12425
567929,21947,SET OF 6 HEART CHOPSTICKS,12.0,9/22/11 17:31,1.25,12425
567929,22215,CAKE STAND WHITE TWO TIER LACE,2.0,9/22/11 17:31,8.5,12425
567929,20914,SET/5 RED RETROSPOT LID GLASS BOWLS,24.0,9/22/11 17:31,2.95,12425
567929,22961,JAM MAKING SET PRINTED,12.0,9/22/11 17:31,1.45,12425
567929,22485,SET OF 2 WOODEN MARKET CRATES,2.0,9/22/11 17:31,12.75,12425
567929,22138,BAKING SET 9 PIECE RETROSPOT,3.0,9/22/11 17:31,4.95,12425
567929,22139,RETROSPOT TEA SET CERAMIC 11 PC,3.0,9/22/11 17:31,4.95,12425
567929,23271,CHRISTMAS TABLE SILVER CANDLE SPIKE,32.0,9/22/11 17:31,0.83,12425
567929,,ENGLISH ROSE GARDEN SECATEURS,24.0,9/22/11 17:31,0.79,12425
567929,,ASS FLORAL PRINT MULTI SCREWDRIVER,24.0,9/22/11 17:31,0.42,12425
567929,22471,TV DINNER TRAY AIR HOSTESS,3.0,9/22/11 17:31,4.95,12425
567929,22329,ROUND CONTAINER SET OF 5 RETROSPOT,12.0,9/22/11 17:31,1.65,12425
567929,22628,PICNIC BOXES SET OF 3 RETROSPOT,4.0,9/22/11 17:31,4.95,12425
567929,23078,ICE CREAM PEN LIP GLOSS,48.0,9/22/11 17:31,1.25,12425
567929,23077,DOUGHNUT LIP GLOSS,40.0,9/22/11 17:31,1.25,12425
567929,23076,ICE CREAM SUNDAE LIP GLOSS,48.0,9/22/11 17:31,1.25,12425
567929,21212,PACK OF 72 RETROSPOT CAKE CASES,24.0,9/22/11 17:31,0.55,12425
567929,22557,PLASTERS IN TIN VINTAGE PAISLEY,12.0,9/22/11 17:31,1.65,12425
567929,22555,PLASTERS IN TIN STRONGMAN,12.0,9/22/11 17:31,1.65,12425
567929,22352,LUNCH BOX WITH CUTLERY RETROSPOT,6.0,9/22/11 17:31,2.55,12425
568208,23318,BOX OF 6 MINI VINTAGE CRACKERS,6.0,9/25/11 15:35,2.49,12783
568208,23319,BOX OF 6 MINI 50'S CRACKERS,6.0,9/25/11 15:35,2.49,12783
568208,23320,GIANT 50'S CHRISTMAS CRACKER,12.0,9/25/11 15:35,2.89,12783
568208,23436,VINTAGE CHRISTMAS GIFT BAG LARGE,12.0,9/25/11 15:35,1.25,12783
568208,23437,50'S CHRISTMAS GIFT BAG LARGE,12.0,9/25/11 15:35,1.25,12783
568208,23211,RED ROCKING HORSE HAND PAINTED,24.0,9/25/11 15:35,1.25,12783
568208,22579,WOODEN TREE CHRISTMAS SCANDINAVIAN,12.0,9/25/11 15:35,0.85,12783
568208,22574,HEART WOODEN CHRISTMAS DECORATION,12.0,9/25/11 15:35,0.85,12783
568208,23129,HEART SHAPED HOLLY WREATH,4.0,9/25/11 15:35,4.15,12783
568208,22469,HEART OF WICKER SMALL,12.0,9/25/11 15:35,1.65,12783
568208,22812,PACK 3 BOXES CHRISTMAS PANNETONE,12.0,9/25/11 15:35,1.95,12783
568208,23109,PACK OF SIX LED TEA LIGHTS,6.0,9/25/11 15:35,2.89,12783
568208,84347,ROTATING SILVER ANGELS T-LIGHT HLDR,6.0,9/25/11 15:35,2.55,12783
568208,22178,VICTORIAN GLASS HANGING T-LIGHT,6.0,9/25/11 15:35,1.95,12783
568208,84879,ASSORTED COLOUR BIRD ORNAMENT,8.0,9/25/11 15:35,1.69,12783
568208,22909,SET OF 20 VINTAGE CHRISTMAS NAPKINS,12.0,9/25/11 15:35,0.85,12783
568208,22945,CHRISTMAS METAL TAGS ASSORTED,12.0,9/25/11 15:35,0.85,12783
568208,,POSTAGE,2.0,9/25/11 15:35,28.0,12783
569866,22320,BIRDS MOBILE VINTAGE DESIGN,2.0,10/6/11 14:50,5.95,12757
569866,20702,PINK PADDED MOBILE,1.0,10/6/11 14:50,4.25,12757
569866,22556,PLASTERS IN TIN CIRCUS PARADE,2.0,10/6/11 14:50,1.65,12757
569866,23493,VINTAGE DOILY TRAVEL SEWING KIT,2.0,10/6/11 14:50,1.95,12757
569866,22554,PLASTERS IN TIN WOODLAND ANIMALS,2.0,10/6/11 14:50,1.65,12757
569866,22551,PLASTERS IN TIN SPACEBOY,4.0,10/6/11 14:50,1.65,12757
569866,22557,PLASTERS IN TIN VINTAGE PAISLEY,8.0,10/6/11 14:50,1.65,12757
569866,22555,PLASTERS IN TIN STRONGMAN,2.0,10/6/11 14:50,1.65,12757
569866,23494,VINTAGE DOILY DELUXE SEWING KIT,4.0,10/6/11 14:50,5.95,12757
569866,22654,DELUXE SEWING KIT,2.0,10/6/11 14:50,5.95,12757
569866,20713,JUMBO BAG OWLS,10.0,10/6/11 14:50,2.08,12757
569866,20702,PINK PADDED MOBILE,1.0,10/6/11 14:50,4.25,12757
569866,23493,VINTAGE DOILY TRAVEL SEWING KIT,12.0,10/6/11 14:50,1.95,12757
569866,22652,TRAVEL SEWING KIT,6.0,10/6/11 14:50,1.65,12757
569866,22356,CHARLOTTE BAG PINK POLKADOT,10.0,10/6/11 14:50,0.85,12757
569866,22333,RETROSPOT PARTY BAG + STICKER SET,2.0,10/6/11 14:50,1.65,12757
569866,22487,WHITE WOOD GARDEN PLANT LADDER,1.0,10/6/11 14:50,9.95,12757
569866,21928,JUMBO BAG SCANDINAVIAN BLUE PAISLEY,10.0,10/6/11 14:50,2.08,12757
569866,23202,JUMBO BAG VINTAGE LEAF,10.0,10/6/11 14:50,2.08,12757
569866,22411,JUMBO SHOPPER VINTAGE RED PAISLEY,20.0,10/6/11 14:50,2.08,12757
569866,21929,JUMBO BAG PINK VINTAGE PAISLEY,10.0,10/6/11 14:50,2.08,12757
569866,,JUMBO BAG RED RETROSPOT,10.0,10/6/11 14:50,2.08,12757
569866,,JUMBO  BAG BAROQUE BLACK WHITE,20.0,10/6/11 14:50,2.08,12757
569866,20711,JUMBO BAG TOYS,10.0,10/6/11 14:50,2.08,12757
569866,23201,JUMBO BAG ALPHABET,10.0,10/6/11 14:50,2.08,12757
569866,23205,CHARLOTTE BAG VINTAGE ALPHABET,20.0,10/6/11 14:50,0.85,12757
569866,22380,TOY TIDY SPACEBOY,4.0,10/6/11 14:50,2.1,12757
569866,22379,RECYCLING BAG RETROSPOT,4.0,10/6/11 14:50,2.1,12757
569866,20728,LUNCH BAG CARS BLUE,30.0,10/6/11 14:50,1.65,12757
569866,23208,LUNCH BAG VINTAGE LEAF DESIGN,20.0,10/6/11 14:50,1.65,12757
569866,23207,LUNCH BAG ALPHABET DESIGN,20.0,10/6/11 14:50,1.65,12757
569866,22383,LUNCH BAG SUKI DESIGN,10.0,10/6/11 14:50,1.65,12757
569866,22382,LUNCH BAG SPACEBOY DESIGN,20.0,10/6/11 14:50,1.65,12757
569866,23209,LUNCH BAG VINTAGE DOILY,30.0,10/6/11 14:50,1.65,12757
569866,22693,GROW A FLYTRAP OR SUNFLOWER IN TIN,24.0,10/6/11 14:50,1.25,12757
569866,23203,JUMBO BAG VINTAGE DOILY,20.0,10/6/11 14:50,2.08,12757
569866,22355,CHARLOTTE BAG SUKI DESIGN,10.0,10/6/11 14:50,0.85,12757
569866,20724,RED RETROSPOT CHARLOTTE BAG,20.0,10/6/11 14:50,0.85,12757
569866,22442,GROW YOUR OWN FLOWERS SET OF 3,1.0,10/6/11 14:50,7.95,12757
569866,22577,WOODEN HEART CHRISTMAS SCANDINAVIAN,1.0,10/6/11 14:50,0.29,12757
569866,22113,GREY HEART HOT WATER BOTTLE,2.0,10/6/11 14:50,4.25,12757
569866,22477,WATERING CAN GARDEN MARKER,3.0,10/6/11 14:50,1.25,12757
569866,21485,RETROSPOT HEART HOT WATER BOTTLE,1.0,10/6/11 14:50,4.95,12757
569866,21484,CHICK GREY HOT WATER BOTTLE,4.0,10/6/11 14:50,4.25,12757
569866,22113,GREY HEART HOT WATER BOTTLE,3.0,10/6/11 14:50,4.25,12757
569866,22384,LUNCH BAG PINK POLKADOT,20.0,10/6/11 14:50,1.65,12757
569866,23192,BUNDLE OF 3 ALPHABET EXERCISE BOOKS,2.0,10/6/11 14:50,1.65,12757
569866,23433,HANGING QUILTED PATCHWORK APPLES,12.0,10/6/11 14:50,0.83,12757
569866,22110,BIRD HOUSE HOT WATER BOTTLE,2.0,10/6/11 14:50,2.55,12757
569866,22112,CHOCOLATE HOT WATER BOTTLE,2.0,10/6/11 14:50,4.95,12757
569866,21485,RETROSPOT HEART HOT WATER BOTTLE,4.0,10/6/11 14:50,4.95,12757
569866,23432,PRETTY HANGING QUILTED HEARTS,12.0,10/6/11 14:50,0.83,12757
569866,22138,BAKING SET 9 PIECE RETROSPOT,2.0,10/6/11 14:50,4.95,12757
569866,22139,RETROSPOT TEA SET CERAMIC 11 PC,2.0,10/6/11 14:50,4.95,12757
569866,22602,RETROSPOT WOODEN HEART DECORATION,1.0,10/6/11 14:50,0.85,12757
569866,23431,NATURAL HANGING QUILTED HEARTS,12.0,10/6/11 14:50,0.83,12757
569866,23197,SKETCHBOOK MAGNETIC SHOPPING LIST,2.0,10/6/11 14:50,1.45,12757
569866,23198,PANTRY MAGNETIC  SHOPPING LIST,2.0,10/6/11 14:50,1.45,12757
569866,,ENGLISH ROSE GARDEN SECATEURS,2.0,10/6/11 14:50,0.79,12757
569866,,CHOCOLATE BOX RIBBONS,2.0,10/6/11 14:50,1.25,12757
569866,,TRADITIONAL CHRISTMAS RIBBONS,4.0,10/6/11 14:50,1.25,12757
569866,,ROMANTIC PINKS RIBBONS,2.0,10/6/11 14:50,1.25,12757
569866,23159,SET OF 5 PANCAKE DAY MAGNETS,4.0,10/6/11 14:50,2.08,12757
569866,23156,SET OF 5 MINI GROCERY MAGNETS,3.0,10/6/11 14:50,2.08,12757
569866,23154,SET OF 4 JAM JAR MAGNETS,5.0,10/6/11 14:50,2.08,12757
569866,16008,SMALL FOLDING SCISSOR(POINTED EDGE),12.0,10/6/11 14:50,0.12,12757
569866,20669,RED HEART LUGGAGE TAG,2.0,10/6/11 14:50,1.25,12757
569866,20869,GOLD FABRIC MIRROR,4.0,10/6/11 14:50,0.39,12757
569866,20867,PINK ROSE FABRIC MIRROR,4.0,10/6/11 14:50,1.25,12757
569866,20868,SILVER FABRIC MIRROR,4.0,10/6/11 14:50,0.39,12757
569866,20866,BLUE ROSE FABRIC MIRROR,4.0,10/6/11 14:50,1.25,12757
569866,22741,FUNKY DIVA PEN,12.0,10/6/11 14:50,0.85,12757
569866,22577,WOODEN HEART CHRISTMAS SCANDINAVIAN,14.0,10/6/11 14:50,0.29,12757
569866,20975,12 PENCILS SMALL TUBE RED RETROSPOT,3.0,10/6/11 14:50,0.65,12757
569866,23367,SET 12 COLOUR PENCILS SPACEBOY,2.0,10/6/11 14:50,0.65,12757
569866,20973,12 PENCIL SMALL TUBE WOODLAND,3.0,10/6/11 14:50,0.65,12757
569866,22602,RETROSPOT WOODEN HEART DECORATION,5.0,10/6/11 14:50,0.85,12757
569866,23365,SET 12 COLOUR PENCILS LOVE LONDON,1.0,10/6/11 14:50,0.65,12757
569866,23366,SET 12 COLOURING PENCILS DOILY,2.0,10/6/11 14:50,0.65,12757
569866,23370,SET 36 COLOURING PENCILS DOILY,2.0,10/6/11 14:50,1.25,12757
569866,23365,SET 12 COLOUR PENCILS LOVE LONDON,1.0,10/6/11 14:50,0.65,12757
569866,21980,PACK OF 12 RED RETROSPOT TISSUES,12.0,10/6/11 14:50,0.39,12757
569866,23380,PACK OF 12 VINTAGE DOILY TISSUES,12.0,10/6/11 14:50,0.39,12757
569866,21985,PACK OF 12 HEARTS DESIGN TISSUES,12.0,10/6/11 14:50,0.39,12757
569866,23551,PACK OF 12 PAISLEY PARK TISSUES,12.0,10/6/11 14:50,0.39,12757
569866,21983,PACK OF 12 BLUE PAISLEY TISSUES,12.0,10/6/11 14:50,0.39,12757
569866,21984,PACK OF 12 PINK PAISLEY TISSUES,12.0,10/6/11 14:50,0.39,12757
569866,22616,PACK OF 12 LONDON TISSUES,12.0,10/6/11 14:50,0.39,12757
569866,22278,OVERNIGHT BAG VINTAGE ROSE PAISLEY,4.0,10/6/11 14:50,4.95,12757
569866,,Manual,2.0,10/6/11 14:50,1.25,12757
569866,23192,BUNDLE OF 3 ALPHABET EXERCISE BOOKS,1.0,10/6/11 14:50,1.65,12757
569866,23191,BUNDLE OF 3 RETRO NOTE BOOKS,1.0,10/6/11 14:50,1.65,12757
569866,22755,SMALL PURPLE BABUSHKA NOTEBOOK,1.0,10/6/11 14:50,0.85,12757
569866,22753,SMALL YELLOW BABUSHKA NOTEBOOK,2.0,10/6/11 14:50,0.85,12757
569866,22754,SMALL RED BABUSHKA NOTEBOOK,2.0,10/6/11 14:50,0.85,12757
569866,20770,ABSTRACT CIRCLE JOURNAL,1.0,10/6/11 14:50,2.55,12757
569866,20767,BLUE PAISLEY JOURNAL,1.0,10/6/11 14:50,2.55,12757
569866,20983,12 PENCILS TALL TUBE RED RETROSPOT,2.0,10/6/11 14:50,0.85,12757
569866,23368,SET 12 COLOUR PENCILS DOLLY GIRL,2.0,10/6/11 14:50,0.65,12757
569866,20984,12 PENCILS TALL TUBE POSY,2.0,10/6/11 14:50,0.29,12757
569866,23369,SET 36 COLOUR PENCILS LOVE LONDON,2.0,10/6/11 14:50,1.25,12757
569866,23191,BUNDLE OF 3 RETRO NOTE BOOKS,1.0,10/6/11 14:50,1.65,12757
569866,22755,SMALL PURPLE BABUSHKA NOTEBOOK,1.0,10/6/11 14:50,0.85,12757
569866,21636,MADRAS NOTEBOOK MEDIUM,3.0,10/6/11 14:50,0.75,12757
569866,20985,HEART CALCULATOR,2.0,10/6/11 14:50,1.25,12757
569866,22759,SET OF 3 NOTEBOOKS IN PARCEL,3.0,10/6/11 14:50,1.65,12757
569866,,FAIRY CAKES NOTEBOOK A6 SIZE,2.0,10/6/11 14:50,0.65,12757
569866,,FAIRY CAKES NOTEBOOK A7 SIZE,2.0,10/6/11 14:50,0.42,12757
569866,,ENGLISH ROSE NOTEBOOK A7 SIZE,2.0,10/6/11 14:50,0.42,12757
569866,22994,TRAVEL CARD WALLET RETROSPOT,2.0,10/6/11 14:50,0.42,12757
569866,22995,TRAVEL CARD WALLET SUKI,2.0,10/6/11 14:50,0.42,12757
569866,22998,TRAVEL CARD WALLET KEEP CALM,2.0,10/6/11 14:50,0.42,12757
569866,22999,TRAVEL CARD WALLET VINTAGE LEAF,2.0,10/6/11 14:50,0.42,12757
569866,21802,CHRISTMAS TREE HEART DECORATION,15.0,10/6/11 14:50,0.42,12757
569866,22574,HEART WOODEN CHRISTMAS DECORATION,1.0,10/6/11 14:50,0.85,12757
569866,22335,HEART DECORATION PAINTED ZINC,1.0,10/6/11 14:50,0.65,12757
569866,22337,ANGEL DECORATION PAINTED ZINC,4.0,10/6/11 14:50,0.65,12757
569866,22338,STAR DECORATION PAINTED ZINC,6.0,10/6/11 14:50,0.19,12757
569866,22579,WOODEN TREE CHRISTMAS SCANDINAVIAN,6.0,10/6/11 14:50,0.29,12757
569866,22603,CHRISTMAS RETROSPOT TREE WOOD,6.0,10/6/11 14:50,0.85,12757
569866,22576,SWALLOW WOODEN CHRISTMAS DECORATION,5.0,10/6/11 14:50,0.85,12757
569866,22339,CHRISTMAS TREE PAINTED ZINC,6.0,10/6/11 14:50,0.19,12757
569866,23263,SET OF 3 WOODEN HEART DECORATIONS,1.0,10/6/11 14:50,1.25,12757
569866,23265,SET OF 3 WOODEN TREE DECORATIONS,4.0,10/6/11 14:50,1.25,12757
569866,22601,CHRISTMAS RETROSPOT ANGEL WOOD,6.0,10/6/11 14:50,0.85,12757
569866,22577,WOODEN HEART CHRISTMAS SCANDINAVIAN,6.0,10/6/11 14:50,0.29,12757
569866,22573,STAR WOODEN CHRISTMAS DECORATION,7.0,10/6/11 14:50,0.85,12757
569866,22574,HEART WOODEN CHRISTMAS DECORATION,16.0,10/6/11 14:50,0.85,12757
569866,22600,CHRISTMAS RETROSPOT STAR WOOD,6.0,10/6/11 14:50,0.85,12757
569866,22572,ROCKING HORSE GREEN CHRISTMAS,6.0,10/6/11 14:50,0.85,12757
569866,22571,ROCKING HORSE RED CHRISTMAS,6.0,10/6/11 14:50,0.85,12757
569866,22580,ADVENT CALENDAR GINGHAM SACK,2.0,10/6/11 14:50,5.95,12757
569866,23263,SET OF 3 WOODEN HEART DECORATIONS,6.0,10/6/11 14:50,1.25,12757
569866,23502,PLAYING CARDS VINTAGE DOILY,2.0,10/6/11 14:50,1.25,12757
569866,23503,PLAYING CARDS KEEP CALM & CARRY ON,2.0,10/6/11 14:50,1.25,12757
569866,22737,RIBBON REEL CHRISTMAS PRESENT,5.0,10/6/11 14:50,1.65,12757
569866,23274,STAR T-LIGHT HOLDER WILLIE WINKIE,3.0,10/6/11 14:50,1.65,12757
569866,23273,HEART T-LIGHT HOLDER WILLIE WINKIE,3.0,10/6/11 14:50,1.65,12757
569866,23272,TREE T-LIGHT HOLDER WILLIE WINKIE,3.0,10/6/11 14:50,1.65,12757
569866,84375,SET OF 20 KIDS COOKIE CUTTERS,3.0,10/6/11 14:50,2.1,12757
569866,21428,SET3 BOOK BOX GREEN GINGHAM FLOWER,4.0,10/6/11 14:50,4.25,12757
569866,23237,SET OF 4 KNICK KNACK TINS LEAF,1.0,10/6/11 14:50,4.15,12757
569866,23238,SET OF 4 KNICK KNACK TINS LONDON,1.0,10/6/11 14:50,4.15,12757
569866,23239,SET OF 4 KNICK KNACK TINS POPPIES,1.0,10/6/11 14:50,4.15,12757
569866,20767,BLUE PAISLEY JOURNAL,1.0,10/6/11 14:50,2.55,12757
569866,20769,DAISY JOURNAL,1.0,10/6/11 14:50,2.55,12757
569866,20761,BLUE PAISLEY SKETCHBOOK,2.0,10/6/11 14:50,3.75,12757
569866,20771,CHRYSANTHEMUM  JOURNAL,2.0,10/6/11 14:50,2.55,12757
569866,20772,GARDEN PATH JOURNAL,2.0,10/6/11 14:50,2.55,12757
569866,20766,GARDEN PATH SKETCHBOOK,2.0,10/6/11 14:50,3.75,12757
569866,20767,BLUE PAISLEY JOURNAL,1.0,10/6/11 14:50,2.55,12757
569866,20777,CHRYSANTHEMUM NOTEBOOK,2.0,10/6/11 14:50,1.65,12757
569866,20756,GREEN FERN POCKET BOOK,3.0,10/6/11 14:50,0.85,12757
569866,20755,BLUE PAISLEY POCKET BOOK,3.0,10/6/11 14:50,0.85,12757
569866,20760,GARDEN PATH POCKET BOOK,3.0,10/6/11 14:50,0.85,12757
569866,22733,3D TRADITIONAL CHRISTMAS STICKERS,1.0,10/6/11 14:50,1.25,12757
569866,22734,SET OF 6 RIBBONS VINTAGE CHRISTMAS,5.0,10/6/11 14:50,2.89,12757
569866,23247,BISCUIT TIN 50'S CHRISTMAS,6.0,10/6/11 14:50,2.89,12757
569866,21429,RED GINGHAM ROSE JEWELLERY BOX,1.0,10/6/11 14:50,1.95,12757
569866,23236,STORAGE TIN VINTAGE DOILY,6.0,10/6/11 14:50,2.89,12757
569866,23240,SET OF 4 KNICK KNACK TINS DOILY,6.0,10/6/11 14:50,4.15,12757
569866,,CHERRY BLOSSOM  DECORATIVE FLASK,2.0,10/6/11 14:50,3.75,12757
569866,22144,CHRISTMAS CRAFT LITTLE FRIENDS,4.0,10/6/11 14:50,2.1,12757
569866,21430,SET/3 RED GINGHAM ROSE STORAGE BOX,4.0,10/6/11 14:50,3.75,12757
569866,23312,VINTAGE CHRISTMAS GIFT SACK,4.0,10/6/11 14:50,4.15,12757
569866,23344,JUMBO BAG 50'S CHRISTMAS,30.0,10/6/11 14:50,2.08,12757
569866,23343,JUMBO BAG VINTAGE CHRISTMAS,10.0,10/6/11 14:50,2.08,12757
569866,23437,50'S CHRISTMAS GIFT BAG LARGE,20.0,10/6/11 14:50,1.25,12757
569866,23375,50'S CHRISTMAS PAPER GIFT BAG,20.0,10/6/11 14:50,0.82,12757
569866,23378,PACK OF 12 50'S CHRISTMAS TISSUES,12.0,10/6/11 14:50,0.39,12757
569866,23354,6 GIFT TAGS 50'S CHRISTMAS,4.0,10/6/11 14:50,0.83,12757
569866,22739,RIBBON REEL CHRISTMAS SOCK BAUBLE,5.0,10/6/11 14:50,1.65,12757
569866,23469,CARD HOLDER LOVE BIRD SMALL,1.0,10/6/11 14:50,4.15,12757
569866,22561,WOODEN SCHOOL COLOURING SET,1.0,10/6/11 14:50,1.65,12757
569866,23196,VINTAGE LEAF MAGNETIC NOTEPAD,2.0,10/6/11 14:50,1.45,12757
569866,22487,WHITE WOOD GARDEN PLANT LADDER,1.0,10/6/11 14:50,9.95,12757
569866,23470,CARD HOLDER LOVE BIRD LARGE,1.0,10/6/11 14:50,6.25,12757
569866,23353,6 GIFT TAGS VINTAGE CHRISTMAS,4.0,10/6/11 14:50,0.83,12757
569866,22733,3D TRADITIONAL CHRISTMAS STICKERS,2.0,10/6/11 14:50,1.25,12757
569866,23351,ROLL WRAP 50'S CHRISTMAS,2.0,10/6/11 14:50,1.25,12757
569866,23352,ROLL WRAP 50'S RED CHRISTMAS,2.0,10/6/11 14:50,1.25,12757
569866,23350,ROLL WRAP VINTAGE SPOT,2.0,10/6/11 14:50,1.25,12757
569870,23239,SET OF 4 KNICK KNACK TINS POPPIES,1.0,10/6/11 14:59,4.15,12757
569870,23238,SET OF 4 KNICK KNACK TINS LONDON,1.0,10/6/11 14:59,4.15,12757
569870,23237,SET OF 4 KNICK KNACK TINS LEAF,1.0,10/6/11 14:59,4.15,12757
569870,22278,OVERNIGHT BAG VINTAGE ROSE PAISLEY,1.0,10/6/11 14:59,4.95,12757
569870,23207,LUNCH BAG ALPHABET DESIGN,3.0,10/6/11 14:59,1.65,12757
569870,20728,LUNCH BAG CARS BLUE,4.0,10/6/11 14:59,1.65,12757
569870,23366,SET 12 COLOURING PENCILS DOILY,1.0,10/6/11 14:59,0.65,12757
569870,23162,REGENCY TEA STRAINER,1.0,10/6/11 14:59,3.75,12757
569870,20760,GARDEN PATH POCKET BOOK,3.0,10/6/11 14:59,0.85,12757
569870,20755,BLUE PAISLEY POCKET BOOK,3.0,10/6/11 14:59,0.85,12757
569870,20756,GREEN FERN POCKET BOOK,3.0,10/6/11 14:59,0.85,12757
569870,20777,CHRYSANTHEMUM NOTEBOOK,1.0,10/6/11 14:59,1.65,12757
569870,22277,COSMETIC BAG VINTAGE ROSE PAISLEY,2.0,10/6/11 14:59,2.1,12757
569870,23503,PLAYING CARDS KEEP CALM & CARRY ON,2.0,10/6/11 14:59,1.25,12757
569870,23389,SPACEBOY MINI BACKPACK,2.0,10/6/11 14:59,4.15,12757
569870,23388,WOODLAND MINI BACKPACK,2.0,10/6/11 14:59,4.15,12757
569870,23390,DOLLY GIRL MINI BACKPACK,2.0,10/6/11 14:59,4.15,12757
569870,23505,PLAYING CARDS I LOVE LONDON,2.0,10/6/11 14:59,1.25,12757
569870,22759,SET OF 3 NOTEBOOKS IN PARCEL,1.0,10/6/11 14:59,1.65,12757
569870,22995,TRAVEL CARD WALLET SUKI,2.0,10/6/11 14:59,0.42,12757
569870,22994,TRAVEL CARD WALLET RETROSPOT,2.0,10/6/11 14:59,0.42,12757
569870,22998,TRAVEL CARD WALLET KEEP CALM,2.0,10/6/11 14:59,0.42,12757
569870,23502,PLAYING CARDS VINTAGE DOILY,2.0,10/6/11 14:59,1.25,12757
569870,22999,TRAVEL CARD WALLET VINTAGE LEAF,2.0,10/6/11 14:59,0.42,12757
569870,22556,PLASTERS IN TIN CIRCUS PARADE,1.0,10/6/11 14:59,1.65,12757
569870,22555,PLASTERS IN TIN STRONGMAN,1.0,10/6/11 14:59,1.65,12757
569870,20985,HEART CALCULATOR,2.0,10/6/11 14:59,1.25,12757
569870,22557,PLASTERS IN TIN VINTAGE PAISLEY,2.0,10/6/11 14:59,1.65,12757
569870,,ENGLISH ROSE NOTEBOOK A7 SIZE,2.0,10/6/11 14:59,0.42,12757
569870,23365,SET 12 COLOUR PENCILS LOVE LONDON,1.0,10/6/11 14:59,0.65,12757
569870,23367,SET 12 COLOUR PENCILS SPACEBOY,1.0,10/6/11 14:59,0.65,12757
569870,23368,SET 12 COLOUR PENCILS DOLLY GIRL,1.0,10/6/11 14:59,0.65,12757
569870,22554,PLASTERS IN TIN WOODLAND ANIMALS,1.0,10/6/11 14:59,1.65,12757
569870,22551,PLASTERS IN TIN SPACEBOY,2.0,10/6/11 14:59,1.65,12757
569870,23209,LUNCH BAG VINTAGE DOILY,3.0,10/6/11 14:59,1.65,12757
569870,22382,LUNCH BAG SPACEBOY DESIGN,2.0,10/6/11 14:59,1.65,12757
569870,22384,LUNCH BAG PINK POLKADOT,3.0,10/6/11 14:59,1.65,12757
569870,22356,CHARLOTTE BAG PINK POLKADOT,3.0,10/6/11 14:59,0.85,12757
569870,23205,CHARLOTTE BAG VINTAGE ALPHABET,3.0,10/6/11 14:59,0.85,12757
569870,20724,RED RETROSPOT CHARLOTTE BAG,3.0,10/6/11 14:59,0.85,12757
569870,22504,CABIN BAG VINTAGE RETROSPOT,1.0,10/6/11 14:59,29.95,12757
570499,21240,BLUE POLKADOT CUP,8.0,10/11/11 9:19,0.85,12772
570499,21239,PINK  POLKADOT CUP,8.0,10/11/11 9:19,0.85,12772
570499,21537,RED RETROSPOT PUDDING BOWL,4.0,10/11/11 9:19,4.25,12772
570499,21210,SET OF 72 RETROSPOT PAPER  DOILIES,12.0,10/11/11 9:19,1.45,12772
570499,,CHILDRENS CUTLERY POLKADOT BLUE,4.0,10/11/11 9:19,4.15,12772
570499,,CHILDRENS CUTLERY POLKADOT PINK,4.0,10/11/11 9:19,4.15,12772
570499,21080,SET/20 RED RETROSPOT PAPER NAPKINS,12.0,10/11/11 9:19,0.85,12772
570499,22907,PACK OF 20 NAPKINS PANTRY DESIGN,12.0,10/11/11 9:19,0.85,12772
570499,21340,CLASSIC METAL BIRDCAGE PLANT HOLDER,1.0,10/11/11 9:19,12.75,12772
570499,22464,HANGING METAL HEART LANTERN,12.0,10/11/11 9:19,1.65,12772
570499,22103,MIRROR MOSAIC T-LIGHT HOLDER ROUND,6.0,10/11/11 9:19,1.65,12772
570499,21326,AGED GLASS SILVER T-LIGHT HOLDER,12.0,10/11/11 9:19,0.65,12772
570499,21286,RETROSPOT CANDLE  LARGE,12.0,10/11/11 9:19,2.55,12772
570499,21498,RED RETROSPOT WRAP,25.0,10/11/11 9:19,0.42,12772
570499,21500,PINK POLKADOT WRAP,25.0,10/11/11 9:19,0.42,12772
570499,21499,BLUE POLKADOT WRAP,25.0,10/11/11 9:19,0.42,12772
570499,,WRAP ENGLISH ROSE,25.0,10/11/11 9:19,0.42,12772
570499,,WHITE CANDYSTUFT ARTIFICIAL FLOWER,24.0,10/11/11 9:19,1.45,12772
570499,22766,PHOTO FRAME CORNICE,8.0,10/11/11 9:19,2.95,12772
570499,22767,TRIPLE PHOTO FRAME CORNICE,2.0,10/11/11 9:19,9.95,12772
570499,22768,FAMILY PHOTO FRAME CORNICE,2.0,10/11/11 9:19,9.95,12772
570499,22554,PLASTERS IN TIN WOODLAND ANIMALS,12.0,10/11/11 9:19,1.65,12772
570499,20977,36 PENCILS TUBE WOODLAND,16.0,10/11/11 9:19,1.25,12772
570499,20981,12 PENCILS TALL TUBE WOODLAND,12.0,10/11/11 9:19,0.85,12772
570499,20983,12 PENCILS TALL TUBE RED RETROSPOT,12.0,10/11/11 9:19,0.85,12772
570499,22138,BAKING SET 9 PIECE RETROSPOT,3.0,10/11/11 9:19,4.95,12772
570499,22139,RETROSPOT TEA SET CERAMIC 11 PC,3.0,10/11/11 9:19,4.95,12772
570499,20725,LUNCH BAG RED RETROSPOT,10.0,10/11/11 9:19,1.65,12772
570499,21331,MOROCCAN BEATEN METAL DISH LARGE,1.0,10/11/11 9:19,12.75,12772
570499,23094,LE GRAND TRAY CHIC SET,1.0,10/11/11 9:19,12.5,12772
570499,21906,PHARMACIE FIRST AID TIN,2.0,10/11/11 9:19,6.75,12772
570499,22196,SMALL HEART MEASURING SPOONS,12.0,10/11/11 9:19,0.85,12772
570499,23020,GLASS  SONGBIRD STORAGE JAR,1.0,10/11/11 9:19,12.5,12772
570499,22217,T-LIGHT HOLDER HANGING LACE,12.0,10/11/11 9:19,1.25,12772
570499,35970,ZINC FOLKART SLEIGH BELLS,12.0,10/11/11 9:19,1.69,12772
570499,22577,WOODEN HEART CHRISTMAS SCANDINAVIAN,12.0,10/11/11 9:19,0.29,12772
570499,22578,WOODEN STAR CHRISTMAS SCANDINAVIAN,12.0,10/11/11 9:19,0.29,12772
570499,22579,WOODEN TREE CHRISTMAS SCANDINAVIAN,12.0,10/11/11 9:19,0.29,12772
570499,22594,CHRISTMAS GINGHAM TREE,12.0,10/11/11 9:19,0.85,12772
570499,22600,CHRISTMAS RETROSPOT STAR WOOD,12.0,10/11/11 9:19,0.85,12772
570499,22593,CHRISTMAS GINGHAM STAR,12.0,10/11/11 9:19,0.85,12772
570499,35961,FOLKART ZINC HEART CHRISTMAS DEC,12.0,10/11/11 9:19,0.85,12772
570499,22571,ROCKING HORSE RED CHRISTMAS,12.0,10/11/11 9:19,0.85,12772
570499,22141,CHRISTMAS CRAFT TREE TOP ANGEL,6.0,10/11/11 9:19,2.1,12772
570499,22130,PARTY CONE CHRISTMAS DECORATION,12.0,10/11/11 9:19,0.85,12772
570499,21216,"SET 3 RETROSPOT TEA,COFFEE,SUGAR",4.0,10/11/11 9:19,4.95,12772
570499,84378,SET OF 3 HEART COOKIE CUTTERS,12.0,10/11/11 9:19,1.45,12772
570499,21035,SET/2 RED RETROSPOT TEA TOWELS,6.0,10/11/11 9:19,3.25,12772
570499,21154,RED RETROSPOT OVEN GLOVE,10.0,10/11/11 9:19,1.25,12772
570499,21212,PACK OF 72 RETROSPOT CAKE CASES,24.0,10/11/11 9:19,0.55,12772
570499,21977,PACK OF 60 PINK PAISLEY CAKE CASES,24.0,10/11/11 9:19,0.55,12772
570499,21217,RED RETROSPOT ROUND CAKE TINS,1.0,10/11/11 9:19,9.95,12772
570499,22215,CAKE STAND WHITE TWO TIER LACE,2.0,10/11/11 9:19,8.5,12772
570499,22220,CAKE STAND LOVEBIRD 2 TIER WHITE,2.0,10/11/11 9:19,9.95,12772
570499,,POSTAGE,5.0,10/11/11 9:19,28.0,12772
570964,22667,RECIPE BOX RETROSPOT,6.0,10/13/11 11:50,2.95,12766
570964,23355,HOT WATER BOTTLE KEEP CALM,8.0,10/13/11 11:50,4.95,12766
570964,21485,RETROSPOT HEART HOT WATER BOTTLE,9.0,10/13/11 11:50,4.95,12766
570964,21481,FAWN BLUE HOT WATER BOTTLE,12.0,10/13/11 11:50,3.75,12766
570964,23357,HOT WATER BOTTLE SEX BOMB,4.0,10/13/11 11:50,4.95,12766
570964,23439,HAND WARMER RED LOVE HEART,12.0,10/13/11 11:50,2.1,12766
570964,21212,PACK OF 72 RETROSPOT CAKE CASES,48.0,10/13/11 11:50,0.55,12766
570964,22457,NATURAL SLATE HEART CHALKBOARD,18.0,10/13/11 11:50,2.95,12766
570964,23546,WRAP PAISLEY PARK,25.0,10/13/11 11:50,0.42,12766
570964,21500,PINK POLKADOT WRAP,25.0,10/13/11 11:50,0.42,12766
570964,21499,BLUE POLKADOT WRAP,25.0,10/13/11 11:50,0.42,12766
570964,,WRAP 50'S  CHRISTMAS,25.0,10/13/11 11:50,0.42,12766
570964,22141,CHRISTMAS CRAFT TREE TOP ANGEL,12.0,10/13/11 11:50,2.1,12766
570964,22577,WOODEN HEART CHRISTMAS SCANDINAVIAN,12.0,10/13/11 11:50,0.29,12766
570964,22578,WOODEN STAR CHRISTMAS SCANDINAVIAN,12.0,10/13/11 11:50,0.29,12766
570964,22579,WOODEN TREE CHRISTMAS SCANDINAVIAN,12.0,10/13/11 11:50,0.29,12766
570964,22601,CHRISTMAS RETROSPOT ANGEL WOOD,12.0,10/13/11 11:50,0.85,12766
570964,22600,CHRISTMAS RETROSPOT STAR WOOD,12.0,10/13/11 11:50,0.85,12766
570964,22940,FELTCRAFT CHRISTMAS FAIRY,8.0,10/13/11 11:50,4.25,12766
570964,23157,SET OF 6 NATIVITY MAGNETS,12.0,10/13/11 11:50,2.08,12766
570964,23319,BOX OF 6 MINI 50'S CRACKERS,12.0,10/13/11 11:50,2.49,12766
570964,23353,6 GIFT TAGS VINTAGE CHRISTMAS,12.0,10/13/11 11:50,0.83,12766
570964,23375,50'S CHRISTMAS PAPER GIFT BAG,20.0,10/13/11 11:50,0.82,12766
570964,23354,6 GIFT TAGS 50'S CHRISTMAS,24.0,10/13/11 11:50,0.83,12766
570964,23437,50'S CHRISTMAS GIFT BAG LARGE,24.0,10/13/11 11:50,1.25,12766
570964,21498,RED RETROSPOT WRAP,50.0,10/13/11 11:50,0.42,12766
570964,21210,SET OF 72 RETROSPOT PAPER  DOILIES,12.0,10/13/11 11:50,1.45,12766
570964,22138,BAKING SET 9 PIECE RETROSPOT,6.0,10/13/11 11:50,4.95,12766
570964,22139,RETROSPOT TEA SET CERAMIC 11 PC,12.0,10/13/11 11:50,4.95,12766
570964,22632,HAND WARMER RED RETROSPOT,12.0,10/13/11 11:50,2.1,12766
570964,22050,PINK PAISLEY ROSE GIFT WRAP,25.0,10/13/11 11:50,0.42,12766
570964,22051,BLUE SCANDINAVIAN PAISLEY WRAP,25.0,10/13/11 11:50,0.42,12766
570964,22986,WRAP GINGHAM ROSE,25.0,10/13/11 11:50,0.42,12766
570964,23545,WRAP RED VINTAGE DOILY,25.0,10/13/11 11:50,0.42,12766
570964,,WRAP ENGLISH ROSE,25.0,10/13/11 11:50,0.42,12766
570964,23320,GIANT 50'S CHRISTMAS CRACKER,12.0,10/13/11 11:50,2.89,12766
570964,23438,RED SPOT GIFT BAG LARGE,24.0,10/13/11 11:50,1.25,12766
570964,22312,OFFICE MUG WARMER POLKADOT,12.0,10/13/11 11:50,2.95,12766
570964,22314,OFFICE MUG WARMER CHOC+BLUE,12.0,10/13/11 11:50,2.95,12766
570964,22311,OFFICE MUG WARMER BLACK+SILVER,12.0,10/13/11 11:50,2.95,12766
570964,22313,OFFICE MUG WARMER PINK,12.0,10/13/11 11:50,2.95,12766
570964,22411,JUMBO SHOPPER VINTAGE RED PAISLEY,10.0,10/13/11 11:50,2.08,12766
570964,23344,JUMBO BAG 50'S CHRISTMAS,10.0,10/13/11 11:50,2.08,12766
570964,21889,WOODEN BOX OF DOMINOES,12.0,10/13/11 11:50,1.25,12766
570964,21888,BINGO SET,4.0,10/13/11 11:50,3.75,12766
570964,21915,RED  HARMONICA IN BOX,24.0,10/13/11 11:50,1.25,12766
570964,21914,BLUE HARMONICA IN BOX,12.0,10/13/11 11:50,1.25,12766
570964,22620,4 TRADITIONAL SPINNING TOPS,12.0,10/13/11 11:50,1.45,12766
570964,22619,SET OF 6 SOLDIER SKITTLES,4.0,10/13/11 11:50,3.75,12766
570964,22273,FELTCRAFT DOLL MOLLY,6.0,10/13/11 11:50,2.95,12766
570964,22557,PLASTERS IN TIN VINTAGE PAISLEY,12.0,10/13/11 11:50,1.65,12766
570964,23374,RED SPOT PAPER GIFT BAG,10.0,10/13/11 11:50,0.82,12766
570964,22472,TV DINNER TRAY DOLLY GIRL,3.0,10/13/11 11:50,4.95,12766
570964,22551,PLASTERS IN TIN SPACEBOY,12.0,10/13/11 11:50,1.65,12766
570964,22623,BOX OF VINTAGE JIGSAW BLOCKS,9.0,10/13/11 11:50,5.95,12766
570964,23132,SMALL IVORY HEART WALL ORGANISER,3.0,10/13/11 11:50,5.75,12766
570964,23432,PRETTY HANGING QUILTED HEARTS,12.0,10/13/11 11:50,0.83,12766
570964,23431,NATURAL HANGING QUILTED HEARTS,12.0,10/13/11 11:50,0.83,12766
570964,21218,RED SPOTTY BISCUIT TIN,6.0,10/13/11 11:50,3.75,12766
570964,,RED RETROSPOT UMBRELLA,3.0,10/13/11 11:50,5.95,12766
570964,22144,CHRISTMAS CRAFT LITTLE FRIENDS,6.0,10/13/11 11:50,2.1,12766
571188,22816,CARD MOTORBIKE SANTA,12.0,10/14/11 11:42,0.42,12783
571188,82484,WOOD BLACK BOARD ANT WHITE FINISH,2.0,10/14/11 11:42,7.95,12783
571188,23472,NINE DRAWER OFFICE TIDY,1.0,10/14/11 11:42,14.95,12783
571188,,WOODEN FRAME ANTIQUE WHITE,6.0,10/14/11 11:42,2.95,12783
571188,23397,FOOT STOOL HOME SWEET HOME,2.0,10/14/11 11:42,9.95,12783
571188,23284,DOORMAT KEEP CALM AND COME IN,2.0,10/14/11 11:42,8.25,12783
571188,22692,DOORMAT WELCOME TO OUR HOME,2.0,10/14/11 11:42,8.25,12783
571188,48188,DOORMAT WELCOME PUPPIES,2.0,10/14/11 11:42,8.25,12783
571188,22413,METAL SIGN TAKE IT OR LEAVE IT,6.0,10/14/11 11:42,2.95,12783
571188,21181,PLEASE ONE PERSON METAL SIGN,12.0,10/14/11 11:42,2.1,12783
571188,21770,OPEN CLOSED METAL SIGN,2.0,10/14/11 11:42,4.95,12783
571188,21175,GIN + TONIC DIET METAL SIGN,12.0,10/14/11 11:42,2.55,12783
571188,23159,SET OF 5 PANCAKE DAY MAGNETS,12.0,10/14/11 11:42,2.08,12783
571188,22922,FRIDGE MAGNETS US DINER ASSORTED,12.0,10/14/11 11:42,0.85,12783
571188,22727,ALARM CLOCK BAKELIKE RED,4.0,10/14/11 11:42,3.75,12783
571188,22726,ALARM CLOCK BAKELIKE GREEN,4.0,10/14/11 11:42,3.75,12783
571188,22193,RED DINER WALL CLOCK,2.0,10/14/11 11:42,8.5,12783
571188,22191,IVORY DINER WALL CLOCK,2.0,10/14/11 11:42,8.5,12783
571188,23342,MINT DINER WALL CLOCK,2.0,10/14/11 11:42,8.5,12783
571188,23317,BLUE REFECTORY CLOCK,2.0,10/14/11 11:42,9.95,12783
571188,22625,RED KITCHEN SCALES,2.0,10/14/11 11:42,8.5,12783
571188,21872,GLAMOROUS  MUG,12.0,10/14/11 11:42,1.25,12783
571188,23012,GLASS APOTHECARY BOTTLE PERFUME,4.0,10/14/11 11:42,3.95,12783
571188,22111,SCOTTIE DOG HOT WATER BOTTLE,3.0,10/14/11 11:42,4.95,12783
571188,22582,PACK OF 6 SWEETIE GIFT BOXES,6.0,10/14/11 11:42,2.55,12783
571188,22419,LIPSTICK PEN RED,12.0,10/14/11 11:42,0.42,12783
571188,22623,BOX OF VINTAGE JIGSAW BLOCKS,3.0,10/14/11 11:42,5.95,12783
571188,84077,WORLD WAR 2 GLIDERS ASSTD DESIGNS,48.0,10/14/11 11:42,0.29,12783
571188,22138,BAKING SET 9 PIECE RETROSPOT,3.0,10/14/11 11:42,4.95,12783
571188,22617,BAKING SET SPACEBOY DESIGN,3.0,10/14/11 11:42,4.95,12783
571188,22394,PAPERWEIGHT KINGS CHOICE,6.0,10/14/11 11:42,2.55,12783
571188,23069,EDWARDIAN PHOTO FRAME,2.0,10/14/11 11:42,6.25,12783
571188,,EAU DE NILE JEWELLED PHOTOFRAME,6.0,10/14/11 11:42,2.55,12783
571188,,POSTAGE,4.0,10/14/11 11:42,28.0,12783
571324,,Manual,1.0,10/17/11 11:08,283.02,12783
,,Manual,-1.0,10/17/11 11:09,339.02,12783
571326,,Manual,1.0,10/17/11 11:11,339.02,12783
,,Manual,-1.0,10/17/11 11:12,283.02,12783
571477,16048,TEATIME ROUND PENCIL SHARPENER,24.0,10/17/11 14:54,0.12,12794
571477,21232,STRAWBERRY CERAMIC TRINKET BOX,36.0,10/17/11 14:54,1.25,12794
571477,23076,ICE CREAM SUNDAE LIP GLOSS,24.0,10/17/11 14:54,1.25,12794
571477,23077,DOUGHNUT LIP GLOSS,20.0,10/17/11 14:54,1.25,12794
571477,23078,ICE CREAM PEN LIP GLOSS,24.0,10/17/11 14:54,1.25,12794
571477,23159,SET OF 5 PANCAKE DAY MAGNETS,12.0,10/17/11 14:54,2.08,12794
571477,23445,ICE CREAM BUBBLES,20.0,10/17/11 14:54,0.83,12794
571477,37495,FAIRY CAKE BIRTHDAY CANDLE SET,4.0,10/17/11 14:54,3.75,12794
571477,22969,HOMEMADE JAM SCENTED CANDLES,12.0,10/17/11 14:54,1.45,12794
571477,37450,CERAMIC CAKE BOWL + HANGING CAKES,6.0,10/17/11 14:54,2.95,12794
571477,37447,CERAMIC CAKE DESIGN SPOTTED PLATE,12.0,10/17/11 14:54,1.49,12794
571477,37500,TEA TIME TEAPOT IN GIFT BOX,12.0,10/17/11 14:54,4.95,12794
571477,21108,FAIRY CAKE FLANNEL ASSORTED COLOUR,18.0,10/17/11 14:54,0.79,12794
571477,22128,PARTY CONES CANDY ASSORTED,12.0,10/17/11 14:54,1.25,12794
571477,,BLUE PARTY BAGS,18.0,10/17/11 14:54,2.1,12794
571477,21125,SET 6 FOOTBALL CELEBRATION CANDLES,12.0,10/17/11 14:54,1.25,12794
571477,21288,STRIPEY CHOCOLATE NESTING BOXES,12.0,10/17/11 14:54,2.95,12794
571477,21289,LARGE STRIPES CHOCOLATE GIFT BAG,16.0,10/17/11 14:54,1.25,12794
571477,23354,6 GIFT TAGS 50'S CHRISTMAS,12.0,10/17/11 14:54,0.83,12794
571477,22584,PACK OF 6 PANNETONE GIFT BOXES,6.0,10/17/11 14:54,2.55,12794
571477,22961,JAM MAKING SET PRINTED,12.0,10/17/11 14:54,1.45,12794
571477,22488,NATURAL SLATE RECTANGLE CHALKBOARD,12.0,10/17/11 14:54,1.65,12794
571477,,LAVENDER SCENT CAKE CANDLE,24.0,10/17/11 14:54,0.29,12794
571477,22720,SET OF 3 CAKE TINS PANTRY DESIGN,3.0,10/17/11 14:54,4.95,12794
571477,37449,CERAMIC CAKE STAND + HANGING CAKES,2.0,10/17/11 14:54,9.95,12794
571901,22504,CABIN BAG VINTAGE RETROSPOT,2.0,10/19/11 14:36,29.95,12757
571901,22503,CABIN BAG VINTAGE PAISLEY,3.0,10/19/11 14:36,29.95,12757
572680,51008,AFGHAN SLIPPER SOCK PAIR,3.0,10/25/11 13:48,3.45,
572680,21993,FLORAL FOLK STATIONERY SET,2.0,10/25/11 13:48,1.25,
572680,22557,PLASTERS IN TIN VINTAGE PAISLEY,5.0,10/25/11 13:48,1.65,
572680,23569,TRADTIONAL ALPHABET STAMP SET,1.0,10/25/11 13:48,4.95,
572680,22554,PLASTERS IN TIN WOODLAND ANIMALS,5.0,10/25/11 13:48,1.65,
572680,22551,PLASTERS IN TIN SPACEBOY,6.0,10/25/11 13:48,1.65,
572680,,BLACK/BLUE POLKADOT UMBRELLA,4.0,10/25/11 13:48,5.95,
572680,,RED RETROSPOT UMBRELLA,4.0,10/25/11 13:48,5.95,
572680,84375,SET OF 20 KIDS COOKIE CUTTERS,1.0,10/25/11 13:48,2.1,
572680,21395,BLUE POLKADOT BEAKER,6.0,10/25/11 13:48,0.39,
572680,21394,RED POLKADOT BEAKER,6.0,10/25/11 13:48,0.39,
572680,84380,SET OF 3 BUTTERFLY COOKIE CUTTERS,1.0,10/25/11 13:48,1.45,
572680,84378,SET OF 3 HEART COOKIE CUTTERS,1.0,10/25/11 13:48,1.45,
572680,22123,PING MICROWAVE APRON,5.0,10/25/11 13:48,1.95,
572680,22721,SET OF 3 CAKE TINS SKETCHBOOK,3.0,10/25/11 13:48,4.95,
572680,22852,DOG BOWL VINTAGE CREAM,1.0,10/25/11 13:48,4.25,
572680,21913,VINTAGE SEASIDE JIGSAW PUZZLES,2.0,10/25/11 13:48,3.75,
572680,21912,VINTAGE SNAKES & LADDERS,2.0,10/25/11 13:48,3.75,
572680,22070,SMALL RED RETROSPOT MUG IN BOX,4.0,10/25/11 13:48,3.75,
572680,22071,SMALL WHITE RETROSPOT MUG IN BOX,2.0,10/25/11 13:48,3.75,
572680,23048,SET OF 10 LANTERNS FAIRY LIGHT STAR,4.0,10/25/11 13:48,4.15,
572680,22990,COTTON APRON PANTRY DESIGN,2.0,10/25/11 13:48,4.95,
572680,21591,COSY HOUR CIGAR BOX MATCHES,10.0,10/25/11 13:48,1.25,
572680,23502,PLAYING CARDS VINTAGE DOILY,5.0,10/25/11 13:48,1.25,
572680,22548,HEADS AND TAILS SPORTING FUN,1.0,10/25/11 13:48,1.25,
572680,21790,VINTAGE SNAP CARDS,5.0,10/25/11 13:48,0.85,
572680,23424,GINGHAM RECIPE BOOK BOX,3.0,10/25/11 13:48,4.95,
572680,23102,SILVER HEARTS TABLE DECORATION,2.0,10/25/11 13:48,0.83,
572680,23101,SILVER STARS TABLE DECORATION,2.0,10/25/11 13:48,0.83,
572680,21561,DINOSAUR LUNCH BOX WITH CUTLERY,1.0,10/25/11 13:48,2.55,
572680,21558,SKULL LUNCH BOX WITH CUTLERY,2.0,10/25/11 13:48,2.55,
572680,,GRASS HOPPER WOODEN WALL CLOCK,4.0,10/25/11 13:48,0.79,
572680,20985,HEART CALCULATOR,8.0,10/25/11 13:48,1.25,
572680,22561,WOODEN SCHOOL COLOURING SET,9.0,10/25/11 13:48,1.65,
572680,22842,BISCUIT TIN VINTAGE RED,1.0,10/25/11 13:48,6.75,
572680,22840,ROUND CAKE TIN VINTAGE RED,1.0,10/25/11 13:48,7.95,
572680,20914,SET/5 RED RETROSPOT LID GLASS BOWLS,3.0,10/25/11 13:48,2.95,
572680,23349,ROLL WRAP VINTAGE CHRISTMAS,4.0,10/25/11 13:48,1.25,
572680,23351,ROLL WRAP 50'S CHRISTMAS,5.0,10/25/11 13:48,1.25,
574099,23453,OVAL  MINI PORTRAIT FRAME,8.0,11/3/11 10:05,1.95,12808
574099,23493,VINTAGE DOILY TRAVEL SEWING KIT,10.0,11/3/11 10:05,1.95,12808
574099,23581,JUMBO BAG PAISLEY PARK,10.0,11/3/11 10:05,2.08,12808
574099,23583,LUNCH BAG PAISLEY PARK,10.0,11/3/11 10:05,1.65,12808
574099,22386,JUMBO BAG PINK POLKADOT,10.0,11/3/11 10:05,2.08,12808
574099,23344,JUMBO BAG 50'S CHRISTMAS,10.0,11/3/11 10:05,2.08,12808
574099,23390,DOLLY GIRL MINI BACKPACK,4.0,11/3/11 10:05,4.15,12808
574099,23389,SPACEBOY MINI BACKPACK,4.0,11/3/11 10:05,4.15,12808
574099,22278,OVERNIGHT BAG VINTAGE ROSE PAISLEY,3.0,11/3/11 10:05,4.95,12808
574099,22487,WHITE WOOD GARDEN PLANT LADDER,1.0,11/3/11 10:05,9.95,12808
574099,21155,RED RETROSPOT PEG BAG,6.0,11/3/11 10:05,2.55,12808
574099,22619,SET OF 6 SOLDIER SKITTLES,4.0,11/3/11 10:05,3.75,12808
574844,,ICON PLACEMAT POP ART ELVIS,24.0,11/7/11 11:57,0.12,12783
574844,,SET OF 4 ENGLISH ROSE PLACEMATS,8.0,11/7/11 11:57,3.75,12783
574844,23511,EMBROIDERED RIBBON REEL EMILY,6.0,11/7/11 11:57,2.08,12783
574844,23514,EMBROIDERED RIBBON REEL SALLY,6.0,11/7/11 11:57,2.08,12783
574844,23512,EMBROIDERED RIBBON REEL ROSIE,6.0,11/7/11 11:57,2.08,12783
574844,,ANT SILVER TURQUOISE BOUDICCA RING,6.0,11/7/11 11:57,2.95,12783
574844,,ANT SILVER LIME GREEN BOUDICCA RING,6.0,11/7/11 11:57,2.95,12783
574844,23109,PACK OF SIX LED TEA LIGHTS,6.0,11/7/11 11:57,2.89,12783
574844,23108,SET OF 10 LED DOLLY LIGHTS,4.0,11/7/11 11:57,6.25,12783
574844,22476,EMPIRE UNION JACK TV DINNER TRAY,3.0,11/7/11 11:57,4.95,12783
574844,22736,RIBBON REEL MAKING SNOWMEN,10.0,11/7/11 11:57,1.65,12783
574844,22471,TV DINNER TRAY AIR HOSTESS,3.0,11/7/11 11:57,4.95,12783
574844,,POSTAGE,1.0,11/7/11 11:57,28.0,12783
575743,23581,JUMBO BAG PAISLEY PARK,30.0,11/11/11 10:01,2.08,12757
575743,23582,VINTAGE DOILY JUMBO BAG RED,30.0,11/11/11 10:01,2.08,12757
575743,23583,LUNCH BAG PAISLEY PARK,30.0,11/11/11 10:01,1.65,12757
575743,20725,LUNCH BAG RED RETROSPOT,30.0,11/11/11 10:01,1.65,12757
575743,20985,HEART CALCULATOR,12.0,11/11/11 10:01,1.25,12757
575743,22113,GREY HEART HOT WATER BOTTLE,4.0,11/11/11 10:01,4.25,12757
575743,23681,LUNCH BAG RED VINTAGE DOILY,30.0,11/11/11 10:01,1.65,12757
576257,23209,LUNCH BAG VINTAGE DOILY,30.0,11/14/11 14:17,1.65,12757
576269,23013,GLASS APOTHECARY BOTTLE TONIC,4.0,11/14/11 14:23,3.95,12762
576269,23014,GLASS APOTHECARY BOTTLE ELIXIR,4.0,11/14/11 14:23,3.95,12762
576269,22949,SET OF 36 DOLLY GIRL PAPER DOILIES,12.0,11/14/11 14:23,1.45,12762
576269,21210,SET OF 72 RETROSPOT PAPER  DOILIES,12.0,11/14/11 14:23,1.45,12762
576269,84988,SET OF 72 PINK HEART PAPER DOILIES,12.0,11/14/11 14:23,1.45,12762
576269,22558,CLOTHES PEGS RETROSPOT PACK 24,12.0,11/14/11 14:23,1.65,12762
576269,79321,CHILLI LIGHTS,4.0,11/14/11 14:23,5.75,12762
576269,22923,FRIDGE MAGNETS LES ENFANTS ASSORTED,12.0,11/14/11 14:23,0.85,12762
576269,22924,FRIDGE MAGNETS LA VIE EN ROSE,12.0,11/14/11 14:23,0.85,12762
576269,22366,DOORMAT AIRMAIL,2.0,11/14/11 14:23,8.25,12762
576269,22466,FAIRY TALE COTTAGE NIGHT LIGHT,12.0,11/14/11 14:23,1.95,12762
576269,23084,RABBIT NIGHT LIGHT,12.0,11/14/11 14:23,2.08,12762
576269,22138,BAKING SET 9 PIECE RETROSPOT,3.0,11/14/11 14:23,4.95,12762
576269,22139,RETROSPOT TEA SET CERAMIC 11 PC,24.0,11/14/11 14:23,4.25,12762
576269,21791,VINTAGE HEADS AND TAILS CARD GAME,12.0,11/14/11 14:23,1.25,12762
576269,23176,ABC TREASURE BOOK BOX,8.0,11/14/11 14:23,2.25,12762
576269,23194,GYMKHANA TREASURE BOOK BOX,8.0,11/14/11 14:23,2.25,12762
576269,22419,LIPSTICK PEN RED,12.0,11/14/11 14:23,0.42,12762
576269,22421,LIPSTICK PEN FUSCHIA,12.0,11/14/11 14:23,0.42,12762
576269,23012,GLASS APOTHECARY BOTTLE PERFUME,4.0,11/14/11 14:23,3.95,12762
576269,,POSTAGE,2.0,11/14/11 14:23,28.0,12762
576895,22423,REGENCY CAKESTAND 3 TIER,2.0,11/17/11 8:40,12.75,12356
576895,21843,RED RETROSPOT CAKE STAND,3.0,11/17/11 8:40,10.95,12356
577618,37495,FAIRY CAKE BIRTHDAY CANDLE SET,4.0,11/21/11 10:27,3.75,12795
577618,,CHERRY BLOSSOM  DECORATIVE FLASK,4.0,11/21/11 10:27,3.75,12795
577618,22423,REGENCY CAKESTAND 3 TIER,4.0,11/21/11 10:27,12.75,12795
577618,22625,RED KITCHEN SCALES,2.0,11/21/11 10:27,8.5,12795
577618,22555,PLASTERS IN TIN STRONGMAN,12.0,11/21/11 10:27,1.65,12795
577618,23382,BOX OF 6 CHRISTMAS CAKE DECORATIONS,8.0,11/21/11 10:27,3.75,12795
577618,23173,REGENCY TEAPOT ROSES,2.0,11/21/11 10:27,9.95,12795
577618,22947,WOODEN ADVENT CALENDAR RED,6.0,11/21/11 10:27,7.95,12795
577618,23084,RABBIT NIGHT LIGHT,6.0,11/21/11 10:27,2.08,12795
577618,22699,ROSES REGENCY TEACUP AND SAUCER,6.0,11/21/11 10:27,2.95,12795
577618,21633,SUNFLOWER DECORATIVE PARASOL,3.0,11/21/11 10:27,12.75,12795
577618,22430,ENAMEL WATERING CAN CREAM,4.0,11/21/11 10:27,4.95,12795
577618,22471,TV DINNER TRAY AIR HOSTESS,3.0,11/21/11 10:27,4.95,12795
577618,,POSTAGE,4.0,11/21/11 10:27,28.0,12795
578463,23238,SET OF 4 KNICK KNACK TINS LONDON,6.0,11/24/11 12:30,4.15,12757
578463,23239,SET OF 4 KNICK KNACK TINS POPPIES,6.0,11/24/11 12:30,4.15,12757
578463,23240,SET OF 4 KNICK KNACK TINS DOILY,6.0,11/24/11 12:30,4.15,12757
578463,22383,LUNCH BAG SUKI DESIGN,10.0,11/24/11 12:30,1.65,12757
578463,22662,LUNCH BAG DOLLY GIRL DESIGN,10.0,11/24/11 12:30,1.65,12757
578463,23367,SET 12 COLOUR PENCILS SPACEBOY,16.0,11/24/11 12:30,0.65,12757
578463,23368,SET 12 COLOUR PENCILS DOLLY GIRL,16.0,11/24/11 12:30,0.65,12757
578463,84375,SET OF 20 KIDS COOKIE CUTTERS,12.0,11/24/11 12:30,2.1,12757
578463,23197,SKETCHBOOK MAGNETIC SHOPPING LIST,12.0,11/24/11 12:30,1.45,12757
578463,23198,PANTRY MAGNETIC  SHOPPING LIST,12.0,11/24/11 12:30,1.45,12757
578463,22551,PLASTERS IN TIN SPACEBOY,12.0,11/24/11 12:30,1.65,12757
578463,22554,PLASTERS IN TIN WOODLAND ANIMALS,12.0,11/24/11 12:30,1.65,12757
578463,22557,PLASTERS IN TIN VINTAGE PAISLEY,12.0,11/24/11 12:30,1.65,12757
578463,22556,PLASTERS IN TIN CIRCUS PARADE,12.0,11/24/11 12:30,1.65,12757
578463,22113,GREY HEART HOT WATER BOTTLE,4.0,11/24/11 12:30,4.25,12757
578463,,POSTAGE,2.0,11/24/11 12:30,28.0,12757
578488,23582,VINTAGE DOILY JUMBO BAG RED,10.0,11/24/11 12:53,2.08,12784
578488,23203,JUMBO BAG VINTAGE DOILY,10.0,11/24/11 12:53,2.08,12784
578488,22051,BLUE SCANDINAVIAN PAISLEY WRAP,25.0,11/24/11 12:53,0.42,12784
578488,21928,JUMBO BAG SCANDINAVIAN BLUE PAISLEY,10.0,11/24/11 12:53,2.08,12784
578488,23581,JUMBO BAG PAISLEY PARK,10.0,11/24/11 12:53,2.08,12784
578488,22795,SWEETHEART RECIPE BOOK STAND,1.0,11/24/11 12:53,6.75,12784
578488,21218,RED SPOTTY BISCUIT TIN,2.0,11/24/11 12:53,3.75,12784
578488,23197,SKETCHBOOK MAGNETIC SHOPPING LIST,4.0,11/24/11 12:53,1.45,12784
578488,21975,PACK OF 60 DINOSAUR CAKE CASES,1.0,11/24/11 12:53,0.55,12784
578488,22863,SOAP DISH BROCANTE,1.0,11/24/11 12:53,2.95,12784
578488,22551,PLASTERS IN TIN SPACEBOY,5.0,11/24/11 12:53,1.65,12784
578488,22557,PLASTERS IN TIN VINTAGE PAISLEY,4.0,11/24/11 12:53,1.65,12784
578488,22556,PLASTERS IN TIN CIRCUS PARADE,3.0,11/24/11 12:53,1.65,12784
578488,22555,PLASTERS IN TIN STRONGMAN,1.0,11/24/11 12:53,1.65,12784
578488,22554,PLASTERS IN TIN WOODLAND ANIMALS,7.0,11/24/11 12:53,1.65,12784
578488,84380,SET OF 3 BUTTERFLY COOKIE CUTTERS,2.0,11/24/11 12:53,1.45,12784
578488,22723,SET OF 6 HERB TINS SKETCHBOOK,1.0,11/24/11 12:53,3.95,12784
578488,22080,RIBBON REEL POLKADOTS,5.0,11/24/11 12:53,1.65,12784
578488,20914,SET/5 RED RETROSPOT LID GLASS BOWLS,2.0,11/24/11 12:53,2.95,12784
578488,23143,ZINC WIRE KITCHEN ORGANISER,1.0,11/24/11 12:53,10.4,12784
578488,21974,SET OF 36 PAISLEY FLOWER DOILIES,1.0,11/24/11 12:53,1.45,12784
578488,84987,SET OF 36 TEATIME PAPER DOILIES,1.0,11/24/11 12:53,1.45,12784
578488,21218,RED SPOTTY BISCUIT TIN,1.0,11/24/11 12:53,3.75,12784
578488,22139,RETROSPOT TEA SET CERAMIC 11 PC,1.0,11/24/11 12:53,4.95,12784
578488,22078,RIBBON REEL LACE DESIGN,5.0,11/24/11 12:53,2.1,12784
578488,23240,SET OF 4 KNICK KNACK TINS DOILY,1.0,11/24/11 12:53,4.15,12784
578488,23275,SET OF 3 HANGING OWLS OLLIE BEAK,24.0,11/24/11 12:53,1.25,12784
578488,23270,SET OF 2 CERAMIC PAINTED HEARTS,12.0,11/24/11 12:53,1.45,12784
578488,22195,LARGE HEART MEASURING SPOONS,1.0,11/24/11 12:53,1.65,12784
578488,23581,JUMBO BAG PAISLEY PARK,10.0,11/24/11 12:53,2.08,12784
578488,23203,JUMBO BAG VINTAGE DOILY,10.0,11/24/11 12:53,2.08,12784
578488,84992,72 SWEETHEART FAIRY CAKE CASES,1.0,11/24/11 12:53,0.55,12784
578488,22196,SMALL HEART MEASURING SPOONS,1.0,11/24/11 12:53,0.85,12784
578488,22132,RED LOVE HEART SHAPE CUP,1.0,11/24/11 12:53,0.85,12784
578488,20985,HEART CALCULATOR,1.0,11/24/11 12:53,1.25,12784
578488,23583,LUNCH BAG PAISLEY PARK,10.0,11/24/11 12:53,1.65,12784
578488,23209,LUNCH BAG VINTAGE DOILY,10.0,11/24/11 12:53,1.65,12784
578488,22795,SWEETHEART RECIPE BOOK STAND,2.0,11/24/11 12:53,6.75,12784
578488,22895,SET OF 2 TEA TOWELS APPLE AND PEARS,1.0,11/24/11 12:53,3.25,12784
578488,22082,RIBBON REEL STRIPES DESIGN,5.0,11/24/11 12:53,1.65,12784
578488,23197,SKETCHBOOK MAGNETIC SHOPPING LIST,2.0,11/24/11 12:53,1.45,12784
578488,20752,BLUE POLKADOT WASHING UP GLOVES,2.0,11/24/11 12:53,2.1,12784
578488,22961,JAM MAKING SET PRINTED,24.0,11/24/11 12:53,1.45,12784
578488,22956,36 FOIL HEART CAKE CASES,1.0,11/24/11 12:53,2.1,12784
578488,22279,POCKET BAG BLUE PAISLEY RED SPOT,12.0,11/24/11 12:53,1.25,12784
578488,84879,ASSORTED COLOUR BIRD ORNAMENT,8.0,11/24/11 12:53,1.69,12784
578488,22905,CALENDAR IN SEASON DESIGN,1.0,11/24/11 12:53,2.95,12784
578488,21977,PACK OF 60 PINK PAISLEY CAKE CASES,3.0,11/24/11 12:53,0.55,12784
578488,,TEA TIME OVEN GLOVE,1.0,11/24/11 12:53,1.25,12784
578488,21154,RED RETROSPOT OVEN GLOVE,1.0,11/24/11 12:53,1.25,12784
578488,22473,TV DINNER TRAY VINTAGE PAISLEY,5.0,11/24/11 12:53,4.95,12784
578488,21843,RED RETROSPOT CAKE STAND,1.0,11/24/11 12:53,10.95,12784
578488,22558,CLOTHES PEGS RETROSPOT PACK 24,8.0,11/24/11 12:53,1.65,12784
578488,84988,SET OF 72 PINK HEART PAPER DOILIES,1.0,11/24/11 12:53,1.45,12784
578488,21584,RETROSPOT SMALL TUBE MATCHES,6.0,11/24/11 12:53,1.65,12784
578488,22572,ROCKING HORSE GREEN CHRISTMAS,5.0,11/24/11 12:53,0.85,12784
578488,22571,ROCKING HORSE RED CHRISTMAS,5.0,11/24/11 12:53,0.85,12784
578488,23333,IVORY WICKER HEART MEDIUM,8.0,11/24/11 12:53,1.25,12784
579790,,POSTAGE,2.0,11/30/11 15:38,28.0,12784
580153,22558,CLOTHES PEGS RETROSPOT PACK 24,12.0,12/2/11 10:23,1.65,12762
580153,22924,FRIDGE MAGNETS LA VIE EN ROSE,120.0,12/2/11 10:23,0.72,12762
580153,22923,FRIDGE MAGNETS LES ENFANTS ASSORTED,120.0,12/2/11 10:23,0.72,12762
580153,22922,FRIDGE MAGNETS US DINER ASSORTED,120.0,12/2/11 10:23,0.72,12762
580153,22403,MAGNETS PACK OF 4 VINTAGE LABELS,12.0,12/2/11 10:23,0.39,12762
580153,22402,MAGNETS PACK OF 4 VINTAGE COLLAGE,12.0,12/2/11 10:23,0.39,12762
580153,22398,MAGNETS PACK OF 4 SWALLOWS,12.0,12/2/11 10:23,0.39,12762
580153,22400,MAGNETS PACK OF 4 HOME SWEET HOME,12.0,12/2/11 10:23,0.39,12762
580153,22396,MAGNETS PACK OF 4 RETRO PHOTO,12.0,12/2/11 10:23,0.39,12762
580153,22399,MAGNETS PACK OF 4 CHILDHOOD MEMORY,12.0,12/2/11 10:23,1.25,12762
580153,22115,METAL SIGN EMPIRE TEA,12.0,12/2/11 10:23,0.79,12762
580153,82567,"AIRLINE LOUNGE,METAL SIGN",12.0,12/2/11 10:23,2.1,12762
580153,21165,BEWARE OF THE CAT METAL SIGN,12.0,12/2/11 10:23,1.69,12762
580153,21164,HOME SWEET HOME METAL SIGN,12.0,12/2/11 10:23,2.95,12762
580153,22948,METAL DECORATION NAUGHTY CHILDREN,48.0,12/2/11 10:23,0.85,12762
580153,21172,PARTY METAL SIGN,12.0,12/2/11 10:23,1.45,12762
580153,82581,TOILET METAL SIGN,12.0,12/2/11 10:23,0.55,12762
580153,82580,BATHROOM METAL SIGN,12.0,12/2/11 10:23,0.55,12762
580153,21770,OPEN CLOSED METAL SIGN,12.0,12/2/11 10:23,4.95,12762
580153,21175,GIN AND TONIC DIET METAL SIGN,12.0,12/2/11 10:23,2.55,12762
580153,21908,CHOCOLATE THIS WAY METAL SIGN,48.0,12/2/11 10:23,1.85,12762
580153,23426,METAL SIGN DROP YOUR PANTS,12.0,12/2/11 10:23,2.89,12762
580153,21166,COOK WITH WINE METAL SIGN,12.0,12/2/11 10:23,2.08,12762
580153,85152,HAND OVER THE CHOCOLATE   SIGN,12.0,12/2/11 10:23,2.1,12762
580153,21181,PLEASE ONE PERSON METAL SIGN,12.0,12/2/11 10:23,2.1,12762
580153,82600,N0 SINGING METAL SIGN,12.0,12/2/11 10:23,2.1,12762
580153,22413,METAL SIGN TAKE IT OR LEAVE IT,6.0,12/2/11 10:23,2.95,12762
580153,21169,YOU'RE CONFUSING ME METAL SIGN,12.0,12/2/11 10:23,1.69,12762
580153,21907,I'M ON HOLIDAY METAL SIGN,12.0,12/2/11 10:23,2.1,12762
580153,,POSTAGE,5.0,12/2/11 10:23,28.0,12762
580153,23552,BICYCLE PUNCTURE REPAIR KIT,6.0,12/2/11 10:23,2.08,12762
580153,23108,SET OF 10 LED DOLLY LIGHTS,12.0,12/2/11 10:23,5.39,12762
580153,22466,FAIRY TALE COTTAGE NIGHT LIGHT,12.0,12/2/11 10:23,1.95,12762
580153,21731,RED TOADSTOOL LED NIGHT LIGHT,24.0,12/2/11 10:23,1.65,12762
580153,23084,RABBIT NIGHT LIGHT,48.0,12/2/11 10:23,1.79,12762
580153,22138,BAKING SET 9 PIECE RETROSPOT,9.0,12/2/11 10:23,4.95,12762
580153,21914,BLUE HARMONICA IN BOX,12.0,12/2/11 10:23,1.25,12762
580153,22210,WOOD STAMP SET BEST WISHES,12.0,12/2/11 10:23,0.83,12762
580153,22208,WOOD STAMP SET THANK YOU,12.0,12/2/11 10:23,0.83,12762
580153,23569,TRADTIONAL ALPHABET STAMP SET,4.0,12/2/11 10:23,4.95,12762
580153,22964,3 PIECE SPACEBOY COOKIE CUTTER SET,6.0,12/2/11 10:23,2.1,12762
580153,22966,GINGERBREAD MAN COOKIE CUTTER,12.0,12/2/11 10:23,1.25,12762
580153,84378,SET OF 3 HEART COOKIE CUTTERS,12.0,12/2/11 10:23,1.45,12762
580153,22416,SET OF 36 SPACEBOY PAPER DOILIES,12.0,12/2/11 10:23,1.45,12762
580153,22417,PACK OF 60 SPACEBOY CAKE CASES,24.0,12/2/11 10:23,0.55,12762
580153,84992,72 SWEETHEART FAIRY CAKE CASES,24.0,12/2/11 10:23,0.55,12762
580153,22951,60 CAKE CASES DOLLY GIRL DESIGN,24.0,12/2/11 10:23,0.55,12762
580153,21212,PACK OF 72 RETROSPOT CAKE CASES,24.0,12/2/11 10:23,0.55,12762
580545,23418,LAVENDER TOILETTE BOTTLE,12.0,12/5/11 9:16,2.08,12782
580545,20750,RED RETROSPOT MINI CASES,2.0,12/5/11 9:16,7.95,12782
580545,23398,HANGING HEART BONHEUR,12.0,12/5/11 9:16,0.85,12782
580545,23209,LUNCH BAG VINTAGE DOILY,10.0,12/5/11 9:16,1.65,12782
580545,22139,RETROSPOT TEA SET CERAMIC 11 PC,3.0,12/5/11 9:16,4.95,12782
580545,23571,TRADITIONAL NAUGHTS & CROSSES,12.0,12/5/11 9:16,1.65,12782
580545,23583,LUNCH BAG PAISLEY PARK,10.0,12/5/11 9:16,1.65,12782
580545,23455,SMALL PARLOUR PICTURE FRAME,6.0,12/5/11 9:16,2.89,12782
580545,23108,SET OF 10 LED DOLLY LIGHTS,2.0,12/5/11 9:16,6.25,12782
580545,22620,4 TRADITIONAL SPINNING TOPS,24.0,12/5/11 9:16,1.45,12782
580545,21891,TRADITIONAL WOODEN SKIPPING ROPE,12.0,12/5/11 9:16,1.45,12782
580545,23570,TRADITIONAL PICK UP STICKS GAME,12.0,12/5/11 9:16,1.25,12782
580545,22355,CHARLOTTE BAG SUKI DESIGN,10.0,12/5/11 9:16,0.85,12782
580545,,POSTAGE,1.0,12/5/11 9:16,28.0,12782
580734,20725,LUNCH BAG RED RETROSPOT,20.0,12/6/11 8:46,1.65,12766
580734,20728,LUNCH BAG CARS BLUE,10.0,12/6/11 8:46,1.65,12766
580734,23583,LUNCH BAG PAISLEY PARK,30.0,12/6/11 8:46,1.65,12766
580734,23582,VINTAGE DOILY JUMBO BAG RED,20.0,12/6/11 8:46,2.08,12766
580734,23581,JUMBO BAG PAISLEY PARK,30.0,12/6/11 8:46,2.08,12766
580734,20718,RED RETROSPOT SHOPPER BAG,10.0,12/6/11 8:46,1.25,12766
580734,22138,BAKING SET 9 PIECE RETROSPOT,3.0,12/6/11 8:46,4.95,12766
580734,22139,RETROSPOT TEA SET CERAMIC 11 PC,6.0,12/6/11 8:46,4.95,12766
580734,,JUMBO BAG RED RETROSPOT,20.0,12/6/11 8:46,2.08,12766
580734,23319,BOX OF 6 MINI 50'S CRACKERS,12.0,12/6/11 8:46,2.49,12766
580734,21430,SET/3 RED GINGHAM ROSE STORAGE BOX,4.0,12/6/11 8:46,3.75,12766
580734,21485,RETROSPOT HEART HOT WATER BOTTLE,6.0,12/6/11 8:46,4.95,12766
580734,22114,HOT WATER BOTTLE TEA AND SYMPATHY,4.0,12/6/11 8:46,4.25,12766
580734,23108,SET OF 10 LED DOLLY LIGHTS,2.0,12/6/11 8:46,6.25,12766
580734,84375,SET OF 20 KIDS COOKIE CUTTERS,12.0,12/6/11 8:46,2.1,12766
580734,23355,HOT WATER BOTTLE KEEP CALM,12.0,12/6/11 8:46,4.95,12766
580734,23357,HOT WATER BOTTLE SEX BOMB,8.0,12/6/11 8:46,4.95,12766
580734,23356,LOVE HOT WATER BOTTLE,6.0,12/6/11 8:46,5.95,12766
580734,22601,CHRISTMAS RETROSPOT ANGEL WOOD,12.0,12/6/11 8:46,0.85,12766
580734,22600,CHRISTMAS RETROSPOT STAR WOOD,12.0,12/6/11 8:46,0.85,12766
580734,22602,RETROSPOT WOODEN HEART DECORATION,24.0,12/6/11 8:46,0.85,12766
580734,,POSTAGE,4.0,12/6/11 8:46,28.0,12766
,,JUMBO BAG RED RETROSPOT,-3.0,12/7/11 12:46,2.08,12785
581182,20831,GOLD PHOTO FRAME,12.0,12/7/11 15:56,0.79,12783
581182,21115,ROSE CARAVAN DOORSTOP,8.0,12/7/11 15:56,1.95,12783
581182,21109,LARGE CAKE TOWEL CHOCOLATE SPOTS,12.0,12/7/11 15:56,1.95,12783
581182,21128,GOLD FISHING GNOME,8.0,12/7/11 15:56,1.95,12783
581182,22199,FRYING PAN RED RETROSPOT,6.0,12/7/11 15:56,1.25,12783
581182,22203,MILK PAN RED RETROSPOT,6.0,12/7/11 15:56,1.25,12783
581182,22442,GROW YOUR OWN FLOWERS SET OF 3,12.0,12/7/11 15:56,1.95,12783
581182,22496,SET OF 2 ROUND TINS DUTCH CHEESE,12.0,12/7/11 15:56,0.79,12783
581182,23302,KNEELING MAT HOUSEWORK  DESIGN,24.0,12/7/11 15:56,0.79,12783
581182,21907,I'M ON HOLIDAY METAL SIGN,12.0,12/7/11 15:56,2.1,12783
581182,21166,COOK WITH WINE METAL SIGN,12.0,12/7/11 15:56,2.08,12783
581182,23284,DOORMAT KEEP CALM AND COME IN,4.0,12/7/11 15:56,8.25,12783
581182,22366,DOORMAT AIRMAIL,2.0,12/7/11 15:56,8.25,12783
581182,22690,DOORMAT HOME SWEET HOME BLUE,2.0,12/7/11 15:56,8.25,12783
581182,22692,DOORMAT WELCOME TO OUR HOME,2.0,12/7/11 15:56,8.25,12783
581182,,POSTAGE,4.0,12/7/11 15:56,28.0,12783
581182,23108,SET OF 10 LED DOLLY LIGHTS,4.0,12/7/11 15:56,6.25,12783
