536389,22941,CHRISTMAS LIGHTS 10 REINDEER,6.0,12/1/10 10:03,8.5,12431
536389,21622,VINTAGE UNION JACK CUSHION COVER,8.0,12/1/10 10:03,4.95,12431
536389,21791,VINTAGE HEADS AND TAILS CARD GAME,12.0,12/1/10 10:03,1.25,12431
536389,,SET OF 3 COLOURED  FLYING DUCKS,6.0,12/1/10 10:03,5.45,12431
536389,,SET OF 3 GOLD FLYING DUCKS,4.0,12/1/10 10:03,6.35,12431
536389,,RED RETROSPOT UMBRELLA,6.0,12/1/10 10:03,5.95,12431
536389,,BLACK/BLUE POLKADOT UMBRELLA,3.0,12/1/10 10:03,5.95,12431
536389,22193,RED DINER WALL CLOCK,2.0,12/1/10 10:03,8.5,12431
536389,22726,ALARM CLOCK BAKELIKE GREEN,4.0,12/1/10 10:03,3.75,12431
536389,22727,ALARM CLOCK BAKELIKE RED,4.0,12/1/10 10:03,3.75,12431
536389,22192,BLUE DINER WALL CLOCK,2.0,12/1/10 10:03,8.5,12431
536389,22191,IVORY DINER WALL CLOCK,2.0,12/1/10 10:03,8.5,12431
536389,22195,LARGE HEART MEASURING SPOONS,24.0,12/1/10 10:03,1.65,12431
536389,22196,SMALL HEART MEASURING SPOONS,24.0,12/1/10 10:03,0.85,12431
537676,22567,20 DOLLY PEGS RETROSPOT,24.0,12/8/10 9:53,1.25,12386
537676,22915,ASSORTED BOTTLE TOP  MAGNETS,120.0,12/8/10 9:53,0.36,12386
537676,22926,IVORY GIANT GARDEN THERMOMETER,12.0,12/8/10 9:53,5.95,12386
537676,22953,BIRTHDAY PARTY CORDON BARRIER TAPE,24.0,12/8/10 9:53,1.25,12386
537676,21906,PHARMACIE FIRST AID TIN,4.0,12/8/10 9:53,6.75,12386
537676,22495,SET OF 2 ROUND TINS CAMEMBERT,6.0,12/8/10 9:53,2.95,12386
537676,22555,PLASTERS IN TIN STRONGMAN,12.0,12/8/10 9:53,1.65,12386
537676,22557,PLASTERS IN TIN VINTAGE PAISLEY,12.0,12/8/10 9:53,1.65,12386
,22333,RETROSPOT PARTY BAG + STICKER SET,-7.0,12/14/10 11:12,1.65,12434
,22094,RED RETROSPOT TISSUE BOX,-5.0,12/14/10 11:12,1.25,12434
,21217,RED RETROSPOT ROUND CAKE TINS,-1.0,12/14/10 11:12,9.95,12434
539419,48138,DOORMAT UNION FLAG,10.0,12/17/10 14:10,6.75,12431
539419,79067,CORONA MEXICAN TRAY,50.0,12/17/10 14:10,2.95,12431
539419,20725,LUNCH BAG RED RETROSPOT,10.0,12/17/10 14:10,1.65,12431
539419,,JUMBO BAG RED RETROSPOT,10.0,12/17/10 14:10,1.95,12431
539419,22728,ALARM CLOCK BAKELIKE PINK,4.0,12/17/10 14:10,3.75,12431
539419,22196,SMALL HEART MEASURING SPOONS,24.0,12/17/10 14:10,0.85,12431
539419,22195,LARGE HEART MEASURING SPOONS,12.0,12/17/10 14:10,1.65,12431
539419,22219,LOVEBIRD HANGING DECORATION WHITE,12.0,12/17/10 14:10,0.85,12431
539419,20685,DOORMAT RED RETROSPOT,4.0,12/17/10 14:10,7.95,12431
539419,48138,DOORMAT UNION FLAG,10.0,12/17/10 14:10,6.75,12431
540267,22078,RIBBON REEL LACE DESIGN,120.0,1/6/11 11:12,1.85,12415
540267,22079,RIBBON REEL HEARTS DESIGN,120.0,1/6/11 11:12,1.45,12415
540267,22080,RIBBON REEL POLKADOTS,120.0,1/6/11 11:12,1.45,12415
540267,22077,6 RIBBONS RUSTIC CHARM,144.0,1/6/11 11:12,1.45,12415
540267,22505,MEMO BOARD COTTAGE DESIGN,24.0,1/6/11 11:12,4.25,12415
540267,22516,CHILDS GARDEN RAKE BLUE,36.0,1/6/11 11:12,1.85,12415
540267,22517,CHILDS GARDEN RAKE PINK,36.0,1/6/11 11:12,1.85,12415
540267,22518,CHILDS GARDEN BRUSH BLUE,36.0,1/6/11 11:12,1.85,12415
540267,22519,CHILDS GARDEN BRUSH PINK,36.0,1/6/11 11:12,1.85,12415
540267,22514,CHILDS GARDEN SPADE BLUE,36.0,1/6/11 11:12,1.85,12415
540267,22515,CHILDS GARDEN SPADE PINK,36.0,1/6/11 11:12,1.85,12415
540267,22522,CHILDS GARDEN FORK BLUE,192.0,1/6/11 11:12,0.72,12415
540267,22524,CHILDRENS GARDEN GLOVES BLUE,100.0,1/6/11 11:12,1.06,12415
540267,22525,CHILDRENS GARDEN GLOVES PINK,100.0,1/6/11 11:12,1.06,12415
540267,22933,BAKING MOULD EASTER EGG MILK CHOC,6.0,1/6/11 11:12,2.95,12415
540267,22934,BAKING MOULD EASTER EGG WHITE CHOC,48.0,1/6/11 11:12,2.55,12415
540267,84218,BOX/12 CHICK & EGG IN BASKET,60.0,1/6/11 11:12,1.69,12415
540267,84228,HEN HOUSE W CHICK STANDING,120.0,1/6/11 11:12,0.37,12415
540267,22148,EASTER CRAFT 4 CHICKS,40.0,1/6/11 11:12,1.65,12415
540267,22857,ASSORTED EASTER GIFT TAGS,144.0,1/6/11 11:12,0.72,12415
540267,22858,EASTER TIN KEEPSAKE,48.0,1/6/11 11:12,1.65,12415
540267,22859,EASTER TIN BUNNY BOUQUET,48.0,1/6/11 11:12,1.65,12415
540267,22860,EASTER TIN CHICKS PINK DAISY,48.0,1/6/11 11:12,1.65,12415
540267,21915,RED  HARMONICA IN BOX,240.0,1/6/11 11:12,1.06,12415
540267,21914,BLUE HARMONICA IN BOX,240.0,1/6/11 11:12,1.06,12415
540267,22492,MINI PAINT SET VINTAGE,576.0,1/6/11 11:12,0.55,12415
540267,22619,SET OF 6 SOLDIER SKITTLES,80.0,1/6/11 11:12,3.39,12415
540267,21891,TRADITIONAL WOODEN SKIPPING ROPE,144.0,1/6/11 11:12,1.06,12415
540267,22620,4 TRADITIONAL SPINNING TOPS,160.0,1/6/11 11:12,1.06,12415
540267,22659,LUNCH BOX I LOVE LONDON,64.0,1/6/11 11:12,1.65,12415
540267,22720,SET OF 3 CAKE TINS PANTRY DESIGN,240.0,1/6/11 11:12,4.25,12415
540267,22722,SET OF 6 SPICE TINS PANTRY DESIGN,168.0,1/6/11 11:12,3.45,12415
540267,22692,DOORMAT WELCOME TO OUR HOME,20.0,1/6/11 11:12,6.75,12415
540267,20685,DOORMAT RED RETROSPOT,20.0,1/6/11 11:12,6.75,12415
540267,22379,RECYCLING BAG RETROSPOT,100.0,1/6/11 11:12,1.85,12415
540267,22378,WALL TIDY RETROSPOT,60.0,1/6/11 11:12,0.85,12415
540267,22354,RETROSPOT PADDED SEAT CUSHION,60.0,1/6/11 11:12,3.39,12415
540267,21243,PINK  POLKADOT PLATE,96.0,1/6/11 11:12,1.45,12415
540267,21244,BLUE POLKADOT PLATE,96.0,1/6/11 11:12,1.45,12415
540267,21242,RED RETROSPOT PLATE,96.0,1/6/11 11:12,1.45,12415
540267,21239,PINK  POLKADOT CUP,96.0,1/6/11 11:12,0.72,12415
540267,21240,BLUE POLKADOT CUP,96.0,1/6/11 11:12,0.72,12415
540267,20676,RED RETROSPOT BOWL,72.0,1/6/11 11:12,1.06,12415
540267,20677,PINK POLKADOT BOWL,72.0,1/6/11 11:12,1.06,12415
540267,21238,RED RETROSPOT CUP,96.0,1/6/11 11:12,0.72,12415
540267,20675,BLUE POLKADOT BOWL,72.0,1/6/11 11:12,1.06,12415
540280,21422,PORCELAIN ROSE SMALL,80.0,1/6/11 12:37,0.85,12386
540280,21421,PORCELAIN ROSE LARGE,60.0,1/6/11 12:37,1.25,12386
540557,22523,CHILDS GARDEN FORK PINK,96.0,1/10/11 9:58,0.85,12415
540700,21581,SKULLS  DESIGN  COTTON TOTE BAG,6.0,1/11/11 9:47,2.25,12393
540700,22619,SET OF 6 SOLDIER SKITTLES,8.0,1/11/11 9:47,3.75,12393
540700,,RED 3 PIECE RETROSPOT CUTLERY SET,6.0,1/11/11 9:47,3.75,12393
540700,20727,LUNCH BAG  BLACK SKULL.,20.0,1/11/11 9:47,1.65,12393
540700,20726,LUNCH BAG WOODLAND,20.0,1/11/11 9:47,1.65,12393
540700,22383,LUNCH BAG SUKI  DESIGN,10.0,1/11/11 9:47,1.65,12393
540700,21249,WOODLAND  HEIGHT CHART STICKERS,6.0,1/11/11 9:47,2.95,12393
540700,22378,WALL TIDY RETROSPOT,20.0,1/11/11 9:47,0.85,12393
540700,22175,PINK OWL SOFT TOY,12.0,1/11/11 9:47,2.95,12393
540700,22176,BLUE OWL SOFT TOY,12.0,1/11/11 9:47,2.95,12393
540700,,BLUE 3 PIECE POLKADOT CUTLERY SET,6.0,1/11/11 9:47,3.75,12393
540700,20728,LUNCH BAG CARS BLUE,20.0,1/11/11 9:47,1.65,12393
540700,22382,LUNCH BAG SPACEBOY DESIGN,20.0,1/11/11 9:47,1.65,12393
540700,21915,RED  HARMONICA IN BOX,12.0,1/11/11 9:47,1.25,12393
540700,22549,PICTURE DOMINOES,12.0,1/11/11 9:47,1.45,12393
540700,21578,WOODLAND DESIGN  COTTON TOTE BAG,12.0,1/11/11 9:47,2.25,12393
540700,21577,SAVE THE PLANET COTTON TOTE BAG,12.0,1/11/11 9:47,2.25,12393
540700,22245,"HOOK, 1 HANGER ,MAGIC GARDEN",12.0,1/11/11 9:47,0.85,12393
540700,22244,3 HOOK HANGER MAGIC GARDEN,12.0,1/11/11 9:47,1.95,12393
541149,22449,SILK PURSE BABUSHKA PINK,6.0,1/14/11 11:36,2.95,12393
541149,22450,SILK PURSE BABUSHKA BLUE,6.0,1/14/11 11:36,2.95,12393
541149,22451,SILK PURSE BABUSHKA RED,48.0,1/14/11 11:36,2.95,12393
541271,,SINGLE HEART ZINC T-LIGHT HOLDER,12.0,1/17/11 11:12,0.95,12388
541271,71459,HANGING JAM JAR T-LIGHT HOLDER,24.0,1/17/11 11:12,0.85,12388
541271,22429,ENAMEL MEASURING JUG CREAM,4.0,1/17/11 11:12,4.25,12388
541271,22262,FELT EGG COSY CHICKEN,12.0,1/17/11 11:12,0.85,12388
541271,,PINK HAPPY BIRTHDAY BUNTING,6.0,1/17/11 11:12,5.45,12388
541271,,BLUE HAPPY BIRTHDAY BUNTING,6.0,1/17/11 11:12,5.45,12388
541271,22669,RED BABY BUNTING,6.0,1/17/11 11:12,2.95,12388
541271,22148,EASTER CRAFT 4 CHICKS,12.0,1/17/11 11:12,1.95,12388
541271,22957,SET 3 PAPER VINTAGE CHICK PAPER EGG,6.0,1/17/11 11:12,2.95,12388
541271,47566,PARTY BUNTING,5.0,1/17/11 11:12,4.65,12388
541271,22963,JAM JAR WITH GREEN LID,12.0,1/17/11 11:12,0.85,12388
541271,22962,JAM JAR WITH PINK LID,12.0,1/17/11 11:12,0.85,12388
541271,22961,JAM MAKING SET PRINTED,24.0,1/17/11 11:12,1.45,12388
541271,22960,JAM MAKING SET WITH JARS,12.0,1/17/11 11:12,3.75,12388
541271,22967,SET 3 SONG BIRD PAPER EGGS ASSORTED,6.0,1/17/11 11:12,2.95,12388
541271,22310,IVORY KNITTED MUG COSY,6.0,1/17/11 11:12,1.65,12388
541271,22969,HOMEMADE JAM SCENTED CANDLES,24.0,1/17/11 11:12,1.45,12388
541271,22722,SET OF 6 SPICE TINS PANTRY DESIGN,12.0,1/17/11 11:12,3.95,12388
541271,22720,SET OF 3 CAKE TINS PANTRY DESIGN,3.0,1/17/11 11:12,4.95,12388
541520,20728,LUNCH BAG CARS BLUE,10.0,1/19/11 9:13,1.65,12422
541520,20713,JUMBO BAG OWLS,10.0,1/19/11 9:13,1.95,12422
541520,21937,STRAWBERRY   PICNIC BAG,5.0,1/19/11 9:13,2.95,12422
541520,21936,RED RETROSPOT PICNIC BAG,5.0,1/19/11 9:13,2.95,12422
541520,21932,SCANDINAVIAN PAISLEY PICNIC BAG,5.0,1/19/11 9:13,2.95,12422
541520,20717,STRAWBERRY SHOPPER BAG,10.0,1/19/11 9:13,1.25,12422
541520,22503,CABIN BAG VINTAGE PAISLEY,3.0,1/19/11 9:13,12.75,12422
541520,20712,JUMBO BAG WOODLAND ANIMALS,10.0,1/19/11 9:13,1.95,12422
541520,,JUMBO  BAG BAROQUE BLACK WHITE,10.0,1/19/11 9:13,1.95,12422
541520,22379,RECYCLING BAG RETROSPOT,5.0,1/19/11 9:13,2.1,12422
541520,22356,CHARLOTTE BAG PINK POLKADOT,10.0,1/19/11 9:13,0.85,12422
541520,20727,LUNCH BAG  BLACK SKULL.,10.0,1/19/11 9:13,1.65,12422
541520,22384,LUNCH BAG PINK POLKADOT,20.0,1/19/11 9:13,1.65,12422
541657,22087,PAPER BUNTING WHITE LACE,6.0,1/20/11 12:11,2.95,16321
541657,,WHITE HANGING HEART T-LIGHT HOLDER,6.0,1/20/11 12:11,2.95,16321
541657,21056,DOCTOR'S BAG SOFT TOY,3.0,1/20/11 12:11,8.95,16321
541657,22960,JAM MAKING SET WITH JARS,6.0,1/20/11 12:11,4.25,16321
542542,21115,ROSE CARAVAN DOORSTOP,4.0,1/28/11 14:37,6.75,12431
542542,21524,DOORMAT SPOTTY HOME SWEET HOME,2.0,1/28/11 14:37,7.95,12431
542542,22785,SQUARECUSHION COVER PINK UNION FLAG,4.0,1/28/11 14:37,6.75,12431
542542,22786,CUSHION COVER PINK UNION JACK,4.0,1/28/11 14:37,5.95,12431
542542,22192,BLUE DINER WALL CLOCK,4.0,1/28/11 14:37,8.5,12431
542542,22193,RED DINER WALL CLOCK,4.0,1/28/11 14:37,8.5,12431
542542,22191,IVORY DINER WALL CLOCK,4.0,1/28/11 14:37,8.5,12431
542542,22726,ALARM CLOCK BAKELIKE GREEN,4.0,1/28/11 14:37,3.75,12431
542542,22727,ALARM CLOCK BAKELIKE RED,4.0,1/28/11 14:37,3.75,12431
542542,22728,ALARM CLOCK BAKELIKE PINK,4.0,1/28/11 14:37,3.75,12431
542542,22729,ALARM CLOCK BAKELIKE ORANGE,4.0,1/28/11 14:37,3.75,12431
542542,22730,ALARM CLOCK BAKELIKE IVORY,4.0,1/28/11 14:37,3.75,12431
542542,84988,SET OF 72 PINK HEART PAPER DOILIES,12.0,1/28/11 14:37,1.45,12431
542542,22194,BLACK DINER WALL CLOCK,2.0,1/28/11 14:37,8.5,12431
542542,21243,PINK  POLKADOT PLATE,8.0,1/28/11 14:37,1.69,12431
542542,21242,RED RETROSPOT PLATE,8.0,1/28/11 14:37,1.69,12431
542542,21245,GREEN POLKADOT PLATE,8.0,1/28/11 14:37,1.69,12431
542542,21244,BLUE POLKADOT PLATE,8.0,1/28/11 14:37,1.69,12431
542542,22467,GUMBALL COAT RACK,6.0,1/28/11 14:37,2.55,12431
542542,21094,SET/6 RED SPOTTY PAPER PLATES,12.0,1/28/11 14:37,0.85,12431
543357,84978,HANGING HEART JAR T-LIGHT HOLDER,12.0,2/7/11 13:59,1.25,12388
543357,22960,JAM MAKING SET WITH JARS,6.0,2/7/11 13:59,4.25,12388
543357,,PINK HAPPY BIRTHDAY BUNTING,3.0,2/7/11 13:59,5.45,12388
543357,47566,PARTY BUNTING,4.0,2/7/11 13:59,4.95,12388
543357,22087,PAPER BUNTING WHITE LACE,6.0,2/7/11 13:59,2.95,12388
543357,22720,SET OF 3 CAKE TINS PANTRY DESIGN,6.0,2/7/11 13:59,4.95,12388
543372,22087,PAPER BUNTING WHITE LACE,18.0,2/7/11 15:01,2.95,16321
543372,22325,MOBILE VINTAGE HEARTS,3.0,2/7/11 15:01,4.95,16321
,22325,MOBILE VINTAGE HEARTS,-3.0,2/7/11 15:09,4.95,16321
,22087,PAPER BUNTING WHITE LACE,-18.0,2/7/11 15:09,2.95,16321
543376,22325,MOBILE VINTAGE HEARTS,3.0,2/7/11 15:10,4.95,16321
543376,22087,PAPER BUNTING WHITE LACE,18.0,2/7/11 15:10,2.95,16321
543989,23231,WRAP DOILEY DESIGN,200.0,2/15/11 9:52,0.34,12415
543989,23230,WRAP ALPHABET DESIGN,200.0,2/15/11 9:52,0.34,12415
543989,23233,WRAP POPPIES  DESIGN,100.0,2/15/11 9:52,0.42,12415
543989,22989,SET 2 PANTRY DESIGN TEA TOWELS,200.0,2/15/11 9:52,2.75,12415
543989,22990,COTTON APRON PANTRY DESIGN,100.0,2/15/11 9:52,4.25,12415
543989,22969,HOMEMADE JAM SCENTED CANDLES,480.0,2/15/11 9:52,1.25,12415
543989,22962,JAM JAR WITH PINK LID,384.0,2/15/11 9:52,0.72,12415
543989,22963,JAM JAR WITH GREEN LID,240.0,2/15/11 9:52,0.72,12415
543989,22960,JAM MAKING SET WITH JARS,96.0,2/15/11 9:52,3.75,12415
543989,22666,RECIPE BOX PANTRY YELLOW DESIGN,96.0,2/15/11 9:52,2.55,12415
543989,22907,PACK OF 20 NAPKINS PANTRY DESIGN,96.0,2/15/11 9:52,0.72,12415
543989,22722,SET OF 6 SPICE TINS PANTRY DESIGN,48.0,2/15/11 9:52,3.45,12415
543989,22968,ROSE COTTAGE KEEPSAKE BOX,48.0,2/15/11 9:52,8.5,12415
543989,22652,TRAVEL SEWING KIT,200.0,2/15/11 9:52,1.45,12415
543989,22654,DELUXE SEWING KIT,80.0,2/15/11 9:52,4.95,12415
543989,22653,BUTTON BOX,100.0,2/15/11 9:52,1.95,12415
543989,22651,GENTLEMAN SHIRT REPAIR KIT,288.0,2/15/11 9:52,0.72,12415
543989,22630,DOLLY GIRL LUNCH BOX,256.0,2/15/11 9:52,1.65,12415
543989,22662,LUNCH BAG DOLLY GIRL DESIGN,200.0,2/15/11 9:52,1.45,12415
543989,22635,CHILDS BREAKFAST SET DOLLY GIRL,16.0,2/15/11 9:52,8.5,12415
543989,22029,SPACEBOY BIRTHDAY CARD,144.0,2/15/11 9:52,0.36,12415
543989,22382,LUNCH BAG SPACEBOY DESIGN,100.0,2/15/11 9:52,1.45,12415
543989,22544,MINI JIGSAW SPACEBOY,240.0,2/15/11 9:52,0.36,12415
543989,22613,PACK OF 20 SPACEBOY NAPKINS,96.0,2/15/11 9:52,0.72,12415
543989,22629,SPACEBOY LUNCH BOX,192.0,2/15/11 9:52,1.65,12415
543989,22617,BAKING SET SPACEBOY DESIGN,72.0,2/15/11 9:52,4.25,12415
543989,22634,CHILDS BREAKFAST SET SPACEBOY,24.0,2/15/11 9:52,8.5,12415
543989,22417,PACK OF 60 SPACEBOY CAKE CASES,120.0,2/15/11 9:52,0.42,12415
543989,22631,CIRCUS PARADE LUNCH BOX,128.0,2/15/11 9:52,1.65,12415
543989,22556,PLASTERS IN TIN CIRCUS PARADE,96.0,2/15/11 9:52,1.45,12415
543989,22716,CARD CIRCUS PARADE,144.0,2/15/11 9:52,0.36,12415
543989,22636,CHILDS BREAKFAST SET CIRCUS PARADE,24.0,2/15/11 9:52,7.65,12415
543989,22423,REGENCY CAKESTAND 3 TIER,64.0,2/15/11 9:52,10.95,12415
543989,22699,ROSES REGENCY TEACUP AND SAUCER,72.0,2/15/11 9:52,2.55,12415
543989,22698,PINK REGENCY TEACUP AND SAUCER,72.0,2/15/11 9:52,2.55,12415
543989,22697,GREEN REGENCY TEACUP AND SAUCER,72.0,2/15/11 9:52,2.55,12415
543989,,RED 3 PIECE RETROSPOT CUTLERY SET,72.0,2/15/11 9:52,3.75,12415
543989,21080,SET/20 RED RETROSPOT PAPER NAPKINS,192.0,2/15/11 9:52,0.72,12415
543989,21086,SET/6 RED SPOTTY PAPER CUPS,216.0,2/15/11 9:52,0.53,12415
543989,21094,SET/6 RED SPOTTY PAPER PLATES,288.0,2/15/11 9:52,0.64,12415
543989,21210,SET OF 72 RETROSPOT PAPER  DOILIES,192.0,2/15/11 9:52,1.25,12415
543989,21216,"SET 3 RETROSPOT TEA,COFFEE,SUGAR",72.0,2/15/11 9:52,4.25,12415
543989,21212,PACK OF 72 RETROSPOT CAKE CASES,120.0,2/15/11 9:52,0.42,12415
543989,21217,RED RETROSPOT ROUND CAKE TINS,48.0,2/15/11 9:52,8.95,12415
543989,21880,RED RETROSPOT TAPE,72.0,2/15/11 9:52,0.65,12415
543989,22139,RETROSPOT TEA SET CERAMIC 11 PC,96.0,2/15/11 9:52,4.25,12415
543989,22333,RETROSPOT PARTY BAG + STICKER SET,192.0,2/15/11 9:52,1.45,12415
543989,22329,ROUND CONTAINER SET OF 5 RETROSPOT,144.0,2/15/11 9:52,1.45,12415
543989,22505,MEMO BOARD COTTAGE DESIGN,24.0,2/15/11 9:52,4.25,12415
543989,22628,PICNIC BOXES SET OF 3 RETROSPOT,120.0,2/15/11 9:52,4.25,12415
543989,22667,RECIPE BOX RETROSPOT,24.0,2/15/11 9:52,2.55,12415
543989,21218,RED SPOTTY BISCUIT TIN,96.0,2/15/11 9:52,3.25,12415
543989,22840,ROUND CAKE TIN VINTAGE RED,12.0,2/15/11 9:52,6.95,12415
543989,22841,ROUND CAKE TIN VINTAGE GREEN,12.0,2/15/11 9:52,6.95,12415
543989,22842,BISCUIT TIN VINTAGE RED,12.0,2/15/11 9:52,5.95,12415
543989,22843,BISCUIT TIN VINTAGE GREEN,12.0,2/15/11 9:52,5.95,12415
543989,21164,HOME SWEET HOME METAL SIGN,72.0,2/15/11 9:52,2.55,12415
543989,21249,WOODLAND  HEIGHT CHART STICKERS,60.0,2/15/11 9:52,2.55,12415
543989,20726,LUNCH BAG WOODLAND,100.0,2/15/11 9:52,1.45,12415
543989,22331,WOODLAND PARTY BAG + STICKER SET,144.0,2/15/11 9:52,1.45,12415
543989,20973,12 PENCIL SMALL TUBE WOODLAND,384.0,2/15/11 9:52,0.55,12415
543989,22326,ROUND SNACK BOXES SET OF4 WOODLAND,96.0,2/15/11 9:52,2.55,12415
543989,21058,PARTY INVITES WOODLAND,144.0,2/15/11 9:52,0.72,12415
543989,22835,HOT WATER BOTTLE I AM SO POORLY,8.0,2/15/11 9:52,4.65,12415
543989,,KNITTED UNION FLAG HOT WATER BOTTLE,8.0,2/15/11 9:52,3.75,12415
543989,21195,PINK  HONEYCOMB PAPER BALL,48.0,2/15/11 9:52,1.69,12415
543989,21191,LARGE WHITE HONEYCOMB PAPER BELL,48.0,2/15/11 9:52,1.69,12415
543989,21192,WHITE BELL HONEYCOMB PAPER,48.0,2/15/11 9:52,1.45,12415
543989,21977,PACK OF 60 PINK PAISLEY CAKE CASES,120.0,2/15/11 9:52,0.42,12415
545065,22992,REVOLVER WOODEN RULER,24.0,2/27/11 14:43,1.95,12431
545065,21731,RED TOADSTOOL LED NIGHT LIGHT,144.0,2/27/11 14:43,1.45,12431
545065,22505,MEMO BOARD COTTAGE DESIGN,4.0,2/27/11 14:43,4.95,12431
545065,21937,STRAWBERRY   PICNIC BAG,5.0,2/27/11 14:43,2.95,12431
545065,21936,RED RETROSPOT PICNIC BAG,5.0,2/27/11 14:43,2.95,12431
545065,22785,SQUARECUSHION COVER PINK UNION FLAG,4.0,2/27/11 14:43,6.75,12431
545065,22786,CUSHION COVER PINK UNION JACK,2.0,2/27/11 14:43,5.95,12431
545065,21933,PINK VINTAGE PAISLEY PICNIC BAG,5.0,2/27/11 14:43,2.95,12431
545065,21555,CERAMIC STRAWBERRY TRINKET TRAY,12.0,2/27/11 14:43,2.55,12431
545065,22466,FAIRY TALE COTTAGE NIGHTLIGHT,12.0,2/27/11 14:43,1.95,12431
545475,22978,PANTRY ROLLING PIN,72.0,3/3/11 10:59,3.39,12415
545475,22980,PANTRY SCRUBBING BRUSH,144.0,3/3/11 10:59,1.45,12415
545475,22993,SET OF 4 PANTRY JELLY MOULDS,144.0,3/3/11 10:59,1.06,12415
545475,22654,DELUXE SEWING KIT,80.0,3/3/11 10:59,4.95,12415
545475,22968,ROSE COTTAGE KEEPSAKE BOX,24.0,3/3/11 10:59,8.5,12415
545475,22505,MEMO BOARD COTTAGE DESIGN,24.0,3/3/11 10:59,4.25,12415
545475,22539,MINI JIGSAW DOLLY GIRL,240.0,3/3/11 10:59,0.36,12415
545475,22630,DOLLY GIRL LUNCH BOX,256.0,3/3/11 10:59,1.65,12415
545475,22662,LUNCH BAG DOLLY GIRL DESIGN,100.0,3/3/11 10:59,1.45,12415
545475,22635,CHILDS BREAKFAST SET DOLLY GIRL,24.0,3/3/11 10:59,8.5,12415
545475,22708,WRAP DOLLY GIRL,200.0,3/3/11 10:59,0.34,12415
545475,22423,REGENCY CAKESTAND 3 TIER,32.0,3/3/11 10:59,10.95,12415
545475,22699,ROSES REGENCY TEACUP AND SAUCER,24.0,3/3/11 10:59,2.55,12415
545475,,CHILDRENS CUTLERY RETROSPOT RED,72.0,3/3/11 10:59,3.75,12415
545475,21080,SET/20 RED RETROSPOT PAPER NAPKINS,96.0,3/3/11 10:59,0.72,12415
545475,21086,SET/6 RED SPOTTY PAPER CUPS,216.0,3/3/11 10:59,0.53,12415
545475,21094,SET/6 RED SPOTTY PAPER PLATES,96.0,3/3/11 10:59,0.64,12415
545475,21216,"SET 3 RETROSPOT TEA,COFFEE,SUGAR",120.0,3/3/11 10:59,4.25,12415
545475,21217,RED RETROSPOT ROUND CAKE TINS,120.0,3/3/11 10:59,8.95,12415
545475,22083,PAPER CHAIN KIT RETROSPOT,80.0,3/3/11 10:59,2.55,12415
545475,22090,PAPER BUNTING RETROSPOT,80.0,3/3/11 10:59,2.55,12415
545475,21218,RED SPOTTY BISCUIT TIN,120.0,3/3/11 10:59,3.25,12415
545475,20677,PINK POLKADOT BOWL,144.0,3/3/11 10:59,1.06,12415
545475,21239,PINK  POLKADOT CUP,96.0,3/3/11 10:59,0.72,12415
545475,21240,BLUE POLKADOT CUP,96.0,3/3/11 10:59,0.72,12415
545475,21243,PINK  POLKADOT PLATE,96.0,3/3/11 10:59,1.45,12415
545475,21244,BLUE POLKADOT PLATE,96.0,3/3/11 10:59,1.45,12415
545475,21238,RED RETROSPOT CUP,96.0,3/3/11 10:59,0.72,12415
545475,22842,BISCUIT TIN VINTAGE RED,48.0,3/3/11 10:59,5.95,12415
545475,22841,ROUND CAKE TIN VINTAGE GREEN,36.0,3/3/11 10:59,6.95,12415
545475,22840,ROUND CAKE TIN VINTAGE RED,36.0,3/3/11 10:59,6.95,12415
545475,22838,3 TIER CAKE TIN RED AND CREAM,20.0,3/3/11 10:59,14.95,12415
545475,22839,3 TIER CAKE TIN GREEN AND CREAM,32.0,3/3/11 10:59,12.75,12415
545475,22846,BREAD BIN DINER STYLE RED,16.0,3/3/11 10:59,14.95,12415
545475,22849,BREAD BIN DINER STYLE MINT,8.0,3/3/11 10:59,14.95,12415
545475,22848,BREAD BIN DINER STYLE PINK,8.0,3/3/11 10:59,14.95,12415
545475,22666,RECIPE BOX PANTRY YELLOW DESIGN,72.0,3/3/11 10:59,2.55,12415
545475,22960,JAM MAKING SET WITH JARS,120.0,3/3/11 10:59,3.75,12415
545475,22961,JAM MAKING SET PRINTED,96.0,3/3/11 10:59,1.25,12415
545475,22969,HOMEMADE JAM SCENTED CANDLES,288.0,3/3/11 10:59,1.25,12415
545475,21508,VINTAGE KID DOLLY CARD,72.0,3/3/11 10:59,0.36,12415
545475,21509,COWBOYS AND INDIANS BIRTHDAY CARD,144.0,3/3/11 10:59,0.36,12415
545475,22027,TEA PARTY BIRTHDAY CARD,144.0,3/3/11 10:59,0.36,12415
545475,22029,SPACEBOY BIRTHDAY CARD,72.0,3/3/11 10:59,0.36,12415
545475,22714,CARD BIRTHDAY COWBOY,144.0,3/3/11 10:59,0.36,12415
545475,22035,VINTAGE CARAVAN GREETING CARD,72.0,3/3/11 10:59,0.36,12415
545475,22715,CARD WEDDING DAY,144.0,3/3/11 10:59,0.36,12415
545475,22046,TEA PARTY  WRAPPING PAPER,200.0,3/3/11 10:59,0.34,12415
545475,22636,CHILDS BREAKFAST SET CIRCUS PARADE,24.0,3/3/11 10:59,7.65,12415
545475,22631,CIRCUS PARADE LUNCH BOX,128.0,3/3/11 10:59,1.65,12415
545475,22615,PACK OF 12 CIRCUS PARADE TISSUES,432.0,3/3/11 10:59,0.25,12415
545475,22555,PLASTERS IN TIN STRONGMAN,288.0,3/3/11 10:59,1.45,12415
545475,22551,PLASTERS IN TIN SPACEBOY,192.0,3/3/11 10:59,1.45,12415
545475,22556,PLASTERS IN TIN CIRCUS PARADE,192.0,3/3/11 10:59,1.45,12415
545475,22557,PLASTERS IN TIN VINTAGE PAISLEY,96.0,3/3/11 10:59,1.45,12415
545475,21984,PACK OF 12 PINK PAISLEY TISSUES,432.0,3/3/11 10:59,0.25,12415
545475,21981,PACK OF 12 WOODLAND TISSUES,432.0,3/3/11 10:59,0.25,12415
545475,22093,MOTORING TISSUE BOX,36.0,3/3/11 10:59,1.06,12415
545475,22045,SPACEBOY GIFT WRAP,200.0,3/3/11 10:59,0.34,12415
545475,22382,LUNCH BAG SPACEBOY DESIGN,100.0,3/3/11 10:59,1.45,12415
545475,22629,SPACEBOY LUNCH BOX,320.0,3/3/11 10:59,1.65,12415
545475,22634,CHILDS BREAKFAST SET SPACEBOY,24.0,3/3/11 10:59,8.5,12415
545475,22617,BAKING SET SPACEBOY DESIGN,48.0,3/3/11 10:59,4.25,12415
545475,22541,MINI JIGSAW LEAP FROG,240.0,3/3/11 10:59,0.36,12415
545475,22540,MINI JIGSAW CIRCUS PARADE,240.0,3/3/11 10:59,0.36,12415
545475,21915,RED  HARMONICA IN BOX,240.0,3/3/11 10:59,1.06,12415
545475,21914,BLUE HARMONICA IN BOX,240.0,3/3/11 10:59,1.06,12415
545475,22271,FELTCRAFT DOLL ROSIE,96.0,3/3/11 10:59,2.55,12415
545475,22272,FELTCRAFT DOLL MARIA,48.0,3/3/11 10:59,2.55,12415
545475,22273,FELTCRAFT DOLL MOLLY,96.0,3/3/11 10:59,2.55,12415
545475,22274,FELTCRAFT DOLL EMILY,96.0,3/3/11 10:59,2.55,12415
545475,22751,FELTCRAFT PRINCESS OLIVIA DOLL,96.0,3/3/11 10:59,3.39,12415
545475,22750,FELTCRAFT PRINCESS LOLA DOLL,144.0,3/3/11 10:59,3.39,12415
545475,22749,FELTCRAFT PRINCESS CHARLOTTE DOLL,144.0,3/3/11 10:59,3.39,12415
545475,22620,4 TRADITIONAL SPINNING TOPS,160.0,3/3/11 10:59,1.06,12415
545475,22619,SET OF 6 SOLDIER SKITTLES,80.0,3/3/11 10:59,3.39,12415
545475,20675,BLUE POLKADOT BOWL,144.0,3/3/11 10:59,1.06,12415
545475,22843,BISCUIT TIN VINTAGE GREEN,48.0,3/3/11 10:59,5.95,12415
545475,22028,PENNY FARTHING BIRTHDAY CARD,72.0,3/3/11 10:59,0.36,12415
545475,22024,RAINY LADIES BIRTHDAY CARD,144.0,3/3/11 10:59,0.36,12415
545475,20676,RED RETROSPOT BOWL,144.0,3/3/11 10:59,1.06,12415
545475,21242,RED RETROSPOT PLATE,96.0,3/3/11 10:59,1.45,12415
,22969,HOMEMADE JAM SCENTED CANDLES,-86.0,3/3/11 13:11,1.25,12415
,22697,GREEN REGENCY TEACUP AND SAUCER,-24.0,3/3/11 13:11,2.55,12415
546135,22967,SET 3 SONG BIRD PAPER EGGS ASSORTED,6.0,3/9/11 15:47,2.95,12388
546135,22957,SET 3 PAPER VINTAGE CHICK PAPER EGG,6.0,3/9/11 15:47,2.95,12388
546135,22148,EASTER CRAFT 4 CHICKS,12.0,3/9/11 15:47,1.95,12388
546135,22262,FELT EGG COSY CHICKEN,12.0,3/9/11 15:47,0.85,12388
546135,22310,IVORY KNITTED MUG COSY,6.0,3/9/11 15:47,1.65,12388
546135,47566,PARTY BUNTING,12.0,3/9/11 15:47,4.95,12388
546135,22720,SET OF 3 CAKE TINS PANTRY DESIGN,6.0,3/9/11 15:47,4.95,12388
546135,84978,HANGING HEART JAR T-LIGHT HOLDER,12.0,3/9/11 15:47,1.25,12388
546135,,HANGING HEART ZINC T-LIGHT HOLDER,12.0,3/9/11 15:47,0.85,12388
546135,22083,PAPER CHAIN KIT RETROSPOT,6.0,3/9/11 15:47,2.95,12388
547659,20665,RED RETROSPOT PURSE,6.0,3/24/11 13:05,2.95,12434
547659,22232,JIGSAW TOADSTOOLS 3 PIECE,8.0,3/24/11 13:05,1.65,12434
547659,23052,RECYCLED ACAPULCO MAT TURQUOISE,2.0,3/24/11 13:05,8.25,12434
547659,23053,RECYCLED ACAPULCO MAT PINK,2.0,3/24/11 13:05,8.25,12434
547659,20749,ASSORTED COLOUR MINI CASES,2.0,3/24/11 13:05,7.95,12434
547659,20750,RED RETROSPOT MINI CASES,2.0,3/24/11 13:05,7.95,12434
547659,,BLUE HAPPY BIRTHDAY BUNTING,3.0,3/24/11 13:05,5.45,12434
547659,,PINK HAPPY BIRTHDAY BUNTING,3.0,3/24/11 13:05,5.45,12434
547659,21366,MIRRORED WALL ART PHOTO FRAMES,3.0,3/24/11 13:05,4.25,12434
547659,21372,MIRRORED WALL ART TABLE LAMP,6.0,3/24/11 13:05,2.95,12434
547659,20984,12 PENCILS TALL TUBE POSY,12.0,3/24/11 13:05,0.85,12434
547659,20983,12 PENCILS TALL TUBE RED RETROSPOT,12.0,3/24/11 13:05,0.85,12434
547659,22786,CUSHION COVER PINK UNION JACK,8.0,3/24/11 13:05,5.95,12434
547659,22785,SQUARECUSHION COVER PINK UNION FLAG,4.0,3/24/11 13:05,6.75,12434
547659,48138,DOORMAT UNION FLAG,2.0,3/24/11 13:05,7.95,12434
547659,23051,RECYCLED ACAPULCO MAT BLUE,2.0,3/24/11 13:05,8.25,12434
548661,,POSTAGE,1.0,4/1/11 14:28,350.0,12415
,22232,JIGSAW TOADSTOOLS 3 PIECE,-8.0,4/4/11 9:57,1.65,12434
549313,22993,SET OF 4 PANTRY JELLY MOULDS,12.0,4/8/11 9:45,1.25,12393
549313,22449,SILK PURSE BABUSHKA PINK,6.0,4/8/11 9:45,3.35,12393
549313,20726,LUNCH BAG WOODLAND,10.0,4/8/11 9:45,1.65,12393
549313,20725,LUNCH BAG RED RETROSPOT,30.0,4/8/11 9:45,1.65,12393
549313,20727,LUNCH BAG  BLACK SKULL.,10.0,4/8/11 9:45,1.65,12393
549313,22383,LUNCH BAG SUKI DESIGN,30.0,4/8/11 9:45,1.65,12393
549313,22384,LUNCH BAG PINK POLKADOT,30.0,4/8/11 9:45,1.65,12393
549313,22662,LUNCH BAG DOLLY GIRL DESIGN,30.0,4/8/11 9:45,1.65,12393
549313,22333,RETROSPOT PARTY BAG + STICKER SET,8.0,4/8/11 9:45,1.65,12393
549313,,CHILDRENS CUTLERY RETROSPOT RED,4.0,4/8/11 9:45,4.15,12393
549313,22273,FELTCRAFT DOLL MOLLY,6.0,4/8/11 9:45,2.95,12393
549313,22382,LUNCH BAG SPACEBOY DESIGN,10.0,4/8/11 9:45,1.65,12393
549313,22379,RECYCLING BAG RETROSPOT,10.0,4/8/11 9:45,2.1,12393
549313,22138,BAKING SET 9 PIECE RETROSPOT,3.0,4/8/11 9:45,4.95,12393
549313,22617,BAKING SET SPACEBOY DESIGN,3.0,4/8/11 9:45,4.95,12393
549313,22195,LARGE HEART MEASURING SPOONS,12.0,4/8/11 9:45,1.65,12393
549313,22380,TOY TIDY SPACEBOY,10.0,4/8/11 9:45,2.1,12393
,22990,COTTON APRON PANTRY DESIGN,-100.0,4/28/11 9:49,4.25,12415
552956,22699,ROSES REGENCY TEACUP AND SAUCER,6.0,5/12/11 12:34,2.95,12431
552956,22859,EASTER TIN BUNNY BOUQUET,6.0,5/12/11 12:34,1.65,12431
552956,22730,ALARM CLOCK BAKELIKE IVORY,4.0,5/12/11 12:34,3.75,12431
552956,,GRASS HOPPER WOODEN WALL CLOCK,3.0,5/12/11 12:34,5.95,12431
552956,23206,LUNCH BAG APPLE DESIGN,10.0,5/12/11 12:34,1.65,12431
552956,48129,DOORMAT TOPIARY,2.0,5/12/11 12:34,7.95,12431
552956,23159,SET OF 5 PANCAKE DAY MAGNETS,24.0,5/12/11 12:34,2.08,12431
552956,23158,SET OF 5 LUCKY CAT MAGNETS,24.0,5/12/11 12:34,2.08,12431
552956,84945,MULTI COLOUR SILVER T-LIGHT HOLDER,24.0,5/12/11 12:34,0.85,12431
552956,23155,KNICKERBOCKERGLORY MAGNET ASSORTED,12.0,5/12/11 12:34,0.83,12431
552956,22698,PINK REGENCY TEACUP AND SAUCER,6.0,5/12/11 12:34,2.95,12431
552956,22697,GREEN REGENCY TEACUP AND SAUCER,6.0,5/12/11 12:34,2.95,12431
552956,22382,LUNCH BAG SPACEBOY DESIGN,10.0,5/12/11 12:34,1.65,12431
552956,21524,DOORMAT SPOTTY HOME SWEET HOME,2.0,5/12/11 12:34,7.95,12431
552956,22692,DOORMAT WELCOME TO OUR HOME,2.0,5/12/11 12:34,7.95,12431
552956,22690,DOORMAT HOME SWEET HOME BLUE,2.0,5/12/11 12:34,7.95,12431
552956,21935,SUKI  SHOULDER BAG,10.0,5/12/11 12:34,1.65,12431
552956,21481,FAWN BLUE HOT WATER BOTTLE,6.0,5/12/11 12:34,2.95,12431
552956,48138,DOORMAT UNION FLAG,4.0,5/12/11 12:34,7.95,12431
552956,23284,DOORMAT KEEP CALM AND COME IN,4.0,5/12/11 12:34,7.95,12431
552956,23040,PAPER LANTERN 9 POINT SNOW STAR,3.0,5/12/11 12:34,5.75,12431
552956,23108,SET OF 10 LED DOLLY LIGHTS,2.0,5/12/11 12:34,6.25,12431
552956,23084,RABBIT NIGHT LIGHT,12.0,5/12/11 12:34,2.08,12431
553546,22457,NATURAL SLATE HEART CHALKBOARD,144.0,5/17/11 15:42,2.55,12415
553546,23176,ABC TREASURE BOOK BOX,288.0,5/17/11 15:42,1.95,12415
553546,22109,FULL ENGLISH BREAKFAST PLATE,144.0,5/17/11 15:42,3.39,12415
553546,,BLACK/BLUE POLKADOT UMBRELLA,6.0,5/17/11 15:42,5.95,12415
553546,22488,NATURAL SLATE RECTANGLE CHALKBOARD,96.0,5/17/11 15:42,1.45,12415
553546,21524,DOORMAT SPOTTY HOME SWEET HOME,10.0,5/17/11 15:42,6.75,12415
553546,23193,BUFFALO BILL TREASURE BOOK BOX,144.0,5/17/11 15:42,1.95,12415
553546,23177,TREASURE ISLAND BOOK BOX,144.0,5/17/11 15:42,1.95,12415
553546,48138,DOORMAT UNION FLAG,10.0,5/17/11 15:42,6.75,12415
553546,23194,GYMKHANA TREASURE BOOK BOX,144.0,5/17/11 15:42,1.95,12415
553546,,RED RETROSPOT UMBRELLA,12.0,5/17/11 15:42,5.95,12415
553546,37370,RETRO COFFEE MUGS ASSORTED,108.0,5/17/11 15:42,1.25,12415
553546,23175,REGENCY MILK JUG PINK,48.0,5/17/11 15:42,2.75,12415
553546,21084,SET/6 COLLAGE PAPER CUPS,240.0,5/17/11 15:42,0.19,12415
553546,,BLUE CHARLIE+LOLA PERSONAL DOORSIGN,96.0,5/17/11 15:42,0.38,12415
553546,21877,HOME SWEET HOME MUG,144.0,5/17/11 15:42,1.06,12415
553546,23172,REGENCY TEA PLATE PINK,48.0,5/17/11 15:42,1.45,12415
553546,21195,PINK  HONEYCOMB PAPER BALL,48.0,5/17/11 15:42,1.69,12415
553546,,CARROT CHARLIE+LOLA COASTER SET,24.0,5/17/11 15:42,1.25,12415
553546,,RED CHARLIE+LOLA PERSONAL DOORSIGN,96.0,5/17/11 15:42,0.38,12415
553546,,"\"CHARLIE+LOLA\"\"EXTREMELY BUSY\"\" SIGN\"",96.0,5/17/11 15:42,0.38,12415
553546,21090,SET/6 COLLAGE PAPER PLATES,240.0,5/17/11 15:42,0.39,12415
553546,,CHARLIE + LOLA BISCUITS TINS,24.0,5/17/11 15:42,1.95,12415
553546,23253,16 PIECE CUTLERY SET PANTRY DESIGN,24.0,5/17/11 15:42,12.5,12415
553546,23173,REGENCY TEAPOT ROSES,24.0,5/17/11 15:42,8.15,12415
553546,22699,ROSES REGENCY TEACUP AND SAUCER,24.0,5/17/11 15:42,2.55,12415
553546,22992,REVOLVER WOODEN RULER,144.0,5/17/11 15:42,1.65,12415
553546,22991,GIRAFFE WOODEN RULER,144.0,5/17/11 15:42,1.65,12415
553546,22466,FAIRY TALE COTTAGE NIGHTLIGHT,192.0,5/17/11 15:42,1.65,12415
553546,22549,PICTURE DOMINOES,144.0,5/17/11 15:42,1.25,12415
553546,21791,VINTAGE HEADS AND TAILS CARD GAME,144.0,5/17/11 15:42,1.06,12415
553546,21902,"KEY FOB , FRONT  DOOR",576.0,5/17/11 15:42,0.53,12415
553546,21900,"KEY FOB , SHED",576.0,5/17/11 15:42,0.53,12415
553546,21899,"KEY FOB , GARAGE DESIGN",576.0,5/17/11 15:42,0.53,12415
553546,20685,DOORMAT RED RETROSPOT,20.0,5/17/11 15:42,6.75,12415
553546,21770,OPEN CLOSED METAL SIGN,36.0,5/17/11 15:42,4.25,12415
553546,15036,ASSORTED COLOURS SILK FAN,600.0,5/17/11 15:42,0.72,12415
553546,23298,SPOTTY BUNTING,50.0,5/17/11 15:42,4.15,12415
553546,47566,PARTY BUNTING,100.0,5/17/11 15:42,4.15,12415
553546,,BLUE HAPPY BIRTHDAY BUNTING,50.0,5/17/11 15:42,4.65,12415
553546,,PINK HAPPY BIRTHDAY BUNTING,50.0,5/17/11 15:42,4.65,12415
553546,22980,PANTRY SCRUBBING BRUSH,48.0,5/17/11 15:42,1.45,12415
553546,22978,PANTRY ROLLING PIN,24.0,5/17/11 15:42,3.39,12415
553546,22981,PANTRY APPLE CORER,144.0,5/17/11 15:42,1.25,12415
553546,22979,PANTRY WASHING UP BRUSH,72.0,5/17/11 15:42,1.25,12415
553546,23283,DOORMAT VINTAGE LEAVES DESIGN,10.0,5/17/11 15:42,6.75,12415
553546,21731,RED TOADSTOOL LED NIGHT LIGHT,144.0,5/17/11 15:42,1.45,12415
553546,22918,HERB MARKER PARSLEY,120.0,5/17/11 15:42,0.55,12415
553546,22919,HERB MARKER MINT,120.0,5/17/11 15:42,0.55,12415
553546,22920,HERB MARKER BASIL,120.0,5/17/11 15:42,0.55,12415
553546,22921,HERB MARKER CHIVES,120.0,5/17/11 15:42,0.55,12415
553546,22916,HERB MARKER THYME,120.0,5/17/11 15:42,0.55,12415
553546,22917,HERB MARKER ROSEMARY,120.0,5/17/11 15:42,0.55,12415
553546,22692,DOORMAT WELCOME TO OUR HOME,10.0,5/17/11 15:42,6.75,12415
553546,21891,TRADITIONAL WOODEN SKIPPING ROPE,144.0,5/17/11 15:42,1.45,12415
553546,23049,RECYCLED ACAPULCO MAT RED,2.0,5/17/11 15:42,8.25,12415
553546,23170,REGENCY TEA PLATE ROSES,48.0,5/17/11 15:42,1.45,12415
553546,22697,GREEN REGENCY TEACUP AND SAUCER,24.0,5/17/11 15:42,2.55,12415
553546,,CHARLIE & LOLA WASTEPAPER BIN FLORA,24.0,5/17/11 15:42,1.25,12415
553546,,TOMATO CHARLIE+LOLA COASTER SET,24.0,5/17/11 15:42,1.25,12415
553546,22698,PINK REGENCY TEACUP AND SAUCER,24.0,5/17/11 15:42,2.55,12415
553546,21876,POTTERING MUG,24.0,5/17/11 15:42,1.25,12415
553546,21892,TRADITIONAL WOODEN CATCH CUP GAME,144.0,5/17/11 15:42,1.06,12415
553546,22620,4 TRADITIONAL SPINNING TOPS,320.0,5/17/11 15:42,1.25,12415
553546,22619,SET OF 6 SOLDIER SKITTLES,80.0,5/17/11 15:42,3.39,12415
553546,21888,BINGO SET,144.0,5/17/11 15:42,3.39,12415
553546,23171,REGENCY TEA PLATE GREEN,48.0,5/17/11 15:42,1.45,12415
553546,22925,BLUE GIANT GARDEN THERMOMETER,36.0,5/17/11 15:42,4.95,12415
553546,22928,YELLOW GIANT GARDEN THERMOMETER,36.0,5/17/11 15:42,4.95,12415
553546,22913,RED COAT RACK PARIS FASHION,36.0,5/17/11 15:42,4.25,12415
553546,22914,BLUE COAT RACK PARIS FASHION,36.0,5/17/11 15:42,4.25,12415
553546,23299,FOOD COVER WITH BEADS SET 2,50.0,5/17/11 15:42,3.39,12415
553546,22835,HOT WATER BOTTLE I AM SO POORLY,24.0,5/17/11 15:42,4.25,12415
554037,22838,3 TIER CAKE TIN RED AND CREAM,28.0,5/20/11 14:13,14.95,12415
554037,,CHILDRENS CUTLERY POLKADOT BLUE,72.0,5/20/11 14:13,3.75,12415
554037,22712,CARD DOLLY GIRL,216.0,5/20/11 14:13,0.36,12415
554037,22619,SET OF 6 SOLDIER SKITTLES,80.0,5/20/11 14:13,0.0,12415
554126,23109,LED TEA LIGHTS,6.0,5/23/11 9:14,2.89,12431
554126,23284,DOORMAT KEEP CALM AND COME IN,2.0,5/23/11 9:14,7.95,12431
554126,23301,GARDENERS KNEELING PAD KEEP CALM,12.0,5/23/11 9:14,1.65,12431
554126,21731,RED TOADSTOOL LED NIGHT LIGHT,84.0,5/23/11 9:14,1.65,12431
554126,23079,TOADSTOOL BEDSIDE LIGHT,2.0,5/23/11 9:14,8.95,12431
554126,84978,HANGING HEART JAR T-LIGHT HOLDER,12.0,5/23/11 9:14,1.25,12431
554126,48138,DOORMAT UNION FLAG,10.0,5/23/11 9:14,6.75,12431
554126,84945,MULTI COLOUR SILVER T-LIGHT HOLDER,24.0,5/23/11 9:14,0.85,12431
554126,22413,METAL SIGN TAKE IT OR LEAVE IT,6.0,5/23/11 9:14,2.95,12431
554126,22692,DOORMAT WELCOME TO OUR HOME,2.0,5/23/11 9:14,7.95,12431
554126,22382,LUNCH BAG SPACEBOY DESIGN,10.0,5/23/11 9:14,1.65,12431
554126,22617,BAKING SET SPACEBOY DESIGN,3.0,5/23/11 9:14,4.95,12431
554126,,BLACK/BLUE POLKADOT UMBRELLA,3.0,5/23/11 9:14,5.95,12431
554126,,SET OF 3 GOLD FLYING DUCKS,4.0,5/23/11 9:14,6.35,12431
554126,,RETRO PLASTIC ELEPHANT TRAY,12.0,5/23/11 9:14,0.85,12431
554126,,EDWARDIAN PARASOL BLACK,3.0,5/23/11 9:14,5.95,12431
554126,22492,MINI PAINT SET VINTAGE,36.0,5/23/11 9:14,0.65,12431
,22859,EASTER TIN BUNNY BOUQUET,-6.0,5/31/11 11:29,1.65,12431
,84945,MULTI COLOUR SILVER T-LIGHT HOLDER,-6.0,6/2/11 9:57,0.85,12431
,23079,TOADSTOOL BEDSIDE LIGHT,-2.0,6/2/11 9:57,8.95,12431
556917,21992,VINTAGE PAISLEY STATIONERY SET,12.0,6/15/11 13:37,1.25,12415
556917,21993,FLORAL FOLK STATIONERY SET,60.0,6/15/11 13:37,1.25,12415
556917,21933,PINK VINTAGE PAISLEY PICNIC BAG,100.0,6/15/11 13:37,1.65,12415
556917,21990,MODERN FLORAL STATIONERY SET,72.0,6/15/11 13:37,1.25,12415
556917,84944,SET OF 6 KASHMIR FOLKART BAUBLES,60.0,6/15/11 13:37,1.65,12415
556917,21929,JUMBO BAG PINK VINTAGE PAISLEY,100.0,6/15/11 13:37,1.79,12415
556917,23166,MEDIUM CERAMIC TOP STORAGE JAR,96.0,6/15/11 13:37,1.04,12415
556917,23167,SMALL CERAMIC TOP STORAGE JAR,96.0,6/15/11 13:37,0.69,12415
556917,23165,LARGE CERAMIC TOP STORAGE JAR,96.0,6/15/11 13:37,1.45,12415
556917,23172,REGENCY TEA PLATE PINK,96.0,6/15/11 13:37,1.45,12415
556917,23170,REGENCY TEA PLATE ROSES,96.0,6/15/11 13:37,1.45,12415
556917,23171,REGENCY TEA PLATE GREEN,96.0,6/15/11 13:37,1.45,12415
556917,23173,REGENCY TEAPOT ROSES,60.0,6/15/11 13:37,8.15,12415
556917,23174,REGENCY SUGAR BOWL GREEN,48.0,6/15/11 13:37,3.75,12415
556917,23190,BUNDLE OF 3 SCHOOL EXERCISE BOOKS,144.0,6/15/11 13:37,1.45,12415
556917,23192,BUNDLE OF 3 ALPHABET EXERCISE BOOKS,144.0,6/15/11 13:37,1.45,12415
556917,23238,SET OF 4 KNICK KNACK TINS LONDON,96.0,6/15/11 13:37,3.75,12415
556917,23240,SET OF 4 KNICK KNACK TINS DOILEY,192.0,6/15/11 13:37,3.75,12415
556917,23243,SET OF TEA COFFEE SUGAR TINS PANTRY,240.0,6/15/11 13:37,4.15,12415
556917,23300,GARDENERS KNEELING PAD CUP OF TEA,24.0,6/15/11 13:37,1.65,12415
556917,23301,GARDENERS KNEELING PAD KEEP CALM,24.0,6/15/11 13:37,1.65,12415
556917,23306,SET OF 36 DOILIES PANTRY DESIGN,144.0,6/15/11 13:37,1.25,12415
556917,23307,SET OF 60 PANTRY DESIGN CAKE CASES,240.0,6/15/11 13:37,0.42,12415
556917,23308,SET OF 60 VINTAGE LEAF CAKE CASES,120.0,6/15/11 13:37,0.42,12415
556917,23309,SET OF 60 I LOVE LONDON CAKE CASES,120.0,6/15/11 13:37,0.42,12415
556917,23239,SET OF 4 KNICK KNACK TINS POPPIES,96.0,6/15/11 13:37,3.75,12415
556917,23236,DOILEY STORAGE TIN,144.0,6/15/11 13:37,2.49,12415
556917,23241,TREASURE TIN GYMKHANA DESIGN,144.0,6/15/11 13:37,1.85,12415
556917,23242,TREASURE TIN BUFFALO BILL,144.0,6/15/11 13:37,1.85,12415
556917,23237,SET OF 4 KNICK KNACK TINS LEAVES,48.0,6/15/11 13:37,3.75,12415
556917,23235,STORAGE TIN VINTAGE LEAF,96.0,6/15/11 13:37,2.49,12415
556917,23244,ROUND STORAGE TIN VINTAGE LEAF,96.0,6/15/11 13:37,1.65,12415
556917,23245,SET OF 3 REGENCY CAKE TINS,240.0,6/15/11 13:37,4.15,12415
556917,21976,PACK OF 60 MUSHROOM CAKE CASES,240.0,6/15/11 13:37,0.42,12415
556917,21974,SET OF 36 PAISLEY FLOWER DOILIES,144.0,6/15/11 13:37,1.25,12415
556917,23291,DOLLY GIRL CHILDRENS CUP,96.0,6/15/11 13:37,1.05,12415
556917,23292,SPACE BOY CHILDRENS CUP,96.0,6/15/11 13:37,1.05,12415
556917,23154,SET OF 4 JAM JAR MAGNETS,120.0,6/15/11 13:37,1.85,12415
556917,23159,SET OF 5 PANCAKE DAY MAGNETS,120.0,6/15/11 13:37,1.85,12415
556917,23084,RABBIT NIGHT LIGHT,240.0,6/15/11 13:37,1.79,12415
556917,23108,SET OF 10 LED DOLLY LIGHTS,48.0,6/15/11 13:37,5.39,12415
556917,22147,FELTCRAFT BUTTERFLY HEARTS,120.0,6/15/11 13:37,1.25,12415
556917,20840,FRENCH FLORAL CUSHION COVER,24.0,6/15/11 13:37,0.85,12415
556917,20837,FRENCH FLORAL CUSHION COVER,12.0,6/15/11 13:37,0.83,12415
556917,20984,12 PENCILS TALL TUBE POSY,240.0,6/15/11 13:37,0.29,12415
556917,21936,RED RETROSPOT PICNIC BAG,50.0,6/15/11 13:37,2.55,12415
556917,22150,3 STRIPEY MICE FELTCRAFT,120.0,6/15/11 13:37,1.65,12415
556917,20725,LUNCH BAG RED RETROSPOT,100.0,6/15/11 13:37,1.45,12415
556917,21537,RED RETROSPOT PUDDING BOWL,64.0,6/15/11 13:37,3.75,12415
556917,21531,RED RETROSPOT SUGAR JAM BOWL,48.0,6/15/11 13:37,2.1,12415
556917,21539,RED RETROSPOT BUTTER DISH,3.0,6/15/11 13:37,4.95,12415
556917,21843,RED RETROSPOT CAKE STAND,24.0,6/15/11 13:37,9.95,12415
556917,22070,SMALL RED RETROSPOT MUG IN BOX,36.0,6/15/11 13:37,3.39,12415
556917,22138,BAKING SET 9 PIECE RETROSPOT,48.0,6/15/11 13:37,4.25,12415
556917,22348,TEA BAG PLATE RED RETROSPOT,144.0,6/15/11 13:37,0.72,12415
556917,23254,CHILDRENS CUTLERY DOLLY GIRL,144.0,6/15/11 13:37,3.75,12415
556917,22418,10 COLOUR SPACEBOY PEN,48.0,6/15/11 13:37,0.85,12415
556917,23256,CHILDRENS CUTLERY SPACEBOY,72.0,6/15/11 13:37,3.75,12415
556917,22973,CHILDREN'S CIRCUS PARADE MUG,48.0,6/15/11 13:37,1.45,12415
556917,23255,CHILDRENS CUTLERY CIRCUS PARADE,72.0,6/15/11 13:37,3.75,12415
556917,22911,PAPER CHAIN KIT LONDON,40.0,6/15/11 13:37,2.55,12415
556917,23009,I LOVE LONDON BABY GIFT SET,12.0,6/15/11 13:37,14.95,12415
556917,22970,LONDON BUS COFFEE MUG,72.0,6/15/11 13:37,2.1,12415
556917,22908,PACK OF 20 NAPKINS RED APPLES,96.0,6/15/11 13:37,0.72,12415
556917,23206,LUNCH BAG APPLE DESIGN,100.0,6/15/11 13:37,1.45,12415
556917,21878,PACK OF 6 SANDCASTLE FLAGS ASSORTED,60.0,6/15/11 13:37,0.85,12415
556917,,SET OF 4 ENGLISH ROSE PLACEMATS,72.0,6/15/11 13:37,2.95,12415
556917,,SET OF 4 ENGLISH ROSE COASTERS,100.0,6/15/11 13:37,1.06,12415
556917,21213,PACK OF 72 SKULL CAKE CASES,120.0,6/15/11 13:37,0.42,12415
556917,21207,SKULL AND CROSSBONES  GARLAND,48.0,6/15/11 13:37,1.45,12415
556917,21987,PACK OF 6 SKULL PAPER CUPS,120.0,6/15/11 13:37,0.65,12415
556917,21988,PACK OF 6 SKULL PAPER PLATES,96.0,6/15/11 13:37,0.64,12415
556917,21989,PACK OF 20 SKULL PAPER NAPKINS,96.0,6/15/11 13:37,0.72,12415
556917,22085,PAPER CHAIN KIT SKULLS,40.0,6/15/11 13:37,2.55,12415
556917,22332,SKULLS PARTY BAG + STICKER SET,96.0,6/15/11 13:37,1.45,12415
556917,,JUMBO BAG RED RETROSPOT,100.0,6/15/11 13:37,1.79,12415
556917,23203,JUMBO BAG DOILEY PATTERNS,100.0,6/15/11 13:37,1.79,12415
556917,23201,JUMBO BAG ALPHABET,100.0,6/15/11 13:37,1.79,12415
556917,23209,LUNCH BAG DOILEY PATTERN,100.0,6/15/11 13:37,1.45,12415
556917,23207,LUNCH BAG ALPHABET DESIGN,100.0,6/15/11 13:37,1.45,12415
556917,21917,SET 12 KIDS  WHITE CHALK STICKS,144.0,6/15/11 13:37,0.42,12415
556917,21918,SET 12 KIDS COLOUR  CHALK STICKS,288.0,6/15/11 13:37,0.42,12415
556917,22492,MINI PAINT SET VINTAGE,576.0,6/15/11 13:37,0.55,12415
556917,20979,36 PENCILS TUBE RED RETROSPOT,128.0,6/15/11 13:37,1.06,12415
556917,22712,CARD DOLLY GIRL,144.0,6/15/11 13:37,0.36,12415
556917,22630,DOLLY GIRL LUNCH BOX,128.0,6/15/11 13:37,1.65,12415
556917,22423,REGENCY CAKESTAND 3 TIER,32.0,6/15/11 13:37,10.95,12415
556917,22699,ROSES REGENCY TEACUP AND SAUCER,24.0,6/15/11 13:37,2.55,12415
556917,,CHILDRENS CUTLERY POLKADOT PINK,72.0,6/15/11 13:37,3.75,12415
556917,21210,SET OF 72 RETROSPOT PAPER  DOILIES,192.0,6/15/11 13:37,1.25,12415
556917,21080,SET/20 RED RETROSPOT PAPER NAPKINS,96.0,6/15/11 13:37,0.72,12415
556917,22333,RETROSPOT PARTY BAG + STICKER SET,96.0,6/15/11 13:37,1.45,12415
556917,21121,SET/10 RED POLKADOT PARTY CANDLES,288.0,6/15/11 13:37,1.06,12415
556917,21212,PACK OF 72 RETROSPOT CAKE CASES,240.0,6/15/11 13:37,0.42,12415
556917,22960,JAM MAKING SET WITH JARS,36.0,6/15/11 13:37,3.75,12415
556917,22969,HOMEMADE JAM SCENTED CANDLES,96.0,6/15/11 13:37,1.25,12415
556917,22720,SET OF 3 CAKE TINS PANTRY DESIGN,96.0,6/15/11 13:37,4.25,12415
556917,22993,SET OF 4 PANTRY JELLY MOULDS,72.0,6/15/11 13:37,1.06,12415
556917,22710,WRAP I LOVE LONDON,200.0,6/15/11 13:37,0.34,12415
556917,22659,LUNCH BOX I LOVE LONDON,128.0,6/15/11 13:37,1.65,12415
556917,22083,PAPER CHAIN KIT RETROSPOT,40.0,6/15/11 13:37,2.55,12415
556917,22090,PAPER BUNTING RETROSPOT,40.0,6/15/11 13:37,2.55,12415
556917,21508,VINTAGE KID DOLLY CARD,72.0,6/15/11 13:37,0.36,12415
556917,22025,RING OF ROSES BIRTHDAY CARD,144.0,6/15/11 13:37,0.36,12415
556917,22028,PENNY FARTHING BIRTHDAY CARD,72.0,6/15/11 13:37,0.36,12415
556917,22709,WRAP WEDDING DAY,200.0,6/15/11 13:37,0.34,12415
556917,,WRAP ENGLISH ROSE,400.0,6/15/11 13:37,0.34,12415
556917,22050,PINK PAISLEY ROSE GIFT WRAP,200.0,6/15/11 13:37,0.34,12415
556917,22704,WRAP RED APPLES,400.0,6/15/11 13:37,0.34,12415
556917,21509,COWBOYS AND INDIANS BIRTHDAY CARD,72.0,6/15/11 13:37,0.36,12415
556917,21977,PACK OF 60 PINK PAISLEY CAKE CASES,120.0,6/15/11 13:37,0.42,12415
556917,23233,WRAP POPPIES  DESIGN,200.0,6/15/11 13:37,0.34,12415
556917,22631,CIRCUS PARADE LUNCH BOX,64.0,6/15/11 13:37,1.65,12415
556917,22417,PACK OF 60 SPACEBOY CAKE CASES,120.0,6/15/11 13:37,0.42,12415
556917,22613,PACK OF 20 SPACEBOY NAPKINS,96.0,6/15/11 13:37,0.72,12415
556917,22629,SPACEBOY LUNCH BOX,64.0,6/15/11 13:37,1.65,12415
556917,22543,MINI JIGSAW BAKE A CAKE,240.0,6/15/11 13:37,0.36,12415
556917,22545,MINI JIGSAW BUNNIES,240.0,6/15/11 13:37,0.36,12415
556917,22546,MINI JIGSAW PURDEY,24.0,6/15/11 13:37,0.42,12415
556917,21915,RED  HARMONICA IN BOX,240.0,6/15/11 13:37,1.06,12415
556917,22273,FELTCRAFT DOLL MOLLY,48.0,6/15/11 13:37,2.55,12415
556917,22274,FELTCRAFT DOLL EMILY,48.0,6/15/11 13:37,2.55,12415
556917,22271,FELTCRAFT DOLL ROSIE,48.0,6/15/11 13:37,2.55,12415
556917,22749,FELTCRAFT PRINCESS CHARLOTTE DOLL,48.0,6/15/11 13:37,3.39,12415
556917,22750,FELTCRAFT PRINCESS LOLA DOLL,48.0,6/15/11 13:37,3.39,12415
556917,22751,FELTCRAFT PRINCESS OLIVIA DOLL,48.0,6/15/11 13:37,3.39,12415
556917,21249,WOODLAND  HEIGHT CHART STICKERS,30.0,6/15/11 13:37,2.55,12415
556917,22331,WOODLAND PARTY BAG + STICKER SET,48.0,6/15/11 13:37,1.45,12415
556917,22326,ROUND SNACK BOXES SET OF4 WOODLAND,96.0,6/15/11 13:37,2.55,12415
556917,22554,PLASTERS IN TIN WOODLAND ANIMALS,96.0,6/15/11 13:37,1.45,12415
556917,22139,RETROSPOT TEA SET CERAMIC 11 PC,96.0,6/15/11 13:37,4.25,12415
556917,23229,VINTAGE DONKEY TAIL GAME,144.0,6/15/11 13:37,3.39,12415
556917,,RETRO PLASTIC ELEPHANT TRAY,144.0,6/15/11 13:37,0.63,12415
556917,22360,GLASS JAR ENGLISH CONFECTIONERY,96.0,6/15/11 13:37,2.55,12415
556917,22364,GLASS JAR DIGESTIVE BISCUITS,24.0,6/15/11 13:37,2.55,12415
556917,22363,GLASS JAR MARMALADE,24.0,6/15/11 13:37,2.55,12415
556917,21115,ROSE CARAVAN DOORSTOP,16.0,6/15/11 13:37,5.95,12415
556917,22308,TEA COSY BLUE STRIPE,50.0,6/15/11 13:37,2.1,12415
556918,21137,BLACK RECORD COVER FRAME,192.0,6/15/11 13:37,3.39,12415
558536,22583,PACK OF 6 HANDBAG GIFT BOXES,30.0,6/30/11 12:06,2.55,12424
558536,22584,PACK OF 6 PANNETONE GIFT BOXES,36.0,6/30/11 12:06,2.55,12424
558536,22812,PACK 3 BOXES CHRISTMAS PANNETONE,48.0,6/30/11 12:06,1.95,12424
558536,22813,PACK 3 BOXES BIRD PANNETONE,36.0,6/30/11 12:06,1.95,12424
558536,22222,CAKE PLATE LOVEBIRD WHITE,72.0,6/30/11 12:06,4.25,12424
558536,22333,RETROSPOT PARTY BAG + STICKER SET,24.0,6/30/11 12:06,1.65,12424
558536,22429,ENAMEL MEASURING JUG CREAM,12.0,6/30/11 12:06,4.25,12424
558536,22737,RIBBON REEL CHRISTMAS PRESENT,10.0,6/30/11 12:06,1.65,12424
558536,22739,RIBBON REEL CHRISTMAS SOCK BAUBLE,10.0,6/30/11 12:06,1.65,12424
558536,22736,RIBBON REEL MAKING SNOWMEN,10.0,6/30/11 12:06,1.65,12424
558536,23102,SILVER HEARTS TABLE DECORATION,12.0,6/30/11 12:06,0.83,12424
558536,23100,SILVER BELLS TABLE DECORATION,12.0,6/30/11 12:06,1.25,12424
558536,23101,SILVER STARS TABLE DECORATION,12.0,6/30/11 12:06,0.83,12424
558536,85152,HAND OVER THE CHOCOLATE   SIGN,12.0,6/30/11 12:06,2.1,12424
558536,21791,VINTAGE HEADS AND TAILS CARD GAME,12.0,6/30/11 12:06,1.25,12424
558536,22668,PINK BABY BUNTING,40.0,6/30/11 12:06,2.95,12424
558536,23298,SPOTTY BUNTING,24.0,6/30/11 12:06,4.95,12424
558536,47566,PARTY BUNTING,24.0,6/30/11 12:06,4.95,12424
558536,22669,RED BABY BUNTING,30.0,6/30/11 12:06,2.95,12424
558536,22089,PAPER BUNTING VINTAGE PAISLEY,24.0,6/30/11 12:06,2.95,12424
558536,22090,PAPER BUNTING RETROSPOT,24.0,6/30/11 12:06,2.95,12424
558536,23032,DRAWER KNOB CRACKLE GLAZE IVORY,6.0,6/30/11 12:06,1.65,12424
558536,23034,DRAWER KNOB CERAMIC BLACK,12.0,6/30/11 12:06,1.45,12424
558537,84380,SET OF 3 BUTTERFLY COOKIE CUTTERS,144.0,6/30/11 12:06,1.06,12424
558537,84378,SET OF 3 HEART COOKIE CUTTERS,48.0,6/30/11 12:06,1.25,12424
558537,22138,BAKING SET 9 PIECE RETROSPOT,3.0,6/30/11 12:06,4.95,12424
558537,22617,BAKING SET SPACEBOY DESIGN,3.0,6/30/11 12:06,4.95,12424
558537,22139,RETROSPOT TEA SET CERAMIC 11 PC,3.0,6/30/11 12:06,4.95,12424
558537,22119,PEACE WOODEN BLOCK LETTERS,3.0,6/30/11 12:06,6.95,12424
558537,23129,HEART SHAPED HOLLY WREATH,4.0,6/30/11 12:06,4.15,12424
559919,23120,PACK OF 6 SMALL FRUIT STRAWS,288.0,7/13/11 15:30,0.36,12415
559919,22400,MAGNETS PACK OF 4 HOME SWEET HOME,84.0,7/13/11 15:30,0.39,12415
559919,22402,MAGNETS PACK OF 4 VINTAGE COLLAGE,84.0,7/13/11 15:30,0.39,12415
559919,22403,MAGNETS PACK OF 4 VINTAGE LABELS,84.0,7/13/11 15:30,0.39,12415
559919,21179,NO JUNK MAIL METAL SIGN,48.0,7/13/11 15:30,0.39,12415
559919,22093,MOTORING TISSUE BOX,72.0,7/13/11 15:30,0.39,12415
559919,23187,FRENCH STYLE STORAGE JAR BONBONS,48.0,7/13/11 15:30,0.29,12415
559919,22139,RETROSPOT TEA SET CERAMIC 11 PC,48.0,7/13/11 15:30,4.25,12415
559919,23231,WRAP DOILEY DESIGN,200.0,7/13/11 15:30,0.34,12415
559919,23119,PACK OF 6 LARGE FRUIT STRAWS,144.0,7/13/11 15:30,0.53,12415
559919,23121,PACK OF 6 COCKTAIL PARASOL STRAWS,288.0,7/13/11 15:30,0.36,12415
559919,23122,PARTY CHARMS 50 PIECES,144.0,7/13/11 15:30,0.72,12415
559919,21503,TOYBOX  WRAP,200.0,7/13/11 15:30,0.34,12415
559919,22045,SPACEBOY GIFT WRAP,200.0,7/13/11 15:30,0.34,12415
559919,22706,WRAP COWBOYS,200.0,7/13/11 15:30,0.34,12415
559919,23230,WRAP ALPHABET DESIGN,200.0,7/13/11 15:30,0.34,12415
559919,23232,WRAP VINTAGE LEAF DESIGN,200.0,7/13/11 15:30,0.34,12415
559919,23293,SET OF 12 FAIRY CAKE BAKING CASES,384.0,7/13/11 15:30,0.72,12415
559919,23294,SET OF 6 SNACK LOAF BAKING CASES,384.0,7/13/11 15:30,0.72,12415
559919,23295,SET OF 12 MINI LOAF BAKING CASES,384.0,7/13/11 15:30,0.72,12415
559919,23296,SET OF 6 TEA TIME BAKING CASES,384.0,7/13/11 15:30,1.04,12415
559919,23297,SET 40 HEART SHAPE PETIT FOUR CASES,240.0,7/13/11 15:30,1.45,12415
559920,22698,PINK REGENCY TEACUP AND SAUCER,24.0,7/13/11 15:31,2.55,12415
560033,22910,PAPER CHAIN KIT VINTAGE CHRISTMAS,6.0,7/14/11 13:28,2.95,12388
560033,22338,STAR DECORATION PAINTED ZINC,24.0,7/14/11 13:28,0.65,12388
560033,22576,SWALLOW WOODEN CHRISTMAS DECORATION,12.0,7/14/11 13:28,0.85,12388
560033,22600,CHRISTMAS RETROSPOT STAR WOOD,12.0,7/14/11 13:28,0.85,12388
560033,22478,BIRDHOUSE GARDEN MARKER,10.0,7/14/11 13:28,1.25,12388
560033,22496,SET OF 2 ROUND TINS DUTCH CHEESE,6.0,7/14/11 13:28,2.95,12388
560033,22495,SET OF 2 ROUND TINS CAMEMBERT,6.0,7/14/11 13:28,2.95,12388
560033,22310,IVORY KNITTED MUG COSY,24.0,7/14/11 13:28,1.65,12388
560033,23019,SMALL APOTHECARY MEASURING JAR,6.0,7/14/11 13:28,7.45,12388
560033,23017,APOTHECARY MEASURING JAR,6.0,7/14/11 13:28,11.15,12388
560033,23024,LARGE BONNE JAM JAR  T-LIGHT HOLDER,24.0,7/14/11 13:28,2.89,12388
560033,23236,DOILEY STORAGE TIN,6.0,7/14/11 13:28,2.89,12388
560033,23243,SET OF TEA COFFEE SUGAR TINS PANTRY,8.0,7/14/11 13:28,4.95,12388
560033,23245,SET OF 3 REGENCY CAKE TINS,8.0,7/14/11 13:28,4.95,12388
560033,23252,VINTAGE RED ENAMEL TRIM JUG,8.0,7/14/11 13:28,3.75,12388
560033,23249,VINTAGE RED ENAMEL TRIM PLATE,12.0,7/14/11 13:28,1.65,12388
560033,23250,VINTAGE RED TRIM ENAMEL BOWL,12.0,7/14/11 13:28,1.25,12388
560033,23318,BOX OF 6 MINI VINTAGE CRACKERS,6.0,7/14/11 13:28,2.49,12388
560033,23319,BOX OF 6 MINI 50'S CRACKERS,6.0,7/14/11 13:28,2.49,12388
560033,22262,FELT EGG COSY CHICKEN,24.0,7/14/11 13:28,0.85,12388
560033,23298,SPOTTY BUNTING,6.0,7/14/11 13:28,4.95,12388
560033,47566,PARTY BUNTING,8.0,7/14/11 13:28,4.95,12388
560033,,BLUE HAPPY BIRTHDAY BUNTING,3.0,7/14/11 13:28,5.45,12388
560033,,PINK HAPPY BIRTHDAY BUNTING,6.0,7/14/11 13:28,5.45,12388
560033,71459,HANGING JAM JAR T-LIGHT HOLDER,12.0,7/14/11 13:28,0.85,12388
560033,,SINGLE HEART ZINC T-LIGHT HOLDER,12.0,7/14/11 13:28,0.95,12388
560033,84978,HANGING HEART JAR T-LIGHT HOLDER,12.0,7/14/11 13:28,1.25,12388
560033,22580,ADVENT CALENDAR GINGHAM SACK,6.0,7/14/11 13:28,5.95,12388
560033,22086,PAPER CHAIN KIT 50'S CHRISTMAS,6.0,7/14/11 13:28,2.95,12388
560033,23311,VINTAGE CHRISTMAS STOCKING,12.0,7/14/11 13:28,2.55,12388
560033,23294,SET OF 6 SNACK LOAF BAKING CASES,24.0,7/14/11 13:28,0.83,12388
560033,23293,SET OF 12 FAIRY CAKE BAKING CASES,24.0,7/14/11 13:28,0.83,12388
560033,23295,SET OF 12 MINI LOAF BAKING CASES,24.0,7/14/11 13:28,0.83,12388
560033,23297,SET 40 HEART SHAPE PETIT FOUR CASES,24.0,7/14/11 13:28,1.65,12388
560033,23296,SET OF 6 TEA TIME BAKING CASES,24.0,7/14/11 13:28,1.25,12388
560473,22699,ROSES REGENCY TEACUP AND SAUCER,6.0,7/19/11 10:42,2.95,12431
560473,23170,REGENCY TEA PLATE ROSES,12.0,7/19/11 10:42,1.65,12431
560473,21481,FAWN BLUE HOT WATER BOTTLE,6.0,7/19/11 10:42,2.95,12431
560473,21524,DOORMAT SPOTTY HOME SWEET HOME,2.0,7/19/11 10:42,7.95,12431
560473,22727,ALARM CLOCK BAKELIKE RED,4.0,7/19/11 10:42,3.75,12431
560473,84978,HANGING HEART JAR T-LIGHT HOLDER,24.0,7/19/11 10:42,1.25,12431
560473,22726,ALARM CLOCK BAKELIKE GREEN,4.0,7/19/11 10:42,3.75,12431
560473,22138,BAKING SET 9 PIECE RETROSPOT,3.0,7/19/11 10:42,4.95,12431
560473,22617,BAKING SET SPACEBOY DESIGN,3.0,7/19/11 10:42,4.95,12431
560473,21507,"ELEPHANT, BIRTHDAY CARD,",12.0,7/19/11 10:42,0.42,12431
560473,22027,TEA PARTY BIRTHDAY CARD,12.0,7/19/11 10:42,0.42,12431
560473,22712,CARD DOLLY GIRL,12.0,7/19/11 10:42,0.42,12431
560473,23083,SET 6 PAPER TABLE LANTERN STARS,6.0,7/19/11 10:42,3.75,12431
560473,23298,SPOTTY BUNTING,6.0,7/19/11 10:42,4.95,12431
560473,23175,REGENCY MILK JUG PINK,4.0,7/19/11 10:42,3.25,12431
560473,23174,REGENCY SUGAR BOWL GREEN,4.0,7/19/11 10:42,4.15,12431
560473,21745,GAOLERS KEYS DECORATIVE GARDEN,4.0,7/19/11 10:42,3.75,12431
560473,20685,DOORMAT RED RETROSPOT,6.0,7/19/11 10:42,7.95,12431
560473,21706,FOLDING UMBRELLA RED/WHITE POLKADOT,8.0,7/19/11 10:42,4.95,12431
560473,21707,FOLDING UMBRELLA BLACKBLUE POLKADOT,8.0,7/19/11 10:42,4.95,12431
560473,48129,DOORMAT TOPIARY,4.0,7/19/11 10:42,7.95,12431
560473,22835,HOT WATER BOTTLE I AM SO POORLY,4.0,7/19/11 10:42,4.65,12431
560473,20725,LUNCH BAG RED RETROSPOT,20.0,7/19/11 10:42,1.65,12431
560491,23293,SET OF 12 FAIRY CAKE BAKING CASES,2.0,7/19/11 10:51,0.83,12415
560491,23232,WRAP VINTAGE LEAF DESIGN,1.0,7/19/11 10:51,0.42,12415
560491,21503,TOYBOX  WRAP,1.0,7/19/11 10:51,0.42,12415
560491,22546,MINI JIGSAW PURDEY,1.0,7/19/11 10:51,0.42,12415
560491,22545,MINI JIGSAW BUNNIES,1.0,7/19/11 10:51,0.42,12415
560491,21918,SET 12 KIDS COLOUR  CHALK STICKS,1.0,7/19/11 10:51,0.42,12415
560491,21917,SET 12 KIDS  WHITE CHALK STICKS,1.0,7/19/11 10:51,0.42,12415
560491,21843,RED RETROSPOT CAKE STAND,1.0,7/19/11 10:51,10.95,12415
560491,20979,36 PENCILS TUBE RED RETROSPOT,1.0,7/19/11 10:51,1.25,12415
560491,23245,SET OF 3 REGENCY CAKE TINS,1.0,7/19/11 10:51,4.95,12415
560491,23307,SET OF 60 PANTRY DESIGN CAKE CASES,1.0,7/19/11 10:51,0.55,12415
560491,23243,SET OF TEA COFFEE SUGAR TINS PANTRY,1.0,7/19/11 10:51,4.95,12415
560491,21210,SET OF 72 RETROSPOT PAPER  DOILIES,1.0,7/19/11 10:51,1.45,12415
560491,23240,SET OF 4 KNICK KNACK TINS DOILEY,1.0,7/19/11 10:51,4.15,12415
560491,23229,VINTAGE DONKEY TAIL GAME,1.0,7/19/11 10:51,3.75,12415
560491,23254,CHILDRENS CUTLERY DOLLY GIRL,1.0,7/19/11 10:51,4.15,12415
560491,21974,SET OF 36 PAISLEY FLOWER DOILIES,1.0,7/19/11 10:51,1.45,12415
560491,23242,TREASURE TIN BUFFALO BILL,1.0,7/19/11 10:51,2.08,12415
560491,23241,TREASURE TIN GYMKHANA DESIGN,1.0,7/19/11 10:51,2.08,12415
560491,23236,DOILEY STORAGE TIN,1.0,7/19/11 10:51,2.89,12415
560491,23306,SET OF 36 DOILIES PANTRY DESIGN,1.0,7/19/11 10:51,1.45,12415
560491,23192,BUNDLE OF 3 ALPHABET EXERCISE BOOKS,1.0,7/19/11 10:51,1.65,12415
560491,23190,BUNDLE OF 3 SCHOOL EXERCISE BOOKS,1.0,7/19/11 10:51,1.65,12415
560491,22150,3 STRIPEY MICE FELTCRAFT,1.0,7/19/11 10:51,1.95,12415
560491,22147,FELTCRAFT BUTTERFLY HEARTS,1.0,7/19/11 10:51,1.45,12415
560491,23159,SET OF 5 PANCAKE DAY MAGNETS,1.0,7/19/11 10:51,2.08,12415
560491,23154,SET OF 4 JAM JAR MAGNETS,1.0,7/19/11 10:51,2.08,12415
560491,23207,LUNCH BAG ALPHABET DESIGN,1.0,7/19/11 10:51,1.65,12415
560491,23209,LUNCH BAG DOILEY PATTERN,1.0,7/19/11 10:51,1.65,12415
560491,23201,JUMBO BAG ALPHABET,1.0,7/19/11 10:51,2.08,12415
560491,23203,JUMBO BAG DOILEY PATTERNS,1.0,7/19/11 10:51,2.08,12415
560491,,JUMBO BAG RED RETROSPOT,1.0,7/19/11 10:51,2.08,12415
560491,23206,LUNCH BAG APPLE DESIGN,1.0,7/19/11 10:51,1.65,12415
560491,20725,LUNCH BAG RED RETROSPOT,1.0,7/19/11 10:51,1.65,12415
560491,21929,JUMBO BAG PINK VINTAGE PAISLEY,1.0,7/19/11 10:51,2.08,12415
560491,21933,PINK VINTAGE PAISLEY PICNIC BAG,1.0,7/19/11 10:51,1.65,12415
560491,22720,SET OF 3 CAKE TINS PANTRY DESIGN,1.0,7/19/11 10:51,4.95,12415
560491,23292,SPACEBOY CHILDRENS CUP,1.0,7/19/11 10:51,1.25,12415
560491,23291,DOLLY GIRL CHILDRENS CUP,1.0,7/19/11 10:51,1.25,12415
560491,23244,ROUND STORAGE TIN VINTAGE LEAF,1.0,7/19/11 10:51,1.95,12415
560491,23235,STORAGE TIN VINTAGE LEAF,1.0,7/19/11 10:51,2.89,12415
560491,23165,LARGE CERAMIC TOP STORAGE JAR,1.0,7/19/11 10:51,1.65,12415
560491,23167,SMALL CERAMIC TOP STORAGE JAR,1.0,7/19/11 10:51,0.83,12415
560491,23166,MEDIUM CERAMIC TOP STORAGE JAR,1.0,7/19/11 10:51,1.25,12415
560491,23255,CHILDRENS CUTLERY CIRCUS PARADE,1.0,7/19/11 10:51,4.15,12415
560491,23256,CHILDRENS CUTLERY SPACEBOY,1.0,7/19/11 10:51,4.15,12415
560491,21936,RED RETROSPOT PICNIC BAG,1.0,7/19/11 10:51,2.95,12415
560491,22973,CHILDREN'S CIRCUS PARADE MUG,1.0,7/19/11 10:51,1.65,12415
560491,22138,BAKING SET 9 PIECE RETROSPOT,1.0,7/19/11 10:51,4.95,12415
560491,23108,SET OF 10 LED DOLLY LIGHTS,1.0,7/19/11 10:51,6.25,12415
560491,23237,SET OF 4 KNICK KNACK TINS LEAF,1.0,7/19/11 10:51,4.15,12415
560491,23174,REGENCY SUGAR BOWL GREEN,1.0,7/19/11 10:51,4.15,12415
560491,22492,MINI PAINT SET VINTAGE,36.0,7/19/11 10:51,0.65,12415
560491,23297,SET 40 HEART SHAPE PETIT FOUR CASES,2.0,7/19/11 10:51,1.65,12415
560491,23296,SET OF 6 TEA TIME BAKING CASES,2.0,7/19/11 10:51,1.25,12415
560491,23295,SET OF 12 MINI LOAF BAKING CASES,2.0,7/19/11 10:51,0.83,12415
560491,23294,SET OF 6 SNACK LOAF BAKING CASES,2.0,7/19/11 10:51,0.83,12415
,,JUMBO BAG RED RETROSPOT,-1.0,7/19/11 12:26,2.08,12415
,23307,SET OF 60 PANTRY DESIGN CAKE CASES,-1.0,7/19/11 12:26,0.55,12415
,23306,SET OF 36 DOILIES PANTRY DESIGN,-1.0,7/19/11 12:26,1.45,12415
,23297,SET 40 HEART SHAPE PETIT FOUR CASES,-2.0,7/19/11 12:26,1.65,12415
,23296,SET OF 6 TEA TIME BAKING CASES,-2.0,7/19/11 12:26,1.25,12415
,23295,SET OF 12 MINI LOAF BAKING CASES,-2.0,7/19/11 12:26,0.83,12415
,23294,SET OF 6 SNACK LOAF BAKING CASES,-2.0,7/19/11 12:26,0.83,12415
,23293,SET OF 12 FAIRY CAKE BAKING CASES,-2.0,7/19/11 12:26,0.83,12415
,23291,DOLLY GIRL CHILDRENS CUP,-1.0,7/19/11 12:26,1.25,12415
,23256,CHILDRENS CUTLERY SPACEBOY,-1.0,7/19/11 12:26,4.15,12415
,23255,CHILDRENS CUTLERY CIRCUS PARADE,-1.0,7/19/11 12:26,4.15,12415
,23254,CHILDRENS CUTLERY DOLLY GIRL,-1.0,7/19/11 12:26,4.15,12415
,23245,SET OF 3 REGENCY CAKE TINS,-1.0,7/19/11 12:26,4.95,12415
,23244,ROUND STORAGE TIN VINTAGE LEAF,-1.0,7/19/11 12:26,1.95,12415
,23243,SET OF TEA COFFEE SUGAR TINS PANTRY,-1.0,7/19/11 12:26,4.95,12415
,23242,TREASURE TIN BUFFALO BILL,-1.0,7/19/11 12:26,2.08,12415
,23241,TREASURE TIN GYMKHANA DESIGN,-1.0,7/19/11 12:26,2.08,12415
,23240,SET OF 4 KNICK KNACK TINS DOILEY,-1.0,7/19/11 12:26,4.15,12415
,23237,SET OF 4 KNICK KNACK TINS LEAF,-1.0,7/19/11 12:26,4.15,12415
,23236,DOILEY STORAGE TIN,-1.0,7/19/11 12:26,2.89,12415
,23235,STORAGE TIN VINTAGE LEAF,-1.0,7/19/11 12:26,2.89,12415
,23232,WRAP VINTAGE LEAF DESIGN,-1.0,7/19/11 12:26,0.42,12415
,23229,VINTAGE DONKEY TAIL GAME,-1.0,7/19/11 12:26,3.75,12415
,23209,LUNCH BAG DOILEY PATTERN,-1.0,7/19/11 12:26,1.65,12415
,23207,LUNCH BAG ALPHABET DESIGN,-1.0,7/19/11 12:26,1.65,12415
,23206,LUNCH BAG APPLE DESIGN,-1.0,7/19/11 12:26,1.65,12415
,23203,JUMBO BAG DOILEY PATTERNS,-1.0,7/19/11 12:26,2.08,12415
,23201,JUMBO BAG ALPHABET,-1.0,7/19/11 12:26,2.08,12415
,23192,BUNDLE OF 3 ALPHABET EXERCISE BOOKS,-1.0,7/19/11 12:26,1.65,12415
,23190,BUNDLE OF 3 SCHOOL EXERCISE BOOKS,-1.0,7/19/11 12:26,1.65,12415
,23174,REGENCY SUGAR BOWL GREEN,-1.0,7/19/11 12:26,4.15,12415
,23167,SMALL CERAMIC TOP STORAGE JAR,-1.0,7/19/11 12:26,0.83,12415
,23166,MEDIUM CERAMIC TOP STORAGE JAR,-1.0,7/19/11 12:26,1.25,12415
,23165,LARGE CERAMIC TOP STORAGE JAR,-1.0,7/19/11 12:26,1.65,12415
,23159,SET OF 5 PANCAKE DAY MAGNETS,-1.0,7/19/11 12:26,2.08,12415
,23154,SET OF 4 JAM JAR MAGNETS,-1.0,7/19/11 12:26,2.08,12415
,23108,SET OF 10 LED DOLLY LIGHTS,-1.0,7/19/11 12:26,6.25,12415
,22973,CHILDREN'S CIRCUS PARADE MUG,-1.0,7/19/11 12:26,1.65,12415
,22720,SET OF 3 CAKE TINS PANTRY DESIGN,-1.0,7/19/11 12:26,4.95,12415
,22546,MINI JIGSAW PURDEY,-1.0,7/19/11 12:26,0.42,12415
,22545,MINI JIGSAW BUNNIES,-1.0,7/19/11 12:26,0.42,12415
,22492,MINI PAINT SET VINTAGE,-36.0,7/19/11 12:26,0.65,12415
,22150,3 STRIPEY MICE FELTCRAFT,-1.0,7/19/11 12:26,1.95,12415
,22147,FELTCRAFT BUTTERFLY HEARTS,-1.0,7/19/11 12:26,1.45,12415
,22138,BAKING SET 9 PIECE RETROSPOT,-1.0,7/19/11 12:26,4.95,12415
,21974,SET OF 36 PAISLEY FLOWER DOILIES,-1.0,7/19/11 12:26,1.45,12415
,21936,RED RETROSPOT PICNIC BAG,-1.0,7/19/11 12:26,2.95,12415
,21933,PINK VINTAGE PAISLEY PICNIC BAG,-1.0,7/19/11 12:26,1.65,12415
,21929,JUMBO BAG PINK VINTAGE PAISLEY,-1.0,7/19/11 12:26,2.08,12415
,21917,SET 12 KIDS  WHITE CHALK STICKS,-1.0,7/19/11 12:26,0.42,12415
,21843,RED RETROSPOT CAKE STAND,-1.0,7/19/11 12:26,10.95,12415
,21503,TOYBOX  WRAP,-1.0,7/19/11 12:26,0.42,12415
,21210,SET OF 72 RETROSPOT PAPER  DOILIES,-1.0,7/19/11 12:26,1.45,12415
,20979,36 PENCILS TUBE RED RETROSPOT,-1.0,7/19/11 12:26,1.25,12415
,20725,LUNCH BAG RED RETROSPOT,-1.0,7/19/11 12:26,1.65,12415
,23292,SPACEBOY CHILDRENS CUP,-1.0,7/19/11 12:26,1.25,12415
,21918,SET 12 KIDS COLOUR  CHALK STICKS,-1.0,7/19/11 12:26,0.42,12415
561040,22726,ALARM CLOCK BAKELIKE GREEN,4.0,7/24/11 12:05,3.75,12431
561040,22727,ALARM CLOCK BAKELIKE RED,4.0,7/24/11 12:05,3.75,12431
561040,22138,BAKING SET 9 PIECE RETROSPOT,6.0,7/24/11 12:05,4.95,12431
561040,22617,BAKING SET SPACEBOY DESIGN,6.0,7/24/11 12:05,4.95,12431
561040,22729,ALARM CLOCK BAKELIKE ORANGE,4.0,7/24/11 12:05,3.75,12431
561040,22698,PINK REGENCY TEACUP AND SAUCER,6.0,7/24/11 12:05,2.95,12431
561040,22730,ALARM CLOCK BAKELIKE IVORY,4.0,7/24/11 12:05,3.75,12431
561040,23284,DOORMAT KEEP CALM AND COME IN,10.0,7/24/11 12:05,6.75,12431
561040,21731,RED TOADSTOOL LED NIGHT LIGHT,24.0,7/24/11 12:05,1.65,12431
561040,,IVORY STRING CURTAIN WITH POLE,6.0,7/24/11 12:05,1.95,12431
561040,23300,GARDENERS KNEELING PAD CUP OF TEA,12.0,7/24/11 12:05,1.65,12431
561040,23301,GARDENERS KNEELING PAD KEEP CALM,24.0,7/24/11 12:05,1.65,12431
561040,,IVORY ENCHANTED FOREST PLACEMAT,6.0,7/24/11 12:05,1.65,12431
561040,,RED ENCHANTED FOREST PLACEMAT,6.0,7/24/11 12:05,1.65,12431
561040,84988,SET OF 72 PINK HEART PAPER DOILIES,12.0,7/24/11 12:05,1.45,12431
561040,23306,SET OF 36 DOILIES PANTRY DESIGN,12.0,7/24/11 12:05,1.45,12431
561040,21931,JUMBO STORAGE BAG SUKI,10.0,7/24/11 12:05,2.08,12431
561040,23202,JUMBO BAG VINTAGE LEAF,10.0,7/24/11 12:05,2.08,12431
561040,,SET OF 3 BLACK FLYING DUCKS,12.0,7/24/11 12:05,4.65,12431
561040,84978,HANGING HEART JAR T-LIGHT HOLDER,36.0,7/24/11 12:05,1.06,12431
,84978,HANGING HEART JAR T-LIGHT HOLDER,-36.0,7/26/11 10:15,1.06,12431
561228,21731,RED TOADSTOOL LED NIGHT LIGHT,72.0,7/26/11 10:16,1.65,12431
