555931,22784,LANTERN CREAM GAZEBO,3.0,6/8/11 8:31,4.95,17828
555931,,WHITE HANGING HEART T-LIGHT HOLDER,6.0,6/8/11 8:31,2.95,17828
555931,21733,RED HANGING HEART T-LIGHT HOLDER,6.0,6/8/11 8:31,2.95,17828
555931,21126,SET OF 6 GIRLS CELEBRATION CANDLES,12.0,6/8/11 8:31,1.25,17828
555931,,BEST DAD CANDLE LETTERS,6.0,6/8/11 8:31,0.85,17828
555931,,SET/3 VANILLA SCENTED CANDLE IN BOX,4.0,6/8/11 8:31,4.25,17828
555931,,SET/3 ROSE CANDLE IN JEWELLED BOX,4.0,6/8/11 8:31,4.25,17828
555931,,3 WHITE CHOC MORRIS BOXED CANDLES,4.0,6/8/11 8:31,4.25,17828
555931,72741,GRAND CHOCOLATECANDLE,18.0,6/8/11 8:31,1.45,17828
555931,,OPIUM SCENTED VOTIVE CANDLE,24.0,6/8/11 8:31,0.29,17828
555931,,4 IVORY DINNER CANDLES SILVER FLOCK,12.0,6/8/11 8:31,2.1,17828
555931,22149,FELTCRAFT 6 FLOWER FRIENDS,6.0,6/8/11 8:31,2.1,17828
555931,22511,RETROSPOT BABUSHKA DOORSTOP,4.0,6/8/11 8:31,3.75,17828
555931,84865,NEW BAROQUE BLACK PHOTO ALBUM,2.0,6/8/11 8:31,2.95,17828
555931,22796,PHOTO FRAME 3 CLASSIC HANGING,2.0,6/8/11 8:31,9.95,17828
555931,22767,TRIPLE PHOTO FRAME CORNICE,2.0,6/8/11 8:31,9.95,17828
555931,,PINK JEWELLED PHOTO FRAME,4.0,6/8/11 8:31,4.95,17828
555931,84638,SMALL KITCHEN FLOWER POTS PLAQUE,2.0,6/8/11 8:31,6.95,17828
555931,84637,KITCHEN FLOWER POTS WALL PLAQUE,3.0,6/8/11 8:31,5.95,17828
555931,23147,SINGLE ANTIQUE ROSE HOOK IVORY,12.0,6/8/11 8:31,1.45,17828
555931,22244,3 HOOK HANGER MAGIC GARDEN,12.0,6/8/11 8:31,1.95,17828
555931,,BLACK SQUARE TABLE CLOCK,6.0,6/8/11 8:31,2.55,17828
555931,,WHITE SQUARE TABLE CLOCK,6.0,6/8/11 8:31,2.55,17828
555931,21035,SET/2 RED RETROSPOT TEA TOWELS,6.0,6/8/11 8:31,3.25,17828
555931,84050,PINK HEART SHAPE EGG FRYING PAN,6.0,6/8/11 8:31,1.65,17828
555931,21154,RED RETROSPOT OVEN GLOVE,10.0,6/8/11 8:31,1.25,17828
555931,21041,RED RETROSPOT OVEN GLOVE DOUBLE,6.0,6/8/11 8:31,2.95,17828
555931,21231,SWEETHEART CERAMIC TRINKET BOX,12.0,6/8/11 8:31,1.25,17828
555931,22064,PINK DOUGHNUT TRINKET POT,12.0,6/8/11 8:31,1.65,17828
555931,21232,STRAWBERRY CERAMIC TRINKET BOX,12.0,6/8/11 8:31,1.25,17828
555931,21555,CERAMIC STRAWBERRY TRINKET TRAY,6.0,6/8/11 8:31,2.55,17828
555931,22067,CHOC TRUFFLE GOLD TRINKET POT,12.0,6/8/11 8:31,1.65,17828
555931,21446,12 RED ROSE PEG PLACE SETTINGS,12.0,6/8/11 8:31,1.25,17828
555931,21447,12 IVORY ROSE PEG PLACE SETTINGS,12.0,6/8/11 8:31,1.25,17828
555931,37446,MINI CAKE STAND WITH HANGING CAKES,8.0,6/8/11 8:31,1.45,17828
555931,37449,CERAMIC CAKE STAND + HANGING CAKES,2.0,6/8/11 8:31,9.95,17828
555931,37447,CERAMIC CAKE DESIGN SPOTTED PLATE,12.0,6/8/11 8:31,1.49,17828
555931,21982,PACK OF 12 SUKI TISSUES,24.0,6/8/11 8:31,0.29,17828
555931,21984,PACK OF 12 PINK PAISLEY TISSUES,24.0,6/8/11 8:31,0.29,17828
555931,,SET/3 OCEAN SCENT CANDLE JEWEL BOX,4.0,6/8/11 8:31,4.25,17828
555931,23226,FILIGREE HEART DAISY WHITE,24.0,6/8/11 8:31,1.25,17828
555931,,BLUE FLOCK CUSHION COVER,4.0,6/8/11 8:31,1.25,17828
555931,,PINK FLOCK SUEDE CUSHION COVER,6.0,6/8/11 8:31,1.25,17828
555931,,POSTAGE,4.0,6/8/11 8:31,40.0,17828
,,SET/3 VANILLA SCENTED CANDLE IN BOX,-1.0,6/16/11 14:43,4.25,17828
,,SET/3 ROSE CANDLE IN JEWELLED BOX,-2.0,6/16/11 14:43,4.25,17828
557668,23228,FILIGREE HEART BIRD WHITE,24.0,6/22/11 9:02,1.25,17828
