567526,22631,CIRCUS PARADE LUNCH BOX,64.0,9/21/11 9:06,1.65,12435
567526,21524,DOORMAT SPOTTY HOME SWEET HOME,50.0,9/21/11 9:06,7.08,12435
567526,23342,MINT DINER WALL CLOCK,36.0,9/21/11 9:06,7.65,12435
567526,23341,PINK DINER WALL CLOCK,36.0,9/21/11 9:06,7.65,12435
567526,22192,BLUE DINER WALL CLOCK,36.0,9/21/11 9:06,7.65,12435
567526,22728,ALARM CLOCK BAKELIKE PINK,50.0,9/21/11 9:06,3.39,12435
567526,22730,ALARM CLOCK BAKELIKE IVORY,50.0,9/21/11 9:06,3.39,12435
567526,22624,IVORY KITCHEN SCALES,48.0,9/21/11 9:06,7.65,12435
567526,22627,MINT KITCHEN SCALES,36.0,9/21/11 9:06,7.65,12435
567526,22625,RED KITCHEN SCALES,48.0,9/21/11 9:06,7.65,12435
567526,22467,GUMBALL COAT RACK,72.0,9/21/11 9:06,2.1,12435
567526,21915,RED  HARMONICA IN BOX,240.0,9/21/11 9:06,1.06,12435
567526,22630,DOLLY GIRL LUNCH BOX,64.0,9/21/11 9:06,1.65,12435
567526,23201,JUMBO BAG ALPHABET,100.0,9/21/11 9:06,1.79,12435
567526,20713,JUMBO BAG OWLS,100.0,9/21/11 9:06,1.79,12435
567526,22865,HAND WARMER OWL DESIGN,96.0,9/21/11 9:06,1.85,12435
567526,22727,ALARM CLOCK BAKELIKE RED,50.0,9/21/11 9:06,3.39,12435
568223,23355,HOT WATER BOTTLE KEEP CALM,4.0,9/26/11 10:16,4.95,12412
568223,23356,LOVE HOT WATER BOTTLE,3.0,9/26/11 10:16,5.95,12412
568223,23357,HOT WATER BOTTLE SEX BOMB,4.0,9/26/11 10:16,4.95,12412
568223,23377,PACK OF 12 DOLLY GIRL TISSUES,24.0,9/26/11 10:16,0.39,12412
568223,23392,SPACEBOY ROCKET LOLLY MAKERS,24.0,9/26/11 10:16,2.08,12412
568223,23559,WOODLAND BUNNIES LOLLY MAKERS,12.0,9/26/11 10:16,2.08,12412
568223,23280,FOLDING BUTTERFLY MIRROR HOT PINK,12.0,9/26/11 10:16,0.83,12412
568223,23281,FOLDING BUTTERFLY MIRROR RED,12.0,9/26/11 10:16,0.83,12412
568223,21479,WHITE SKULL HOT WATER BOTTLE,4.0,9/26/11 10:16,4.25,12412
568223,,CHARLIE+LOLA RED HOT WATER BOTTLE,3.0,9/26/11 10:16,4.65,12412
568223,23319,BOX OF 6 MINI 50'S CRACKERS,18.0,9/26/11 10:16,2.49,12412
568223,23378,PACK OF 12 50'S CHRISTMAS TISSUES,24.0,9/26/11 10:16,0.39,12412
568223,21563,RED HEART SHAPE LOVE BUCKET,12.0,9/26/11 10:16,2.95,12412
568223,84077,WORLD WAR 2 GLIDERS ASSTD DESIGNS,48.0,9/26/11 10:16,0.29,12412
568223,22489,PACK OF 12 TRADITIONAL CRAYONS,24.0,9/26/11 10:16,0.42,12412
568223,,POSTAGE,2.0,9/26/11 10:16,15.0,12412
568872,23433,HANGING QUILTED PATCHWORK APPLES,24.0,9/29/11 12:12,0.83,12372
568872,22374,AIRLINE BAG VINTAGE JET SET RED,4.0,9/29/11 12:12,4.25,12372
568872,22629,SPACEBOY LUNCH BOX,12.0,9/29/11 12:12,1.95,12372
568872,22630,DOLLY GIRL LUNCH BOX,12.0,9/29/11 12:12,1.95,12372
568872,22631,CIRCUS PARADE LUNCH BOX,12.0,9/29/11 12:12,1.95,12372
568872,22659,LUNCH BOX I LOVE LONDON,12.0,9/29/11 12:12,1.95,12372
568872,23244,ROUND STORAGE TIN VINTAGE LEAF,6.0,9/29/11 12:12,1.95,12372
568872,22326,ROUND SNACK BOXES SET OF4 WOODLAND,6.0,9/29/11 12:12,2.95,12372
568872,22551,PLASTERS IN TIN SPACEBOY,36.0,9/29/11 12:12,1.65,12372
568872,22556,PLASTERS IN TIN CIRCUS PARADE,36.0,9/29/11 12:12,1.65,12372
568872,22555,PLASTERS IN TIN STRONGMAN,36.0,9/29/11 12:12,1.65,12372
568872,22550,HOLIDAY FUN LUDO,4.0,9/29/11 12:12,3.75,12372
568872,,POSTAGE,2.0,9/29/11 12:12,15.0,12372
569997,23245,SET OF 3 REGENCY CAKE TINS,32.0,10/7/11 8:08,4.15,12394
569997,23295,SET OF 12 MINI LOAF BAKING CASES,256.0,10/7/11 8:08,0.72,12394
569997,23296,SET OF 6 TEA TIME BAKING CASES,256.0,10/7/11 8:08,1.04,12394
569997,23293,SET OF 12 FAIRY CAKE BAKING CASES,48.0,10/7/11 8:08,0.83,12394
569997,37495,FAIRY CAKE BIRTHDAY CANDLE SET,36.0,10/7/11 8:08,2.95,12394
569997,,POSTAGE,9.0,10/7/11 8:08,18.0,12394
570666,21731,RED TOADSTOOL LED NIGHT LIGHT,12.0,10/11/11 14:24,1.65,13919
570666,,WRAP SUKI AND FRIENDS,25.0,10/11/11 14:24,0.42,13919
570666,22666,RECIPE BOX PANTRY YELLOW DESIGN,6.0,10/11/11 14:24,2.95,13919
570666,22961,JAM MAKING SET PRINTED,12.0,10/11/11 14:24,1.45,13919
570666,22704,WRAP RED APPLES,25.0,10/11/11 14:24,0.42,13919
570666,23513,EMBROIDERED RIBBON REEL SUSIE,6.0,10/11/11 14:24,2.08,13919
570666,23515,EMBROIDERED RIBBON REEL DAISY,6.0,10/11/11 14:24,2.08,13919
570666,23518,EMBROIDERED RIBBON REEL RACHEL,6.0,10/11/11 14:24,2.89,13919
570666,23512,EMBROIDERED RIBBON REEL ROSIE,6.0,10/11/11 14:24,2.08,13919
570666,23511,EMBROIDERED RIBBON REEL EMILY,6.0,10/11/11 14:24,2.08,13919
570666,,WRAP 50'S  CHRISTMAS,25.0,10/11/11 14:24,0.42,13919
570666,,POSTAGE,1.0,10/11/11 14:24,18.0,13919
,,WRAP 50'S  CHRISTMAS,-25.0,10/17/11 15:24,0.42,13919
,23511,EMBROIDERED RIBBON REEL EMILY,-5.0,10/17/11 15:24,2.08,13919
,22961,JAM MAKING SET PRINTED,-2.0,10/17/11 15:24,1.45,13919
,21731,RED TOADSTOOL LED NIGHT LIGHT,-3.0,10/17/11 15:24,1.65,13919
,22666,RECIPE BOX PANTRY YELLOW DESIGN,-2.0,10/17/11 15:24,2.95,13919
572184,,CHILDRENS CUTLERY POLKADOT PINK,40.0,10/21/11 10:51,4.15,12403
572184,,CHILDRENS CUTLERY POLKADOT BLUE,20.0,10/21/11 10:51,4.15,12403
572184,,CHILDRENS CUTLERY POLKADOT GREEN,32.0,10/21/11 10:51,4.15,12403
572184,21770,OPEN CLOSED METAL SIGN,2.0,10/21/11 10:51,4.95,12403
572184,,POSTAGE,2.0,10/21/11 10:51,18.0,12403
,,POSTAGE,-1.0,10/21/11 11:00,18.0,12403
577126,22721,SET OF 3 CAKE TINS SKETCHBOOK,18.0,11/17/11 19:22,4.95,12406
577126,22348,TEA BAG PLATE RED RETROSPOT,24.0,11/17/11 19:22,0.85,12406
577126,22980,PANTRY SCRUBBING BRUSH,12.0,11/17/11 19:22,1.65,12406
577126,23114,VINTAGE LEAF CHOPPING BOARD,9.0,11/17/11 19:22,4.95,12406
577126,23392,SPACEBOY ROCKET LOLLY MAKERS,12.0,11/17/11 19:22,2.08,12406
577126,84828,JUNGLE POPSICLES ICE LOLLY MOULDS,12.0,11/17/11 19:22,1.25,12406
577126,21989,PACK OF 20 SKULL PAPER NAPKINS,24.0,11/17/11 19:22,0.85,12406
577126,21987,PACK OF 6 SKULL PAPER CUPS,24.0,11/17/11 19:22,0.65,12406
577126,21988,PACK OF 6 SKULL PAPER PLATES,24.0,11/17/11 19:22,0.85,12406
577126,,CHILDRENS CUTLERY POLKADOT GREEN,24.0,11/17/11 19:22,4.15,12406
577126,,CHILDRENS CUTLERY POLKADOT BLUE,24.0,11/17/11 19:22,4.15,12406
577126,,CHILDRENS CUTLERY RETROSPOT RED,24.0,11/17/11 19:22,4.15,12406
577126,23256,CHILDRENS CUTLERY SPACEBOY,8.0,11/17/11 19:22,4.15,12406
577126,,CHILDRENS CUTLERY POLKADOT PINK,12.0,11/17/11 19:22,4.15,12406
577126,22553,PLASTERS IN TIN SKULLS,12.0,11/17/11 19:22,1.65,12406
577126,22556,PLASTERS IN TIN CIRCUS PARADE,12.0,11/17/11 19:22,1.65,12406
577126,22554,PLASTERS IN TIN WOODLAND ANIMALS,12.0,11/17/11 19:22,1.65,12406
577126,21967,PACK OF 12 SKULL TISSUES,24.0,11/17/11 19:22,0.39,12406
577126,22615,PACK OF 12 CIRCUS PARADE TISSUES,24.0,11/17/11 19:22,0.39,12406
577126,21544,SKULLS  WATER TRANSFER TATTOOS,24.0,11/17/11 19:22,0.85,12406
577126,21563,RED HEART SHAPE LOVE BUCKET,6.0,11/17/11 19:22,2.95,12406
577126,21564,PINK  HEART SHAPE LOVE BUCKET,6.0,11/17/11 19:22,2.95,12406
577126,21833,CAMOUFLAGE LED TORCH,12.0,11/17/11 19:22,1.69,12406
577126,,3D DOG PICTURE PLAYING CARDS,12.0,11/17/11 19:22,2.95,12406
577126,70006,LOVE HEART POCKET WARMER,24.0,11/17/11 19:22,1.65,12406
577126,22435,SET OF 9 HEART SHAPED BALLOONS,24.0,11/17/11 19:22,1.25,12406
577126,22437,SET OF 9 BLACK SKULL BALLOONS,20.0,11/17/11 19:22,0.85,12406
577126,22312,OFFICE MUG WARMER POLKADOT,12.0,11/17/11 19:22,2.95,12406
577126,22311,OFFICE MUG WARMER BLACK+SILVER,12.0,11/17/11 19:22,2.95,12406
577126,23507,MINI PLAYING CARDS BUFFALO BILL,20.0,11/17/11 19:22,0.42,12406
577126,23510,MINI PLAYING CARDS GYMKHANA,20.0,11/17/11 19:22,0.42,12406
577126,22620,4 TRADITIONAL SPINNING TOPS,12.0,11/17/11 19:22,1.45,12406
577126,23084,RABBIT NIGHT LIGHT,24.0,11/17/11 19:22,1.79,12406
577126,21232,STRAWBERRY CERAMIC TRINKET POT,24.0,11/17/11 19:22,1.25,12406
577126,21985,PACK OF 12 HEARTS DESIGN TISSUES,24.0,11/17/11 19:22,0.39,12406
577126,21481,FAWN BLUE HOT WATER BOTTLE,12.0,11/17/11 19:22,3.75,12406
577126,,RED WOOLLY HOTTIE WHITE HEART.,8.0,11/17/11 19:22,4.25,12406
577126,22027,TEA PARTY BIRTHDAY CARD,12.0,11/17/11 19:22,0.42,12406
577126,21509,COWBOYS AND INDIANS BIRTHDAY CARD,12.0,11/17/11 19:22,0.42,12406
577126,72598,SET/12 TAPER CANDLES,36.0,11/17/11 19:22,0.85,12406
577126,23101,SILVER STARS TABLE DECORATION,24.0,11/17/11 19:22,0.83,12406
577126,22952,60 CAKE CASES VINTAGE CHRISTMAS,24.0,11/17/11 19:22,0.55,12406
577126,22366,DOORMAT AIRMAIL,10.0,11/17/11 19:22,7.08,12406
577126,22492,MINI PAINT SET VINTAGE,36.0,11/17/11 19:22,0.65,12406
577126,22961,JAM MAKING SET PRINTED,24.0,11/17/11 19:22,1.45,12406
577126,21250,SET OF SKULL WALL STICKERS,12.0,11/17/11 19:22,2.95,12406
577126,22964,3 PIECE SPACEBOY COOKIE CUTTER SET,12.0,11/17/11 19:22,2.1,12406
577126,84378,SET OF 3 HEART COOKIE CUTTERS,12.0,11/17/11 19:22,1.45,12406
577126,84375,SET OF 20 KIDS COOKIE CUTTERS,36.0,11/17/11 19:22,2.1,12406
577126,84380,SET OF 3 BUTTERFLY COOKIE CUTTERS,12.0,11/17/11 19:22,1.45,12406
577126,21558,SKULL LUNCH BOX WITH CUTLERY,24.0,11/17/11 19:22,2.55,12406
577126,21559,STRAWBERRY LUNCH BOX WITH CUTLERY,24.0,11/17/11 19:22,2.55,12406
577126,22631,CIRCUS PARADE LUNCH BOX,12.0,11/17/11 19:22,1.95,12406
577126,22494,EMERGENCY FIRST AID TIN,24.0,11/17/11 19:22,1.25,12406
577126,23293,SET OF 12 FAIRY CAKE BAKING CASES,24.0,11/17/11 19:22,0.83,12406
577126,23296,SET OF 6 TEA TIME BAKING CASES,24.0,11/17/11 19:22,1.25,12406
579881,21616,4 PEAR BOTANICAL DINNER CANDLES,12.0,11/30/11 17:22,1.25,12429
579881,21615,4 LAVENDER BOTANICAL DINNER CANDLES,12.0,11/30/11 17:22,1.25,12429
579881,21619,4 VANILLA BOTANICAL CANDLES,12.0,11/30/11 17:22,1.25,12429
579881,21620,SET OF 4 ROSE BOTANICAL CANDLES,24.0,11/30/11 17:22,1.25,12429
579881,,BLACK CHRISTMAS TREE 60CM,24.0,11/30/11 17:22,0.65,12429
579881,,BLACK CHRISTMAS TREE 120CM,12.0,11/30/11 17:22,1.95,12429
579881,22396,MAGNETS PACK OF 4 RETRO PHOTO,12.0,11/30/11 17:22,0.39,12429
579881,22398,MAGNETS PACK OF 4 SWALLOWS,12.0,11/30/11 17:22,0.39,12429
579881,,SET OF 3 BIRD LIGHT PINK FEATHER,24.0,11/30/11 17:22,0.39,12429
579881,23186,FRENCH STYLE STORAGE JAR CAFE,48.0,11/30/11 17:22,0.29,12429
579881,85015,SET OF 12  VINTAGE POSTCARD SET,24.0,11/30/11 17:22,0.65,12429
579881,,"BLACK TEA,COFFEE,SUGAR JARS",12.0,11/30/11 17:22,1.95,12429
579881,,"WHITE TEA,COFFEE,SUGAR JARS",24.0,11/30/11 17:22,1.95,12429
579881,23480,MINI LIGHTS WOODLAND MUSHROOMS,12.0,11/30/11 17:22,3.75,12429
579881,23497,CLASSIC CHROME BICYCLE BELL,12.0,11/30/11 17:22,1.45,12429
579881,22725,ALARM CLOCK BAKELIKE CHOCOLATE,8.0,11/30/11 17:22,3.75,12429
579881,22726,ALARM CLOCK BAKELIKE GREEN,24.0,11/30/11 17:22,3.75,12429
579881,22727,ALARM CLOCK BAKELIKE RED,12.0,11/30/11 17:22,3.75,12429
579881,22730,ALARM CLOCK BAKELIKE IVORY,24.0,11/30/11 17:22,3.75,12429
579881,23084,RABBIT NIGHT LIGHT,12.0,11/30/11 17:22,2.08,12429
579881,21731,RED TOADSTOOL LED NIGHT LIGHT,12.0,11/30/11 17:22,1.65,12429
579881,21914,BLUE HARMONICA IN BOX,12.0,11/30/11 17:22,1.25,12429
579881,21165,BEWARE OF THE CAT METAL SIGN,12.0,11/30/11 17:22,1.69,12429
579881,82582,AREA PATROLLED METAL SIGN,36.0,11/30/11 17:22,2.1,12429
579881,21175,GIN + TONIC DIET METAL SIGN,48.0,11/30/11 17:22,2.08,12429
579881,,RETRO PLASTIC ELEPHANT TRAY,12.0,11/30/11 17:22,0.85,12429
579881,22728,ALARM CLOCK BAKELIKE PINK,24.0,11/30/11 17:22,3.75,12429
580716,85227,SET OF 6 3D KIT CARDS FOR KIDS,12.0,12/5/11 16:48,0.85,12367
580716,16237,SLEEPING CAT ERASERS,60.0,12/5/11 16:48,0.21,12367
580716,21576,LETS GO SHOPPING COTTON TOTE BAG,6.0,12/5/11 16:48,2.25,12367
580716,21579,LOLITA  DESIGN  COTTON TOTE BAG,6.0,12/5/11 16:48,2.25,12367
580716,21770,OPEN CLOSED METAL SIGN,2.0,12/5/11 16:48,4.95,12367
580716,22629,SPACEBOY LUNCH BOX,12.0,12/5/11 16:48,1.95,12367
580716,22631,CIRCUS PARADE LUNCH BOX,12.0,12/5/11 16:48,1.95,12367
580716,22630,DOLLY GIRL LUNCH BOX,12.0,12/5/11 16:48,1.95,12367
580716,22708,WRAP DOLLY GIRL,25.0,12/5/11 16:48,0.42,12367
580716,22045,SPACEBOY GIFT WRAP,25.0,12/5/11 16:48,0.42,12367
580716,,POSTAGE,1.0,12/5/11 16:48,18.0,12367
