536944,22383,LUNCH BAG SUKI  DESIGN,70.0,12/3/10 12:20,1.65,12557
536944,22384,LUNCH BAG PINK POLKADOT,100.0,12/3/10 12:20,1.45,12557
536944,20727,LUNCH BAG  BLACK SKULL.,60.0,12/3/10 12:20,1.65,12557
536944,20725,LUNCH BAG RED RETROSPOT,70.0,12/3/10 12:20,1.65,12557
536944,20728,LUNCH BAG CARS BLUE,100.0,12/3/10 12:20,1.45,12557
538095,22504,CABIN BAG VINTAGE RETROSPOT,1.0,12/9/10 14:55,29.95,17097
538095,22212,FOUR HOOK  WHITE LOVEBIRDS,1.0,12/9/10 14:55,2.1,17097
538095,22953,BIRTHDAY PARTY CORDON BARRIER TAPE,1.0,12/9/10 14:55,1.25,17097
538095,84818,DANISH ROSE PHOTO FRAME,1.0,12/9/10 14:55,2.55,17097
538095,21114,LAVENDER SCENTED FABRIC HEART,5.0,12/9/10 14:55,1.25,17097
538095,84692,BOX OF 24 COCKTAIL PARASOLS,1.0,12/9/10 14:55,0.42,17097
538095,22796,PHOTO FRAME 3 CLASSIC HANGING,2.0,12/9/10 14:55,9.95,17097
538095,40001,WHITE BAMBOO RIBS LAMPSHADE,1.0,12/9/10 14:55,0.85,17097
538095,22646,CERAMIC STRAWBERRY CAKE MONEY BANK,1.0,12/9/10 14:55,1.45,17097
538095,21883,STARS GIFT TAPE,2.0,12/9/10 14:55,0.65,17097
538095,21879,HEARTS GIFT TAPE,2.0,12/9/10 14:55,0.65,17097
538095,22494,EMERGENCY FIRST AID TIN,2.0,12/9/10 14:55,1.25,17097
538095,47566,PARTY BUNTING,1.0,12/9/10 14:55,4.65,17097
538095,,WHITE HANGING HEART T-LIGHT HOLDER,1.0,12/9/10 14:55,2.95,17097
538095,21430,SET/3 RED GINGHAM ROSE STORAGE BOX,1.0,12/9/10 14:55,3.75,17097
538095,22914,BLUE COAT RACK PARIS FASHION,1.0,12/9/10 14:55,4.95,17097
538095,22913,RED COAT RACK PARIS FASHION,1.0,12/9/10 14:55,4.95,17097
538095,22912,YELLOW COAT RACK PARIS FASHION,1.0,12/9/10 14:55,4.95,17097
538095,22631,CIRCUS PARADE LUNCH BOX,1.0,12/9/10 14:55,1.95,17097
538095,22497,SET OF 2 TINS VINTAGE BATHROOM,2.0,12/9/10 14:55,4.25,17097
538095,22909,SET OF 20 VINTAGE CHRISTMAS NAPKINS,2.0,12/9/10 14:55,0.85,17097
538095,22862,LOVE HEART NAPKIN BOX,1.0,12/9/10 14:55,4.25,17097
538095,22726,ALARM CLOCK BAKELIKE GREEN,2.0,12/9/10 14:55,3.75,17097
538095,20828,GLITTER BUTTERFLY CLIPS,1.0,12/9/10 14:55,2.55,17097
538095,20829,GLITTER HANGING BUTTERFLY STRING,1.0,12/9/10 14:55,2.1,17097
538095,72819,CUPID DESIGN SCENTED CANDLES,1.0,12/9/10 14:55,2.55,17097
538095,22500,SET OF 2 TINS JARDIN DE PROVENCE,2.0,12/9/10 14:55,4.95,17097
538095,22577,WOODEN HEART CHRISTMAS SCANDINAVIAN,3.0,12/9/10 14:55,0.85,17097
538095,22579,WOODEN TREE CHRISTMAS SCANDINAVIAN,3.0,12/9/10 14:55,0.85,17097
538095,22571,ROCKING HORSE RED CHRISTMAS,3.0,12/9/10 14:55,0.85,17097
538095,22572,ROCKING HORSE GREEN CHRISTMAS,3.0,12/9/10 14:55,0.85,17097
538095,22338,STAR DECORATION PAINTED ZINC,2.0,12/9/10 14:55,0.65,17097
538095,22335,HEART DECORATION PAINTED ZINC,2.0,12/9/10 14:55,0.65,17097
538095,22573,STAR WOODEN CHRISTMAS DECORATION,3.0,12/9/10 14:55,0.85,17097
538095,35958,FOLKART ZINC STAR CHRISTMAS DEC,2.0,12/9/10 14:55,0.85,17097
538095,35961,FOLKART ZINC HEART CHRISTMAS DEC,2.0,12/9/10 14:55,0.85,17097
538095,22469,HEART OF WICKER SMALL,1.0,12/9/10 14:55,1.65,17097
538095,22695,WICKER WREATH SMALL,1.0,12/9/10 14:55,1.45,17097
538095,21217,RED RETROSPOT ROUND CAKE TINS,1.0,12/9/10 14:55,9.95,17097
538095,22809,SET OF 6 T-LIGHTS SANTA,2.0,12/9/10 14:55,2.95,17097
538525,84347,ROTATING SILVER ANGELS T-LIGHT HLDR,36.0,12/13/10 9:39,2.55,12540
538525,21164,HOME SWEET HOME METAL SIGN,12.0,12/13/10 9:39,2.95,12540
538525,21506,"FANCY FONT BIRTHDAY CARD,",24.0,12/13/10 9:39,0.42,12540
538525,22023,EMPIRE BIRTHDAY CARD,12.0,12/13/10 9:39,0.42,12540
538525,22819,"BIRTHDAY CARD, RETRO SPOT",12.0,12/13/10 9:39,0.42,12540
538525,21519,GIN & TONIC DIET GREETING CARD,12.0,12/13/10 9:39,0.42,12540
538525,22030,SWALLOWS GREETING CARD,12.0,12/13/10 9:39,0.42,12540
538525,22620,4 TRADITIONAL SPINNING TOPS,12.0,12/13/10 9:39,1.25,12540
538525,84077,WORLD WAR 2 GLIDERS ASSTD DESIGNS,48.0,12/13/10 9:39,0.29,12540
538525,22553,PLASTERS IN TIN SKULLS,24.0,12/13/10 9:39,1.65,12540
538525,22556,PLASTERS IN TIN CIRCUS PARADE,24.0,12/13/10 9:39,1.65,12540
538525,22423,REGENCY CAKESTAND 3 TIER,10.0,12/13/10 9:39,12.75,12540
538525,22120,WELCOME  WOODEN BLOCK LETTERS,6.0,12/13/10 9:39,9.95,12540
538525,21754,HOME BUILDING BLOCK WORD,6.0,12/13/10 9:39,5.95,12540
538525,21755,LOVE BUILDING BLOCK WORD,9.0,12/13/10 9:39,5.95,12540
538525,21340,CLASSIC METAL BIRDCAGE PLANT HOLDER,8.0,12/13/10 9:39,9.95,12540
538525,,POSTAGE,5.0,12/13/10 9:39,28.0,12540
538525,21479,WHITE SKULL HOT WATER BOTTLE,4.0,12/13/10 9:39,3.75,12540
538525,,RED WOOLLY HOTTIE WHITE HEART.,8.0,12/13/10 9:39,3.75,12540
538525,22837,HOT WATER BOTTLE BABUSHKA,16.0,12/13/10 9:39,4.65,12540
539351,,JUMBO  BAG BAROQUE BLACK WHITE,10.0,12/17/10 11:23,1.95,12551
539351,,JUMBO BAG RED RETROSPOT,10.0,12/17/10 11:23,1.95,12551
539351,22386,JUMBO BAG PINK POLKADOT,10.0,12/17/10 11:23,1.95,12551
539351,21928,JUMBO BAG SCANDINAVIAN PAISLEY,10.0,12/17/10 11:23,1.95,12551
539351,20712,JUMBO BAG WOODLAND ANIMALS,10.0,12/17/10 11:23,1.95,12551
539351,20716,PARTY FOOD SHOPPER BAG,10.0,12/17/10 11:23,1.25,12551
539351,20717,STRAWBERRY SHOPPER BAG,10.0,12/17/10 11:23,1.25,12551
539351,20718,RED RETROSPOT SHOPPER BAG,10.0,12/17/10 11:23,1.25,12551
539351,21934,SKULL SHOULDER BAG,10.0,12/17/10 11:23,1.65,12551
539351,21935,SUKI  SHOULDER BAG,10.0,12/17/10 11:23,1.65,12551
,,Manual,-1.0,1/6/11 11:51,1126.0,12503
540469,,POSTAGE,4.0,1/7/11 14:04,28.0,12484
540469,22814,CARD PARTY GAMES,12.0,1/7/11 14:04,0.42,12484
540469,21500,PINK POLKADOT WRAP,25.0,1/7/11 14:04,0.42,12484
540469,22045,SPACEBOY GIFT WRAP,25.0,1/7/11 14:04,0.42,12484
540469,22711,WRAP CIRCUS PARADE,25.0,1/7/11 14:04,0.42,12484
540469,22047,EMPIRE GIFT WRAP,25.0,1/7/11 14:04,0.42,12484
540469,,"GREETING CARD, STICKY GORDON",12.0,1/7/11 14:04,0.19,12484
540469,,"GREETING CARD, TWO SISTERS.",12.0,1/7/11 14:04,0.19,12484
540469,22023,EMPIRE BIRTHDAY CARD,12.0,1/7/11 14:04,0.42,12484
540469,22716,CARD CIRCUS PARADE,12.0,1/7/11 14:04,0.42,12484
540469,22029,SPACEBOY BIRTHDAY CARD,12.0,1/7/11 14:04,0.42,12484
540469,22820,GIFT BAG BIRTHDAY,12.0,1/7/11 14:04,0.65,12484
540469,21544,SKULLS  WATER TRANSFER TATTOOS,10.0,1/7/11 14:04,0.85,12484
540469,21679,SKULLS  STICKERS,6.0,1/7/11 14:04,0.85,12484
540469,21677,HEARTS  STICKERS,6.0,1/7/11 14:04,0.85,12484
540469,22745,POPPY'S PLAYHOUSE BEDROOM,3.0,1/7/11 14:04,2.1,12484
540469,22746,POPPY'S PLAYHOUSE LIVINGROOM,3.0,1/7/11 14:04,2.1,12484
540469,22748,POPPY'S PLAYHOUSE KITCHEN,3.0,1/7/11 14:04,2.1,12484
540469,22548,HEADS AND TAILS SPORTING FUN,4.0,1/7/11 14:04,1.25,12484
540469,21912,VINTAGE SNAKES & LADDERS,3.0,1/7/11 14:04,3.75,12484
540469,22550,HOLIDAY FUN LUDO,3.0,1/7/11 14:04,3.75,12484
540469,,YELLOW FLOWERS FELT HANDBAG KIT,4.0,1/7/11 14:04,2.1,12484
540469,22148,EASTER CRAFT 4 CHICKS,4.0,1/7/11 14:04,1.95,12484
540469,22750,FELTCRAFT PRINCESS LOLA DOLL,2.0,1/7/11 14:04,3.75,12484
540469,22751,FELTCRAFT PRINCESS OLIVIA DOLL,2.0,1/7/11 14:04,3.75,12484
540469,22749,FELTCRAFT PRINCESS CHARLOTTE DOLL,2.0,1/7/11 14:04,3.75,12484
540469,20971,PINK BLUE FELT CRAFT TRINKET BOX,3.0,1/7/11 14:04,1.25,12484
540469,20972,PINK CREAM FELT CRAFT TRINKET BOX,3.0,1/7/11 14:04,1.25,12484
540469,,BLUE HAPPY BIRTHDAY BUNTING,4.0,1/7/11 14:04,5.45,12484
540469,,PINK HAPPY BIRTHDAY BUNTING,5.0,1/7/11 14:04,5.45,12484
540469,,TEA TIME PARTY BUNTING,4.0,1/7/11 14:04,4.65,12484
540469,48138,DOORMAT UNION FLAG,1.0,1/7/11 14:04,7.95,12484
540469,48111,DOORMAT 3 SMILEY CATS,1.0,1/7/11 14:04,7.95,12484
540469,48129,DOORMAT TOPIARY,1.0,1/7/11 14:04,7.95,12484
540469,21955,DOORMAT UNION JACK GUNS AND ROSES,1.0,1/7/11 14:04,7.95,12484
540469,22646,CERAMIC STRAWBERRY CAKE MONEY BANK,4.0,1/7/11 14:04,1.45,12484
540469,22505,MEMO BOARD COTTAGE DESIGN,4.0,1/7/11 14:04,4.95,12484
540469,22507,MEMO BOARD RETROSPOT  DESIGN,2.0,1/7/11 14:04,4.95,12484
540469,20978,36 PENCILS TUBE SKULLS,6.0,1/7/11 14:04,1.25,12484
540469,22693,GROW A FLYTRAP OR SUNFLOWER IN TIN,24.0,1/7/11 14:04,1.25,12484
540469,20970,PINK FLORAL FELTCRAFT SHOULDER BAG,3.0,1/7/11 14:04,3.75,12484
540469,20967,GREY FLORAL FELTCRAFT SHOULDER BAG,3.0,1/7/11 14:04,3.75,12484
540469,22382,LUNCH BAG SPACEBOY DESIGN,6.0,1/7/11 14:04,1.65,12484
540469,20727,LUNCH BAG  BLACK SKULL.,6.0,1/7/11 14:04,1.65,12484
540469,22384,LUNCH BAG PINK POLKADOT,6.0,1/7/11 14:04,1.65,12484
540469,20725,LUNCH BAG RED RETROSPOT,4.0,1/7/11 14:04,1.65,12484
540469,20728,LUNCH BAG CARS BLUE,5.0,1/7/11 14:04,1.65,12484
540469,84755,COLOUR GLASS T-LIGHT HOLDER HANGING,8.0,1/7/11 14:04,0.65,12484
540469,22561,WOODEN SCHOOL COLOURING SET,6.0,1/7/11 14:04,1.65,12484
540469,22804,CANDLEHOLDER PINK HANGING HEART,6.0,1/7/11 14:04,2.95,12484
540469,,WHITE HANGING HEART T-LIGHT HOLDER,6.0,1/7/11 14:04,2.95,12484
540469,22197,SMALL POPCORN HOLDER,12.0,1/7/11 14:04,0.85,12484
540469,22189,CREAM HEART CARD HOLDER,4.0,1/7/11 14:04,3.95,12484
540469,22492,MINI PAINT SET VINTAGE,36.0,1/7/11 14:04,0.65,12484
540469,22891,TEA FOR ONE POLKADOT,6.0,1/7/11 14:04,4.25,12484
540469,21062,PARTY INVITES SPACEMAN,10.0,1/7/11 14:04,0.85,12484
540469,21063,PARTY INVITES JAZZ HEARTS,12.0,1/7/11 14:04,0.85,12484
540469,22969,HOMEMADE JAM SCENTED CANDLES,12.0,1/7/11 14:04,1.45,12484
540469,,"STRING OF 8 BUTTERFLIES,PINK",6.0,1/7/11 14:04,1.65,12484
540469,20752,BLUE POLKADOT WASHING UP GLOVES,2.0,1/7/11 14:04,2.1,12484
540469,20754,RETROSPOT RED WASHING UP GLOVES,2.0,1/7/11 14:04,2.1,12484
540469,20751,FUNKY WASHING UP GLOVES ASSORTED,4.0,1/7/11 14:04,2.1,12484
540469,21479,WHITE SKULL HOT WATER BOTTLE,2.0,1/7/11 14:04,3.75,12484
540469,22111,SCOTTIE DOG HOT WATER BOTTLE,2.0,1/7/11 14:04,4.95,12484
540469,22112,CHOCOLATE HOT WATER BOTTLE,2.0,1/7/11 14:04,4.95,12484
540469,22835,HOT WATER BOTTLE I AM SO POORLY,2.0,1/7/11 14:04,4.65,12484
540469,21485,RETROSPOT HEART HOT WATER BOTTLE,2.0,1/7/11 14:04,4.95,12484
540469,22113,GREY HEART HOT WATER BOTTLE,2.0,1/7/11 14:04,3.75,12484
540469,,"FEATHER PEN,LIGHT PINK",12.0,1/7/11 14:04,0.85,12484
540469,,"FEATHER PEN,HOT PINK",12.0,1/7/11 14:04,0.85,12484
540469,22900,SET 2 TEA TOWELS I LOVE LONDON,8.0,1/7/11 14:04,2.95,12484
540469,22109,FULL ENGLISH BREAKFAST PLATE,2.0,1/7/11 14:04,3.75,12484
540469,22629,SPACEBOY LUNCH BOX,5.0,1/7/11 14:04,1.95,12484
540469,21559,STRAWBERRY LUNCH BOX WITH CUTLERY,6.0,1/7/11 14:04,2.55,12484
540469,22196,SMALL HEART MEASURING SPOONS,4.0,1/7/11 14:04,0.85,12484
540469,22195,LARGE HEART MEASURING SPOONS,4.0,1/7/11 14:04,1.65,12484
540469,22966,GINGERBREAD MAN COOKIE CUTTER,3.0,1/7/11 14:04,1.25,12484
540469,,CUBIC MUG PINK POLKADOT,6.0,1/7/11 14:04,2.55,12484
540469,22423,REGENCY CAKESTAND 3 TIER,3.0,1/7/11 14:04,12.75,12484
540469,22964,3 PIECE SPACEBOY COOKIE CUTTER SET,4.0,1/7/11 14:04,2.1,12484
540469,21232,STRAWBERRY CERAMIC TRINKET BOX,4.0,1/7/11 14:04,1.25,12484
540469,37343,POLKADOT MUG PINK,6.0,1/7/11 14:04,1.65,12484
540469,22636,CHILDS BREAKFAST SET CIRCUS PARADE,4.0,1/7/11 14:04,8.5,12484
540469,22090,PAPER BUNTING RETROSPOT,3.0,1/7/11 14:04,2.95,12484
540469,22083,PAPER CHAIN KIT RETROSPOT,6.0,1/7/11 14:04,2.95,12484
540469,21289,LARGE STRIPES CHOCOLATE GIFT BAG,16.0,1/7/11 14:04,1.25,12484
540469,20828,GLITTER BUTTERFLY CLIPS,6.0,1/7/11 14:04,2.55,12484
540469,22862,LOVE HEART NAPKIN BOX,4.0,1/7/11 14:04,4.25,12484
540469,84378,SET OF 3 HEART COOKIE CUTTERS,4.0,1/7/11 14:04,1.25,12484
540469,84380,SET OF 3 BUTTERFLY COOKIE CUTTERS,4.0,1/7/11 14:04,1.25,12484
540469,22236,CAKE STAND 3 TIER MAGIC GARDEN,3.0,1/7/11 14:04,12.75,12484
540469,21355,TOAST ITS - I LOVE YOU,3.0,1/7/11 14:04,1.25,12484
540469,21358,TOAST ITS - HAPPY BIRTHDAY,3.0,1/7/11 14:04,1.25,12484
540469,35965,FOLKART HEART NAPKIN RINGS,4.0,1/7/11 14:04,2.95,12484
540469,21210,SET OF 72 RETROSPOT PAPER  DOILIES,2.0,1/7/11 14:04,1.45,12484
540469,21974,SET OF 36 PAISLEY FLOWER DOILIES,2.0,1/7/11 14:04,1.45,12484
540469,21973,SET OF 36 MUSHROOM PAPER DOILIES,2.0,1/7/11 14:04,1.45,12484
540469,84987,SET OF 36 TEATIME PAPER DOILIES,2.0,1/7/11 14:04,1.45,12484
540550,22962,JAM JAR WITH PINK LID,12.0,1/10/11 9:11,0.85,12539
540550,22961,JAM MAKING SET PRINTED,12.0,1/10/11 9:11,1.45,12539
540550,22960,JAM MAKING SET WITH JARS,6.0,1/10/11 9:11,4.25,12539
540550,22430,ENAMEL WATERING CAN CREAM,4.0,1/10/11 9:11,4.95,12539
540550,21547,CERAMIC BIRDHOUSE CRESTED TIT SMALL,6.0,1/10/11 9:11,2.95,12539
540550,21944,KITTENS DESIGN FLANNEL,12.0,1/10/11 9:11,0.85,12539
540550,21121,SET/10 RED POLKADOT PARTY CANDLES,24.0,1/10/11 9:11,1.25,12539
540550,21123,SET/10 IVORY POLKADOT PARTY CANDLES,24.0,1/10/11 9:11,1.25,12539
540550,21122,SET/10 PINK POLKADOT PARTY CANDLES,24.0,1/10/11 9:11,1.25,12539
540550,21126,SET OF 6 GIRLS CELEBRATION CANDLES,12.0,1/10/11 9:11,1.25,12539
540550,21125,SET 6 FOOTBALL CELEBRATION CANDLES,12.0,1/10/11 9:11,1.25,12539
540550,,TURQ ICE CREAM BUM BAG,6.0,1/10/11 9:11,2.55,12539
540550,21929,JUMBO BAG PINK VINTAGE PAISLEY,10.0,1/10/11 9:11,1.95,12539
540550,,SCOTTIES DESIGN WASHBAG,6.0,1/10/11 9:11,1.95,12539
540550,,GREEN ROSE WASHBAG,4.0,1/10/11 9:11,3.75,12539
540550,,CHARLIE+LOLA PINK HOT WATER BOTTLE,6.0,1/10/11 9:11,2.95,12539
540550,22111,SCOTTIE DOG HOT WATER BOTTLE,3.0,1/10/11 9:11,4.95,12539
540550,22690,DOORMAT HOME SWEET HOME BLUE,2.0,1/10/11 9:11,7.95,12539
540550,21710,FOLDING UMBRELLA PINKWHITE POLKADOT,4.0,1/10/11 9:11,4.95,12539
540550,84050,PINK HEART SHAPE EGG FRYING PAN,6.0,1/10/11 9:11,1.65,12539
540550,21977,PACK OF 60 PINK PAISLEY CAKE CASES,24.0,1/10/11 9:11,0.55,12539
540550,22956,36 FOIL HEART CAKE CASES,6.0,1/10/11 9:11,2.1,12539
540550,,ENAMEL PINK COFFEE CONTAINER,6.0,1/10/11 9:11,2.1,12539
540550,,ENAMEL PINK TEA CONTAINER,6.0,1/10/11 9:11,2.1,12539
540550,22358,KINGS CHOICE TEA CADDY,6.0,1/10/11 9:11,2.95,12539
540550,22659,LUNCH BOX I LOVE LONDON,12.0,1/10/11 9:11,1.95,12539
540550,22629,SPACEBOY LUNCH BOX,12.0,1/10/11 9:11,1.95,12539
540550,22630,DOLLY GIRL LUNCH BOX,12.0,1/10/11 9:11,1.95,12539
540550,21561,DINOSAUR LUNCH BOX WITH CUTLERY,6.0,1/10/11 9:11,2.55,12539
540550,21559,STRAWBERRY LUNCH BOX WITH CUTLERY,6.0,1/10/11 9:11,2.55,12539
540550,22702,BLACK AND WHITE CAT BOWL,6.0,1/10/11 9:11,2.1,12539
540550,22700,BLACK AND WHITE DOG BOWL,6.0,1/10/11 9:11,2.95,12539
540550,22845,VINTAGE CREAM CAT FOOD CONTAINER,2.0,1/10/11 9:11,6.35,12539
540550,22844,VINTAGE CREAM DOG FOOD CONTAINER,2.0,1/10/11 9:11,8.5,12539
540550,22899,CHILDREN'S APRON DOLLY GIRL,6.0,1/10/11 9:11,2.1,12539
540550,21625,VINTAGE UNION JACK APRON,3.0,1/10/11 9:11,6.95,12539
540550,21042,RED RETROSPOT APRON,3.0,1/10/11 9:11,5.95,12539
540550,22720,SET OF 3 CAKE TINS PANTRY DESIGN,3.0,1/10/11 9:11,4.95,12539
540550,,CHARLIE AND LOLA TABLE TINS,1.0,1/10/11 9:11,9.95,12539
540550,22838,3 TIER CAKE TIN RED AND CREAM,1.0,1/10/11 9:11,14.95,12539
540550,35241,ENAMEL BLUE RIM BISCUIT BIN,3.0,1/10/11 9:11,4.95,12539
540550,22357,KINGS CHOICE BISCUIT TIN,4.0,1/10/11 9:11,4.25,12539
540550,22849,BREAD BIN DINER STYLE MINT,1.0,1/10/11 9:11,16.95,12539
540550,22847,BREAD BIN DINER STYLE IVORY,1.0,1/10/11 9:11,16.95,12539
540550,85144,JARDIN ETCHED GLASS CHEESE DISH,2.0,1/10/11 9:11,7.25,12539
540550,21657,MILK BOTTLE WITH GLASS STOPPER,3.0,1/10/11 9:11,6.95,12539
540550,,PINK BREAKFAST CUP AND SAUCER,4.0,1/10/11 9:11,2.95,12539
540550,21530,DAIRY MAID TOASTRACK,6.0,1/10/11 9:11,2.95,12539
540550,22107,PIZZA PLATE IN BOX,4.0,1/10/11 9:11,3.75,12539
540550,84817,DANISH ROSE DECORATIVE PLATE,6.0,1/10/11 9:11,2.1,12539
540550,20914,SET/5 RED RETROSPOT LID GLASS BOWLS,6.0,1/10/11 9:11,2.95,12539
540550,22834,HAND WARMER BABUSHKA DESIGN,12.0,1/10/11 9:11,2.1,12539
540550,21731,RED TOADSTOOL LED NIGHT LIGHT,12.0,1/10/11 9:11,1.65,12539
540550,,SET/3 DECOUPAGE STACKING TINS,3.0,1/10/11 9:11,4.95,12539
540550,21622,VINTAGE UNION JACK CUSHION COVER,4.0,1/10/11 9:11,4.95,12539
540550,22785,SQUARECUSHION COVER PINK UNION FLAG,2.0,1/10/11 9:11,6.75,12539
540550,22675,FRENCH KITCHEN SIGN BLUE METAL,12.0,1/10/11 9:11,1.25,12539
540550,22670,FRENCH WC SIGN BLUE METAL,12.0,1/10/11 9:11,1.25,12539
540550,22674,FRENCH TOILET SIGN BLUE METAL,12.0,1/10/11 9:11,1.25,12539
540550,84638,SMALL KITCHEN FLOWER POTS PLAQUE,2.0,1/10/11 9:11,6.95,12539
540550,84637,KITCHEN FLOWER POTS WALL PLAQUE,3.0,1/10/11 9:11,5.95,12539
540550,84631,FRUIT TREE AND BIRDS WALL PLAQUE,2.0,1/10/11 9:11,7.95,12539
540550,22511,RETROSPOT BABUSHKA DOORSTOP,4.0,1/10/11 9:11,3.75,12539
540550,47566,PARTY BUNTING,5.0,1/10/11 9:11,4.65,12539
540550,84819,DANISH ROSE ROUND SEWING BOX,3.0,1/10/11 9:11,4.25,12539
540550,22968,ROSE COTTAGE KEEPSAKE BOX,2.0,1/10/11 9:11,9.95,12539
540550,22509,SEWING BOX RETROSPOT DESIGN,1.0,1/10/11 9:11,16.95,12539
540550,22448,PIN CUSHION BABUSHKA RED,6.0,1/10/11 9:11,3.35,12539
540550,22453,MEASURING TAPE BABUSHKA BLUE,6.0,1/10/11 9:11,2.95,12539
540550,22452,MEASURING TAPE BABUSHKA PINK,6.0,1/10/11 9:11,2.95,12539
540550,22077,6 RIBBONS RUSTIC CHARM,12.0,1/10/11 9:11,1.65,12539
540550,22443,GROW YOUR OWN HERBS SET OF 3,2.0,1/10/11 9:11,7.95,12539
540550,22271,FELTCRAFT DOLL ROSIE,6.0,1/10/11 9:11,2.95,12539
540550,22743,MAKE YOUR OWN FLOWERPOWER CARD KIT,6.0,1/10/11 9:11,2.95,12539
540550,22742,MAKE YOUR OWN PLAYTIME CARD KIT,6.0,1/10/11 9:11,2.95,12539
540550,,SET OF 4 FAIRY CAKE PLACEMATS,4.0,1/10/11 9:11,3.75,12539
540550,,SET OF 4 ENGLISH ROSE PLACEMATS,4.0,1/10/11 9:11,3.75,12539
540550,21843,RED RETROSPOT CAKE STAND,1.0,1/10/11 9:11,10.95,12539
540550,22184,CAKE STAND VICTORIAN FILIGREE LARGE,2.0,1/10/11 9:11,8.5,12539
540550,22890,NOVELTY BISCUITS CAKE STAND 3 TIER,2.0,1/10/11 9:11,9.95,12539
540550,22555,PLASTERS IN TIN STRONGMAN,12.0,1/10/11 9:11,1.65,12539
540550,22557,PLASTERS IN TIN VINTAGE PAISLEY,12.0,1/10/11 9:11,1.65,12539
540550,22554,PLASTERS IN TIN WOODLAND ANIMALS,12.0,1/10/11 9:11,1.65,12539
540550,22209,WOOD STAMP SET HAPPY BIRTHDAY,12.0,1/10/11 9:11,1.65,12539
540550,22208,WOOD STAMP SET THANK YOU,12.0,1/10/11 9:11,1.65,12539
540550,21881,CUTE CATS TAPE,12.0,1/10/11 9:11,0.65,12539
540550,21879,HEARTS GIFT TAPE,12.0,1/10/11 9:11,0.65,12539
540550,21880,RED RETROSPOT TAPE,12.0,1/10/11 9:11,0.65,12539
540550,22472,TV DINNER TRAY DOLLY GIRL,3.0,1/10/11 9:11,4.95,12539
540550,22476,EMPIRE UNION JACK TV DINNER TRAY,3.0,1/10/11 9:11,4.95,12539
540550,22312,OFFICE MUG WARMER POLKADOT,6.0,1/10/11 9:11,2.95,12539
540550,22139,RETROSPOT TEA SET CERAMIC 11 PC,3.0,1/10/11 9:11,4.95,12539
540550,22423,REGENCY CAKESTAND 3 TIER,14.0,1/10/11 9:11,12.75,12539
540785,,RED 3 PIECE RETROSPOT CUTLERY SET,144.0,1/11/11 11:39,3.39,12557
540785,,PINK 3 PIECE POLKADOT CUTLERY SET,360.0,1/11/11 11:39,3.39,12557
540785,,BLUE 3 PIECE POLKADOT CUTLERY SET,360.0,1/11/11 11:39,3.39,12557
540785,,GREEN 3 PIECE POLKADOT CUTLERY SET,144.0,1/11/11 11:39,3.39,12557
540801,22077,6 RIBBONS RUSTIC CHARM,24.0,1/11/11 12:25,1.65,12540
540801,22082,RIBBON REEL STRIPES DESIGN,10.0,1/11/11 12:25,1.65,12540
540801,22078,RIBBON REEL LACE DESIGN,10.0,1/11/11 12:25,2.1,12540
540801,,CHOCOLATE BOX RIBBONS,12.0,1/11/11 12:25,1.25,12540
540801,,BABY BOOM RIBBONS,12.0,1/11/11 12:25,1.25,12540
540801,,LARGE WHITE/PINK ROSE ART FLOWER,24.0,1/11/11 12:25,1.69,12540
540801,84879,ASSORTED COLOUR BIRD ORNAMENT,40.0,1/11/11 12:25,1.69,12540
540801,21137,BLACK RECORD COVER FRAME,8.0,1/11/11 12:25,3.75,12540
540801,,WOODEN FRAME ANTIQUE WHITE,6.0,1/11/11 12:25,2.95,12540
540801,22670,FRENCH WC SIGN BLUE METAL,12.0,1/11/11 12:25,1.25,12540
540801,21218,RED SPOTTY BISCUIT TIN,12.0,1/11/11 12:25,3.75,12540
540801,21212,PACK OF 72 RETROSPOT CAKE CASES,24.0,1/11/11 12:25,0.55,12540
540801,84992,72 SWEETHEART FAIRY CAKE CASES,24.0,1/11/11 12:25,0.55,12540
540801,22629,SPACEBOY LUNCH BOX,12.0,1/11/11 12:25,1.95,12540
540801,21843,RED RETROSPOT CAKE STAND,8.0,1/11/11 12:25,10.95,12540
540801,22423,REGENCY CAKESTAND 3 TIER,16.0,1/11/11 12:25,10.95,12540
540801,21210,SET OF 72 RETROSPOT PAPER  DOILIES,12.0,1/11/11 12:25,1.45,12540
540801,21844,RED RETROSPOT MUG,12.0,1/11/11 12:25,2.95,12540
540801,21874,GIN AND TONIC MUG,12.0,1/11/11 12:25,1.25,12540
540801,21877,HOME SWEET HOME MUG,12.0,1/11/11 12:25,1.25,12540
540801,,BLOSSOM  IMAGES NOTEBOOK SET,6.0,1/11/11 12:25,4.25,12540
540801,,CURIOUS  IMAGES NOTEBOOK SET,6.0,1/11/11 12:25,4.25,12540
540801,21497,FANCY FONTS BIRTHDAY WRAP,25.0,1/11/11 12:25,0.42,12540
540801,21498,RED RETROSPOT WRAP,25.0,1/11/11 12:25,0.42,12540
540801,21499,BLUE POLKADOT WRAP,25.0,1/11/11 12:25,0.42,12540
540801,84077,WORLD WAR 2 GLIDERS ASSTD DESIGNS,48.0,1/11/11 12:25,0.29,12540
540801,21891,TRADITIONAL WOODEN SKIPPING ROPE,12.0,1/11/11 12:25,1.25,12540
540801,22619,SET OF 6 SOLDIER SKITTLES,8.0,1/11/11 12:25,3.75,12540
540801,22622,BOX OF VINTAGE ALPHABET BLOCKS,4.0,1/11/11 12:25,9.95,12540
540801,21340,CLASSIC METAL BIRDCAGE PLANT HOLDER,8.0,1/11/11 12:25,9.95,12540
540801,,POSTAGE,6.0,1/11/11 12:25,28.0,12540
541491,22652,TRAVEL SEWING KIT,20.0,1/18/11 14:04,1.65,12510
541491,22494,EMERGENCY FIRST AID TIN,12.0,1/18/11 14:04,1.25,12510
541491,21137,BLACK RECORD COVER FRAME,8.0,1/18/11 14:04,3.75,12510
541491,20750,RED RETROSPOT MINI CASES,12.0,1/18/11 14:04,6.35,12510
541491,37370,RETRO COFFEE MUGS ASSORTED,24.0,1/18/11 14:04,1.25,12510
541491,10002,INFLATABLE POLITICAL GLOBE,24.0,1/18/11 14:04,0.85,12510
541491,22972,CHILDREN'S SPACEBOY MUG,12.0,1/18/11 14:04,1.65,12510
541491,21914,BLUE HARMONICA IN BOX,12.0,1/18/11 14:04,1.25,12510
541491,21915,RED  HARMONICA IN BOX,12.0,1/18/11 14:04,1.25,12510
541491,20749,ASSORTED COLOUR MINI CASES,12.0,1/18/11 14:04,6.35,12510
541491,22355,CHARLOTTE BAG SUKI DESIGN,10.0,1/18/11 14:04,0.85,12510
541491,22661,CHARLOTTE BAG DOLLY GIRL DESIGN,10.0,1/18/11 14:04,0.85,12510
541491,20719,WOODLAND CHARLOTTE BAG,10.0,1/18/11 14:04,0.85,12510
541491,21935,SUKI  SHOULDER BAG,10.0,1/18/11 14:04,1.65,12510
541491,22474,SPACEBOY TV DINNER TRAY,3.0,1/18/11 14:04,4.95,12510
541491,79321,CHILLI LIGHTS,4.0,1/18/11 14:04,4.95,12510
541491,21731,RED TOADSTOOL LED NIGHT LIGHT,12.0,1/18/11 14:04,1.65,12510
541491,20717,STRAWBERRY SHOPPER BAG,10.0,1/18/11 14:04,1.25,12510
541491,21481,FAWN BLUE HOT WATER BOTTLE,6.0,1/18/11 14:04,2.95,12510
541491,22432,WATERING CAN PINK BUNNY,6.0,1/18/11 14:04,1.95,12510
541491,20969,RED FLORAL FELTCRAFT SHOULDER BAG,4.0,1/18/11 14:04,3.75,12510
541491,20967,GREY FLORAL FELTCRAFT SHOULDER BAG,4.0,1/18/11 14:04,3.75,12510
541491,,RED PAPER PARASOL,6.0,1/18/11 14:04,2.95,12510
541491,,BLUE PAPER PARASOL,6.0,1/18/11 14:04,2.95,12510
541491,22904,CALENDAR PAPER CUT DESIGN,6.0,1/18/11 14:04,2.95,12510
541491,21791,VINTAGE HEADS AND TAILS CARD GAME,12.0,1/18/11 14:04,1.25,12510
541491,21892,TRADITIONAL WOODEN CATCH CUP GAME,12.0,1/18/11 14:04,1.25,12510
541491,21889,WOODEN BOX OF DOMINOES,12.0,1/18/11 14:04,1.25,12510
541491,,POSTAGE,3.0,1/18/11 14:04,28.0,12510
541576,22483,RED GINGHAM TEDDY BEAR,2.0,1/19/11 13:32,2.95,17097
541576,37501,TEA TIME TEA SET IN GIFT BOX,1.0,1/19/11 13:32,6.95,17097
541576,21774,DECORATIVE CATS BATHROOM BOTTLE,2.0,1/19/11 13:32,1.25,17097
541576,21135,VICTORIAN  METAL POSTCARD SPRING,8.0,1/19/11 13:32,1.69,17097
541576,21279,VINTAGE KITCHEN PRINT FRUITS,2.0,1/19/11 13:32,2.55,17097
541576,84818,DANISH ROSE PHOTO FRAME,1.0,1/19/11 13:32,2.55,17097
541576,,S/4 PINK FLOWER CANDLES IN BOWL,2.0,1/19/11 13:32,1.65,17097
541576,22851,SET 20 NAPKINS FAIRY CAKES DESIGN,2.0,1/19/11 13:32,0.85,17097
541576,,S/4 VALENTINE DECOUPAGE HEART BOX,1.0,1/19/11 13:32,2.95,17097
541576,22721,SET OF 3 CAKE TINS SKETCHBOOK,1.0,1/19/11 13:32,4.95,17097
541576,22699,ROSES REGENCY TEACUP AND SAUCER,4.0,1/19/11 13:32,2.95,17097
541576,22726,ALARM CLOCK BAKELIKE GREEN,1.0,1/19/11 13:32,3.75,17097
541576,21879,HEARTS GIFT TAPE,4.0,1/19/11 13:32,0.65,17097
541576,21884,CAKES AND BOWS GIFT  TAPE,2.0,1/19/11 13:32,0.65,17097
541576,22630,DOLLY GIRL LUNCH BOX,2.0,1/19/11 13:32,1.95,17097
541576,22629,SPACEBOY LUNCH BOX,1.0,1/19/11 13:32,1.95,17097
541576,22326,ROUND SNACK BOXES SET OF4 WOODLAND,2.0,1/19/11 13:32,2.95,17097
541576,22896,PEG BAG APPLES DESIGN,2.0,1/19/11 13:32,2.55,17097
541576,22897,OVEN MITT APPLES DESIGN,2.0,1/19/11 13:32,1.45,17097
541576,22895,SET OF 2 TEA TOWELS APPLE AND PEARS,2.0,1/19/11 13:32,2.95,17097
541576,22635,CHILDS BREAKFAST SET DOLLY GIRL,1.0,1/19/11 13:32,9.95,17097
541576,22070,SMALL RED RETROSPOT MUG IN BOX,2.0,1/19/11 13:32,3.75,17097
541576,21034,REX CASH+CARRY JUMBO SHOPPER,1.0,1/19/11 13:32,0.95,17097
,21843,RED RETROSPOT CAKE STAND,-6.0,1/20/11 11:53,10.95,12540
541980,,CREAM FELT EASTER EGG BASKET,6.0,1/24/11 15:09,1.65,12421
541980,35922,EASTER BUNNY WREATH,5.0,1/24/11 15:09,4.95,12421
541980,21733,RED HANGING HEART T-LIGHT HOLDER,6.0,1/24/11 15:09,2.95,12421
541980,22806,SET OF 6 T-LIGHTS WEDDING CAKE,6.0,1/24/11 15:09,2.95,12421
541980,21314,SMALL GLASS HEART TRINKET POT,8.0,1/24/11 15:09,2.1,12421
541980,22066,LOVE HEART TRINKET POT,12.0,1/24/11 15:09,1.45,12421
541980,22026,BANQUET BIRTHDAY  CARD,12.0,1/24/11 15:09,0.42,12421
541980,21519,GIN & TONIC DIET GREETING CARD,12.0,1/24/11 15:09,0.42,12421
541980,21520,BOOZE & WOMEN GREETING CARD,12.0,1/24/11 15:09,0.42,12421
541980,22893,MINI CAKE STAND T-LIGHT HOLDER,24.0,1/24/11 15:09,0.42,12421
541980,,POSTAGE,1.0,1/24/11 15:09,28.0,12421
542303,,SET/3 DECOUPAGE STACKING TINS,3.0,1/27/11 11:05,4.95,12539
542303,85144,JARDIN ETCHED GLASS CHEESE DISH,2.0,1/27/11 11:05,7.25,12539
542303,,CHARLIE AND LOLA TABLE TINS,1.0,1/27/11 11:05,9.95,12539
542303,,GREEN ROSE WASHBAG,4.0,1/27/11 11:05,3.75,12539
542303,84819,DANISH ROSE ROUND SEWING BOX,3.0,1/27/11 11:05,4.25,12539
542303,84817,DANISH ROSE DECORATIVE PLATE,6.0,1/27/11 11:05,2.1,12539
542303,84638,SMALL KITCHEN FLOWER POTS PLAQUE,2.0,1/27/11 11:05,6.95,12539
542303,84637,KITCHEN FLOWER POTS WALL PLAQUE,3.0,1/27/11 11:05,5.95,12539
542303,84631,FRUIT TREE AND BIRDS WALL PLAQUE,2.0,1/27/11 11:05,7.95,12539
542303,,SET OF 4 FAIRY CAKE PLACEMATS,4.0,1/27/11 11:05,3.75,12539
542303,,SET OF 4 ENGLISH ROSE PLACEMATS,4.0,1/27/11 11:05,3.75,12539
542303,84050,PINK HEART SHAPE EGG FRYING PAN,6.0,1/27/11 11:05,1.65,12539
542303,,CHARLIE+LOLA PINK HOT WATER BOTTLE,6.0,1/27/11 11:05,2.95,12539
542303,,TURQ ICE CREAM BUM BAG,6.0,1/27/11 11:05,2.55,12539
542303,,SCOTTIES DESIGN WASHBAG,6.0,1/27/11 11:05,1.95,12539
542303,47566,PARTY BUNTING,5.0,1/27/11 11:05,4.65,12539
542303,,PINK BREAKFAST CUP AND SAUCER,4.0,1/27/11 11:05,2.95,12539
542303,,ENAMEL PINK COFFEE CONTAINER,6.0,1/27/11 11:05,2.1,12539
542303,,ENAMEL PINK TEA CONTAINER,6.0,1/27/11 11:05,2.1,12539
542303,35241,ENAMEL BLUE RIM BISCUIT BIN,3.0,1/27/11 11:05,4.95,12539
542303,22968,ROSE COTTAGE KEEPSAKE BOX,2.0,1/27/11 11:05,9.95,12539
542303,22962,JAM JAR WITH PINK LID,12.0,1/27/11 11:05,0.85,12539
542303,22961,JAM MAKING SET PRINTED,12.0,1/27/11 11:05,1.45,12539
542303,22960,JAM MAKING SET WITH JARS,6.0,1/27/11 11:05,4.25,12539
542303,22956,36 FOIL HEART CAKE CASES,6.0,1/27/11 11:05,2.1,12539
542303,22899,CHILDREN'S APRON DOLLY GIRL,6.0,1/27/11 11:05,2.1,12539
542303,22890,NOVELTY BISCUITS CAKE STAND 3 TIER,2.0,1/27/11 11:05,9.95,12539
542303,22849,BREAD BIN DINER STYLE MINT,1.0,1/27/11 11:05,16.95,12539
542303,22847,BREAD BIN DINER STYLE IVORY,1.0,1/27/11 11:05,16.95,12539
542303,22845,VINTAGE CREAM CAT FOOD CONTAINER,2.0,1/27/11 11:05,6.35,12539
542303,21042,RED RETROSPOT APRON,3.0,1/27/11 11:05,5.95,12539
542303,20914,SET/5 RED RETROSPOT LID GLASS BOWLS,6.0,1/27/11 11:05,2.95,12539
542303,22844,VINTAGE CREAM DOG FOOD CONTAINER,2.0,1/27/11 11:05,8.5,12539
542303,22838,3 TIER CAKE TIN RED AND CREAM,1.0,1/27/11 11:05,14.95,12539
542303,22834,HAND WARMER BABUSHKA DESIGN,12.0,1/27/11 11:05,2.1,12539
542303,22785,SQUARECUSHION COVER PINK UNION FLAG,2.0,1/27/11 11:05,6.75,12539
542303,22743,MAKE YOUR OWN FLOWERPOWER CARD KIT,6.0,1/27/11 11:05,2.95,12539
542303,22742,MAKE YOUR OWN PLAYTIME CARD KIT,6.0,1/27/11 11:05,2.95,12539
542303,22720,SET OF 3 CAKE TINS PANTRY DESIGN,3.0,1/27/11 11:05,4.95,12539
542303,22702,BLACK AND WHITE CAT BOWL,6.0,1/27/11 11:05,2.1,12539
542303,22700,BLACK AND WHITE DOG BOWL,6.0,1/27/11 11:05,2.95,12539
542303,22690,DOORMAT HOME SWEET HOME BLUE,2.0,1/27/11 11:05,7.95,12539
542303,22675,FRENCH KITCHEN SIGN BLUE METAL,12.0,1/27/11 11:05,1.25,12539
542303,22674,FRENCH TOILET SIGN BLUE METAL,12.0,1/27/11 11:05,1.25,12539
542303,22670,FRENCH WC SIGN BLUE METAL,12.0,1/27/11 11:05,1.25,12539
542303,22659,LUNCH BOX I LOVE LONDON,12.0,1/27/11 11:05,1.95,12539
542303,22630,DOLLY GIRL LUNCH BOX,12.0,1/27/11 11:05,1.95,12539
542303,22629,SPACEBOY LUNCH BOX,12.0,1/27/11 11:05,1.95,12539
542303,22557,PLASTERS IN TIN VINTAGE PAISLEY,12.0,1/27/11 11:05,1.65,12539
542303,22555,PLASTERS IN TIN STRONGMAN,12.0,1/27/11 11:05,1.65,12539
542303,22554,PLASTERS IN TIN WOODLAND ANIMALS,12.0,1/27/11 11:05,1.65,12539
542303,22511,RETROSPOT BABUSHKA DOORSTOP,4.0,1/27/11 11:05,3.75,12539
542303,22509,SEWING BOX RETROSPOT DESIGN,1.0,1/27/11 11:05,16.95,12539
542303,21881,CUTE CATS TAPE,12.0,1/27/11 11:05,0.65,12539
542303,21880,RED RETROSPOT TAPE,12.0,1/27/11 11:05,0.65,12539
542303,21879,HEARTS GIFT TAPE,12.0,1/27/11 11:05,0.65,12539
542303,21843,RED RETROSPOT CAKE STAND,1.0,1/27/11 11:05,10.95,12539
542303,21731,RED TOADSTOOL LED NIGHT LIGHT,12.0,1/27/11 11:05,1.65,12539
542303,21710,FOLDING UMBRELLA PINKWHITE POLKADOT,4.0,1/27/11 11:05,4.95,12539
542303,21657,MILK BOTTLE WITH GLASS STOPPER,3.0,1/27/11 11:05,6.95,12539
542303,21625,VINTAGE UNION JACK APRON,3.0,1/27/11 11:05,6.95,12539
542303,21622,VINTAGE UNION JACK CUSHION COVER,4.0,1/27/11 11:05,4.95,12539
542303,21561,DINOSAUR LUNCH BOX WITH CUTLERY,6.0,1/27/11 11:05,2.55,12539
542303,21559,STRAWBERRY LUNCH BOX WITH CUTLERY,6.0,1/27/11 11:05,2.55,12539
542303,21547,CERAMIC BIRDHOUSE CRESTED TIT SMALL,6.0,1/27/11 11:05,2.95,12539
542303,21530,DAIRY MAID TOASTRACK,6.0,1/27/11 11:05,2.95,12539
542303,21126,SET OF 6 GIRLS CELEBRATION CANDLES,12.0,1/27/11 11:05,1.25,12539
542303,21125,SET 6 FOOTBALL CELEBRATION CANDLES,12.0,1/27/11 11:05,1.25,12539
542303,21123,SET/10 IVORY POLKADOT PARTY CANDLES,24.0,1/27/11 11:05,1.25,12539
542303,21122,SET/10 PINK POLKADOT PARTY CANDLES,24.0,1/27/11 11:05,1.25,12539
542303,21121,SET/10 RED POLKADOT PARTY CANDLES,24.0,1/27/11 11:05,1.25,12539
542303,22453,MEASURING TAPE BABUSHKA BLUE,6.0,1/27/11 11:05,2.95,12539
542303,22452,MEASURING TAPE BABUSHKA PINK,6.0,1/27/11 11:05,2.95,12539
542303,22448,PIN CUSHION BABUSHKA RED,6.0,1/27/11 11:05,3.35,12539
542303,22443,GROW YOUR OWN HERBS SET OF 3,2.0,1/27/11 11:05,7.95,12539
542303,22430,ENAMEL WATERING CAN CREAM,4.0,1/27/11 11:05,4.95,12539
542303,22423,REGENCY CAKESTAND 3 TIER,14.0,1/27/11 11:05,12.75,12539
542303,22358,KINGS CHOICE TEA CADDY,6.0,1/27/11 11:05,2.95,12539
542303,22357,KINGS CHOICE BISCUIT TIN,4.0,1/27/11 11:05,4.25,12539
542303,22312,OFFICE MUG WARMER POLKADOT,6.0,1/27/11 11:05,2.95,12539
542303,22271,FELTCRAFT DOLL ROSIE,6.0,1/27/11 11:05,2.95,12539
542303,22209,WOOD STAMP SET HAPPY BIRTHDAY,12.0,1/27/11 11:05,1.65,12539
542303,22208,WOOD STAMP SET THANK YOU,12.0,1/27/11 11:05,1.65,12539
542303,22184,CAKE STAND VICTORIAN FILIGREE LARGE,2.0,1/27/11 11:05,8.5,12539
542303,22139,RETROSPOT TEA SET CERAMIC 11 PC,3.0,1/27/11 11:05,4.95,12539
542303,22111,SCOTTIE DOG HOT WATER BOTTLE,3.0,1/27/11 11:05,4.95,12539
542303,22107,PIZZA PLATE IN BOX,4.0,1/27/11 11:05,3.75,12539
542303,22077,6 RIBBONS RUSTIC CHARM,12.0,1/27/11 11:05,1.65,12539
542303,21977,PACK OF 60 PINK PAISLEY CAKE CASES,24.0,1/27/11 11:05,0.55,12539
542303,21944,KITTENS DESIGN FLANNEL,12.0,1/27/11 11:05,0.85,12539
542303,22476,EMPIRE UNION JACK TV DINNER TRAY,3.0,1/27/11 11:05,4.95,12539
542303,22472,TV DINNER TRAY DOLLY GIRL,3.0,1/27/11 11:05,4.95,12539
542303,21929,JUMBO BAG PINK VINTAGE PAISLEY,10.0,1/27/11 11:05,1.95,12539
,,Manual,-1.0,1/27/11 12:09,1715.85,12539
542905,23231,WRAP DOILEY DESIGN,25.0,2/1/11 15:11,0.42,12540
542905,23230,WRAP ALPHABET DESIGN,25.0,2/1/11 15:11,0.42,12540
542905,84378,SET OF 3 HEART COOKIE CUTTERS,12.0,2/1/11 15:11,1.25,12540
542905,22715,CARD WEDDING DAY,24.0,2/1/11 15:11,0.42,12540
542905,84879,ASSORTED COLOUR BIRD ORNAMENT,40.0,2/1/11 15:11,1.69,12540
542905,22622,BOX OF VINTAGE ALPHABET BLOCKS,6.0,2/1/11 15:11,9.95,12540
542905,21914,BLUE HARMONICA IN BOX,12.0,2/1/11 15:11,1.25,12540
542905,21915,RED  HARMONICA IN BOX,12.0,2/1/11 15:11,1.25,12540
542905,21889,WOODEN BOX OF DOMINOES,12.0,2/1/11 15:11,1.25,12540
542905,84988,SET OF 72 PINK HEART PAPER DOILIES,12.0,2/1/11 15:11,1.45,12540
542905,21908,CHOCOLATE THIS WAY METAL SIGN,12.0,2/1/11 15:11,2.1,12540
542905,,POSTAGE,1.0,2/1/11 15:11,28.0,12540
543055,22215,CAKE STAND WHITE TWO TIER LACE,2.0,2/3/11 10:41,8.5,12502
543055,22423,REGENCY CAKESTAND 3 TIER,6.0,2/3/11 10:41,12.75,12502
543055,22699,ROSES REGENCY TEACUP AND SAUCER,6.0,2/3/11 10:41,2.95,12502
543055,,BLACK ORANGE SQUEEZER,10.0,2/3/11 10:41,0.42,12502
543055,22625,RED KITCHEN SCALES,2.0,2/3/11 10:41,8.5,12502
543055,22425,ENAMEL COLANDER CREAM,3.0,2/3/11 10:41,4.95,12502
543055,22427,ENAMEL FLOWER JUG CREAM,3.0,2/3/11 10:41,5.95,12502
543055,21318,GLASS CHALICE BLUE SMALL,6.0,2/3/11 10:41,1.65,12502
543055,21319,GLASS CHALICE GREEN  SMALL,6.0,2/3/11 10:41,1.65,12502
543055,21654,RIDGED GLASS FINGER BOWL,12.0,2/3/11 10:41,1.45,12502
543055,85141,JARDIN ETCHED GLASS FRUITBOWL,1.0,2/3/11 10:41,10.75,12502
543055,21658,GLASS  BEURRE DISH,4.0,2/3/11 10:41,3.95,12502
543055,21156,RETROSPOT CHILDRENS APRON,8.0,2/3/11 10:41,1.95,12502
543055,22567,20 DOLLY PEGS RETROSPOT,12.0,2/3/11 10:41,1.25,12502
543055,,SILVER OVAL SHAPE TRINKET BOX,2.0,2/3/11 10:41,9.95,12502
543055,22781,GUMBALL MAGAZINE RACK,2.0,2/3/11 10:41,7.65,12502
543055,,WOODEN FRAME ANTIQUE WHITE,6.0,2/3/11 10:41,2.95,12502
543055,82482,WOODEN PICTURE FRAME WHITE FINISH,6.0,2/3/11 10:41,2.55,12502
543055,20902,VINTAGE KEEPSAKE BOX PARIS DAYS,2.0,2/3/11 10:41,6.35,12502
543055,21523,DOORMAT FANCY FONT HOME SWEET HOME,2.0,2/3/11 10:41,7.95,12502
543055,48184,DOORMAT ENGLISH ROSE,2.0,2/3/11 10:41,7.95,12502
543055,22449,SILK PURSE BABUSHKA PINK,6.0,2/3/11 10:41,3.35,12502
543055,22497,SET OF 2 TINS VINTAGE BATHROOM,4.0,2/3/11 10:41,4.25,12502
543055,84678,CLASSICAL ROSE SMALL VASE,6.0,2/3/11 10:41,2.55,12502
543055,20801,LARGE PINK GLASS SUNDAE DISH,6.0,2/3/11 10:41,2.55,12502
543055,,SMOKEY GREY COLOUR D.O.F. GLASS,12.0,2/3/11 10:41,0.65,12502
543055,79000,MOROCCAN TEA GLASS,12.0,2/3/11 10:41,0.85,12502
543055,22891,TEA FOR ONE POLKADOT,3.0,2/3/11 10:41,4.25,12502
543055,22195,LARGE HEART MEASURING SPOONS,12.0,2/3/11 10:41,1.65,12502
543055,22222,CAKE PLATE LOVEBIRD WHITE,3.0,2/3/11 10:41,4.95,12502
543055,,POSTAGE,4.0,2/3/11 10:41,28.0,12502
543541,20961,STRAWBERRY BATH SPONGE,10.0,2/9/11 14:44,1.25,12462
543541,21317,GLASS SPHERE CANDLE STAND MEDIUM,2.0,2/9/11 14:44,5.45,12462
543541,85127,SMALL SQUARE CUT GLASS CANDLESTICK,3.0,2/9/11 14:44,4.95,12462
543541,21324,HANGING MEDINA LANTERN SMALL,6.0,2/9/11 14:44,2.95,12462
543541,22784,LANTERN CREAM GAZEBO,3.0,2/9/11 14:44,4.95,12462
543541,71053,WHITE METAL LANTERN,4.0,2/9/11 14:44,3.75,12462
543541,21730,GLASS STAR FROSTED T-LIGHT HOLDER,3.0,2/9/11 14:44,4.95,12462
543541,22178,VICTORIAN GLASS HANGING T-LIGHT,12.0,2/9/11 14:44,1.25,12462
543541,,WHITE HANGING HEART T-LIGHT HOLDER,6.0,2/9/11 14:44,2.95,12462
543541,21313,GLASS HEART T-LIGHT HOLDER,12.0,2/9/11 14:44,0.85,12462
543541,22105,MIRROR MOSAIC GOBLET CANDLE HOLDER,4.0,2/9/11 14:44,4.25,12462
543541,22103,MIRROR MOSAIC T-LIGHT HOLDER ROUND,6.0,2/9/11 14:44,1.65,12462
543541,22791,T-LIGHT GLASS FLUTED ANTIQUE,12.0,2/9/11 14:44,1.25,12462
543541,84945,MULTI COLOUR SILVER T-LIGHT HOLDER,12.0,2/9/11 14:44,0.85,12462
543541,84946,ANTIQUE SILVER TEA GLASS ETCHED,12.0,2/9/11 14:44,1.25,12462
543541,48138,DOORMAT UNION FLAG,2.0,2/9/11 14:44,7.95,12462
543541,48111,DOORMAT 3 SMILEY CATS,2.0,2/9/11 14:44,7.95,12462
543541,22508,DOORSTOP RETROSPOT HEART,4.0,2/9/11 14:44,3.75,12462
543541,21114,LAVENDER SCENTED FABRIC HEART,10.0,2/9/11 14:44,1.25,12462
543541,22061,LARGE CAKE STAND  HANGING STRAWBERY,2.0,2/9/11 14:44,9.95,12462
543541,22890,NOVELTY BISCUITS CAKE STAND 3 TIER,2.0,2/9/11 14:44,9.95,12462
543541,22423,REGENCY CAKESTAND 3 TIER,1.0,2/9/11 14:44,12.75,12462
543541,37449,CERAMIC CAKE STAND + HANGING CAKES,2.0,2/9/11 14:44,9.95,12462
543541,37446,MINI CAKE STAND WITH HANGING CAKES,8.0,2/9/11 14:44,1.45,12462
543541,21231,SWEETHEART CERAMIC TRINKET BOX,12.0,2/9/11 14:44,1.25,12462
543541,21232,STRAWBERRY CERAMIC TRINKET BOX,12.0,2/9/11 14:44,1.25,12462
543541,22063,CERAMIC BOWL WITH STRAWBERRY DESIGN,6.0,2/9/11 14:44,2.95,12462
543541,37450,CERAMIC CAKE BOWL + HANGING CAKES,6.0,2/9/11 14:44,2.95,12462
543541,22057,CERAMIC PLATE STRAWBERRY DESIGN,12.0,2/9/11 14:44,1.49,12462
543541,37447,CERAMIC CAKE DESIGN SPOTTED PLATE,12.0,2/9/11 14:44,1.49,12462
543541,21078,SET/20 STRAWBERRY PAPER NAPKINS,12.0,2/9/11 14:44,0.85,12462
543541,22180,RETROSPOT LAMP,2.0,2/9/11 14:44,9.95,12462
543541,84212,"\"ASSORTED FLOWER COLOUR \"\"LEIS\"\"\"",24.0,2/9/11 14:44,0.65,12462
543541,21927,BLUE/CREAM STRIPE CUSHION COVER,12.0,2/9/11 14:44,1.25,12462
543541,22645,CERAMIC HEART FAIRY CAKE MONEY BANK,12.0,2/9/11 14:44,1.45,12462
543541,21472,LADYBIRD + BEE RAFFIA FOOD COVER,6.0,2/9/11 14:44,3.75,12462
543541,,TEA TIME OVEN GLOVE,10.0,2/9/11 14:44,1.25,12462
543541,21217,RED RETROSPOT ROUND CAKE TINS,1.0,2/9/11 14:44,9.95,12462
543541,20749,ASSORTED COLOUR MINI CASES,2.0,2/9/11 14:44,7.95,12462
543541,,POSTAGE,6.0,2/9/11 14:44,28.0,12462
543822,22139,RETROSPOT TEA SET CERAMIC 11 PC,6.0,2/14/11 9:24,4.95,12507
543822,20973,12 PENCIL SMALL TUBE WOODLAND,24.0,2/14/11 9:24,0.65,12507
543822,22585,PACK OF 6 BIRDY GIFT TAGS,24.0,2/14/11 9:24,1.25,12507
543822,22960,JAM MAKING SET WITH JARS,24.0,2/14/11 9:24,3.75,12507
543822,84380,SET OF 3 BUTTERFLY COOKIE CUTTERS,12.0,2/14/11 9:24,1.25,12507
543822,84378,SET OF 3 HEART COOKIE CUTTERS,12.0,2/14/11 9:24,1.25,12507
543822,22965,3 TRADITIONAl BISCUIT CUTTERS  SET,12.0,2/14/11 9:24,2.1,12507
543822,84375,SET OF 20 KIDS COOKIE CUTTERS,12.0,2/14/11 9:24,2.1,12507
543822,22955,36 FOIL STAR CAKE CASES,12.0,2/14/11 9:24,2.1,12507
543822,22956,36 FOIL HEART CAKE CASES,12.0,2/14/11 9:24,2.1,12507
543822,22937,BAKING MOULD CHOCOLATE CUPCAKES,18.0,2/14/11 9:24,2.55,12507
543822,22893,MINI CAKE STAND T-LIGHT HOLDER,48.0,2/14/11 9:24,0.42,12507
543822,,POSTAGE,3.0,2/14/11 9:24,28.0,12507
,21730,GLASS STAR FROSTED T-LIGHT HOLDER,-1.0,2/18/11 12:21,4.95,12462
,37450,CERAMIC CAKE BOWL + HANGING CAKES,-1.0,2/18/11 12:21,2.95,12462
,22063,CERAMIC BOWL WITH STRAWBERRY DESIGN,-1.0,2/18/11 12:21,2.95,12462
,37449,CERAMIC CAKE STAND + HANGING CAKES,-1.0,2/18/11 12:21,9.95,12462
545585,22090,PAPER BUNTING RETROSPOT,6.0,3/4/11 9:32,2.95,12541
545585,21121,SET/10 RED POLKADOT PARTY CANDLES,24.0,3/4/11 9:32,1.25,12541
545585,21122,SET/10 PINK POLKADOT PARTY CANDLES,24.0,3/4/11 9:32,1.25,12541
545585,21124,SET/10 BLUE POLKADOT PARTY CANDLES,24.0,3/4/11 9:32,1.25,12541
545585,21499,BLUE POLKADOT WRAP,25.0,3/4/11 9:32,0.42,12541
545585,21500,PINK POLKADOT WRAP,25.0,3/4/11 9:32,0.42,12541
545585,22381,TOY TIDY PINK POLKADOT,5.0,3/4/11 9:32,2.1,12541
545585,22386,JUMBO BAG PINK POLKADOT,10.0,3/4/11 9:32,1.95,12541
545585,21212,PACK OF 72 RETROSPOT CAKE CASES,24.0,3/4/11 9:32,0.55,12541
545585,22197,SMALL POPCORN HOLDER,36.0,3/4/11 9:32,0.85,12541
545585,21213,PACK OF 72 SKULL CAKE CASES,24.0,3/4/11 9:32,0.55,12541
545585,21975,PACK OF 60 DINOSAUR CAKE CASES,24.0,3/4/11 9:32,0.55,12541
545585,22417,PACK OF 60 SPACEBOY CAKE CASES,24.0,3/4/11 9:32,0.55,12541
545585,22138,BAKING SET 9 PIECE RETROSPOT,3.0,3/4/11 9:32,4.95,12541
545585,22617,BAKING SET SPACEBOY DESIGN,3.0,3/4/11 9:32,4.95,12541
545585,22955,36 FOIL STAR CAKE CASES,6.0,3/4/11 9:32,2.1,12541
545585,,POSTAGE,1.0,3/4/11 9:32,28.0,12541
545647,22128,PARTY CONES CANDY ASSORTED,24.0,3/4/11 12:46,1.25,12547
545647,22127,PARTY CONES CARNIVAL ASSORTED,24.0,3/4/11 12:46,1.25,12547
545647,22583,PACK OF 6 HANDBAG GIFT BOXES,12.0,3/4/11 12:46,2.55,12547
545647,22133,PINK LOVE HEART SHAPE CUP,24.0,3/4/11 12:46,0.85,12547
545647,22132,RED LOVE HEART SHAPE CUP,24.0,3/4/11 12:46,0.85,12547
545647,,POSTAGE,1.0,3/4/11 12:46,28.0,12547
,22636,CHILDS BREAKFAST SET CIRCUS PARADE,-1.0,3/7/11 11:41,8.5,12484
,22423,REGENCY CAKESTAND 3 TIER,-2.0,3/7/11 11:41,12.75,12484
,21232,STRAWBERRY CERAMIC TRINKET BOX,-2.0,3/7/11 11:41,1.25,12484
546755,22754,SMALL RED BABUSHKA NOTEBOOK,12.0,3/16/11 13:29,0.85,12502
546755,85161,ACRYLIC GEOMETRIC LAMP,1.0,3/16/11 13:29,18.95,12502
546755,22326,ROUND SNACK BOXES SET OF4 WOODLAND,6.0,3/16/11 13:29,2.95,12502
546755,22383,LUNCH BAG SUKI DESIGN,10.0,3/16/11 13:29,1.65,12502
546755,,BLUE GEISHA GIRL,4.0,3/16/11 13:29,3.75,12502
546755,21656,RIDGED GLASS POSY VASE,6.0,3/16/11 13:29,1.45,12502
546755,22725,ALARM CLOCK BAKELIKE CHOCOLATE,4.0,3/16/11 13:29,3.75,12502
546755,22727,ALARM CLOCK BAKELIKE RED,4.0,3/16/11 13:29,3.75,12502
546755,22728,ALARM CLOCK BAKELIKE PINK,4.0,3/16/11 13:29,3.75,12502
546755,22968,ROSE COTTAGE KEEPSAKE BOX,2.0,3/16/11 13:29,9.95,12502
546755,85141,JARDIN ETCHED GLASS FRUITBOWL,1.0,3/16/11 13:29,10.75,12502
546755,85144,JARDIN ETCHED GLASS CHEESE DISH,4.0,3/16/11 13:29,7.25,12502
546755,21523,DOORMAT FANCY FONT HOME SWEET HOME,2.0,3/16/11 13:29,7.95,12502
546755,21524,DOORMAT SPOTTY HOME SWEET HOME,2.0,3/16/11 13:29,7.95,12502
546755,22691,DOORMAT WELCOME SUNRISE,2.0,3/16/11 13:29,7.95,12502
546755,22692,DOORMAT WELCOME TO OUR HOME,2.0,3/16/11 13:29,7.95,12502
546755,48194,DOORMAT HEARTS,2.0,3/16/11 13:29,7.95,12502
546755,22485,SET OF 2 WOODEN MARKET CRATES,2.0,3/16/11 13:29,12.75,12502
546755,22781,GUMBALL MAGAZINE RACK,4.0,3/16/11 13:29,7.65,12502
546755,21314,SMALL GLASS HEART TRINKET POT,8.0,3/16/11 13:29,2.1,12502
546755,22423,REGENCY CAKESTAND 3 TIER,6.0,3/16/11 13:29,12.75,12502
546755,22178,VICTORIAN GLASS HANGING T-LIGHT,12.0,3/16/11 13:29,1.25,12502
546755,22449,SILK PURSE BABUSHKA PINK,6.0,3/16/11 13:29,3.35,12502
546755,21577,SAVE THE PLANET COTTON TOTE BAG,6.0,3/16/11 13:29,2.25,12502
546755,21232,STRAWBERRY CERAMIC TRINKET BOX,12.0,3/16/11 13:29,1.25,12502
546755,22467,GUMBALL COAT RACK,6.0,3/16/11 13:29,2.55,12502
546755,,SMOKEY GREY COLOUR D.O.F. GLASS,24.0,3/16/11 13:29,0.65,12502
546755,,"TUMBLER, NEW ENGLAND",12.0,3/16/11 13:29,1.65,12502
546755,21317,GLASS SPHERE CANDLE STAND MEDIUM,2.0,3/16/11 13:29,5.45,12502
546755,22626,BLACK KITCHEN SCALES,2.0,3/16/11 13:29,8.5,12502
546755,,POSTAGE,5.0,3/16/11 13:29,28.0,12502
546760,,POSTAGE,3.0,3/16/11 14:00,28.0,12597
546760,22138,BAKING SET 9 PIECE RETROSPOT,3.0,3/16/11 14:00,4.95,12597
546760,21880,RED RETROSPOT TAPE,12.0,3/16/11 14:00,0.65,12597
546760,21883,STARS GIFT TAPE,12.0,3/16/11 14:00,0.65,12597
546760,22271,FELTCRAFT DOLL ROSIE,6.0,3/16/11 14:00,2.95,12597
546760,22621,TRADITIONAL KNITTING NANCY,12.0,3/16/11 14:00,1.45,12597
546760,21428,SET3 BOOK BOX GREEN GINGHAM FLOWER,4.0,3/16/11 14:00,4.25,12597
546760,21114,LAVENDER SCENTED FABRIC HEART,10.0,3/16/11 14:00,1.25,12597
546760,22180,RETROSPOT LAMP,1.0,3/16/11 14:00,9.95,12597
546760,22960,JAM MAKING SET WITH JARS,6.0,3/16/11 14:00,4.25,12597
546760,22989,SET 2 PANTRY DESIGN TEA TOWELS,6.0,3/16/11 14:00,3.25,12597
546760,22720,SET OF 3 CAKE TINS PANTRY DESIGN,3.0,3/16/11 14:00,4.95,12597
546760,22699,ROSES REGENCY TEACUP AND SAUCER,6.0,3/16/11 14:00,2.95,12597
546760,22697,GREEN REGENCY TEACUP AND SAUCER,6.0,3/16/11 14:00,2.95,12597
546760,22636,CHILDS BREAKFAST SET CIRCUS PARADE,2.0,3/16/11 14:00,8.5,12597
546760,22723,SET OF 6 HERB TINS SKETCHBOOK,4.0,3/16/11 14:00,3.95,12597
546760,21977,PACK OF 60 PINK PAISLEY CAKE CASES,24.0,3/16/11 14:00,0.55,12597
546760,84991,60 TEATIME FAIRY CAKE CASES,24.0,3/16/11 14:00,0.55,12597
546760,22891,TEA FOR ONE POLKADOT,3.0,3/16/11 14:00,4.25,12597
546760,22728,ALARM CLOCK BAKELIKE PINK,4.0,3/16/11 14:00,3.75,12597
546760,22361,GLASS JAR DAISY FRESH COTTON WOOL,6.0,3/16/11 14:00,2.95,12597
546760,82581,TOILET METAL SIGN,12.0,3/16/11 14:00,0.55,12597
546760,22849,BREAD BIN DINER STYLE MINT,1.0,3/16/11 14:00,16.95,12597
546760,22077,6 RIBBONS RUSTIC CHARM,12.0,3/16/11 14:00,1.65,12597
546760,22168,ORGANISER WOOD ANTIQUE WHITE,2.0,3/16/11 14:00,8.5,12597
546760,20712,JUMBO BAG WOODLAND ANIMALS,10.0,3/16/11 14:00,1.95,12597
546760,21578,WOODLAND DESIGN  COTTON TOTE BAG,6.0,3/16/11 14:00,2.25,12597
546760,21577,SAVE THE PLANET COTTON TOTE BAG,6.0,3/16/11 14:00,2.25,12597
546760,22322,BIRD DECORATION GREEN POLKADOT,12.0,3/16/11 14:00,0.85,12597
546760,22321,BIRD DECORATION RED RETROSPOT,12.0,3/16/11 14:00,0.85,12597
547387,22697,GREEN REGENCY TEACUP AND SAUCER,6.0,3/22/11 16:00,2.95,12539
547387,22699,ROSES REGENCY TEACUP AND SAUCER,6.0,3/22/11 16:00,2.95,12539
547387,22698,PINK REGENCY TEACUP AND SAUCER,6.0,3/22/11 16:00,2.95,12539
547387,22926,IVORY GIANT GARDEN THERMOMETER,2.0,3/22/11 16:00,5.95,12539
547387,22913,RED COAT RACK PARIS FASHION,6.0,3/22/11 16:00,4.95,12539
547387,22692,DOORMAT WELCOME TO OUR HOME,2.0,3/22/11 16:00,7.95,12539
547387,23008,DOLLY GIRL BABY GIFT SET,6.0,3/22/11 16:00,14.95,12539
547387,23010,CIRCUS PARADE BABY GIFT SET,6.0,3/22/11 16:00,14.95,12539
547387,23009,I LOVE LONDON BABY GIFT SET,6.0,3/22/11 16:00,14.95,12539
547387,23007,SPACEBOY BABY GIFT SET,6.0,3/22/11 16:00,14.95,12539
547387,22934,BAKING MOULD EASTER EGG WHITE CHOC,6.0,3/22/11 16:00,2.95,12539
547387,22748,POPPY'S PLAYHOUSE KITCHEN,6.0,3/22/11 16:00,2.1,12539
547387,22747,POPPY'S PLAYHOUSE BATHROOM,6.0,3/22/11 16:00,2.1,12539
547387,22745,POPPY'S PLAYHOUSE BEDROOM,6.0,3/22/11 16:00,2.1,12539
547387,22746,POPPY'S PLAYHOUSE LIVINGROOM,6.0,3/22/11 16:00,2.1,12539
547387,22411,JUMBO SHOPPER VINTAGE RED PAISLEY,10.0,3/22/11 16:00,1.95,12539
547387,21929,JUMBO BAG PINK VINTAGE PAISLEY,10.0,3/22/11 16:00,1.95,12539
547387,22384,LUNCH BAG PINK POLKADOT,10.0,3/22/11 16:00,1.65,12539
547387,22383,LUNCH BAG SUKI  DESIGN,10.0,3/22/11 16:00,1.65,12539
547387,22974,CHILDRENS DOLLY GIRL MUG,12.0,3/22/11 16:00,1.65,12539
547387,22972,CHILDREN'S SPACEBOY MUG,12.0,3/22/11 16:00,1.65,12539
547387,20914,SET/5 RED RETROSPOT LID GLASS BOWLS,12.0,3/22/11 16:00,2.95,12539
547387,22358,KINGS CHOICE TEA CADDY,6.0,3/22/11 16:00,2.95,12539
547387,22970,LONDON BUS COFFEE MUG,6.0,3/22/11 16:00,2.55,12539
547387,22670,FRENCH WC SIGN BLUE METAL,12.0,3/22/11 16:00,1.25,12539
547387,22672,FRENCH BATHROOM SIGN BLUE METAL,12.0,3/22/11 16:00,1.65,12539
547387,22674,FRENCH TOILET SIGN BLUE METAL,12.0,3/22/11 16:00,1.25,12539
547387,22675,FRENCH KITCHEN SIGN BLUE METAL,12.0,3/22/11 16:00,1.25,12539
547387,47566,PARTY BUNTING,8.0,3/22/11 16:00,4.95,12539
547387,22849,BREAD BIN DINER STYLE MINT,1.0,3/22/11 16:00,16.95,12539
547387,22844,VINTAGE CREAM DOG FOOD CONTAINER,2.0,3/22/11 16:00,8.5,12539
547387,22845,VINTAGE CREAM CAT FOOD CONTAINER,2.0,3/22/11 16:00,6.35,12539
547387,23183,MOTHER'S KITCHEN SPOON REST,4.0,3/22/11 16:00,3.75,12539
547387,21906,PHARMACIE FIRST AID TIN,2.0,3/22/11 16:00,6.75,12539
547387,22960,JAM MAKING SET WITH JARS,12.0,3/22/11 16:00,3.75,12539
547387,22961,JAM MAKING SET PRINTED,12.0,3/22/11 16:00,1.45,12539
547387,22979,PANTRY WASHING UP BRUSH,12.0,3/22/11 16:00,1.45,12539
547387,22904,CALENDAR PAPER CUT DESIGN,6.0,3/22/11 16:00,2.95,12539
547387,23178,JAM CLOCK MAGNET,6.0,3/22/11 16:00,2.89,12539
547387,22399,MAGNETS PACK OF 4 CHILDHOOD MEMORY,12.0,3/22/11 16:00,1.25,12539
547387,22400,MAGNETS PACK OF 4 HOME SWEET HOME,12.0,3/22/11 16:00,1.25,12539
547387,22181,SNOWSTORM PHOTO FRAME FRIDGE MAGNET,12.0,3/22/11 16:00,0.85,12539
547387,21210,SET OF 72 RETROSPOT PAPER  DOILIES,12.0,3/22/11 16:00,1.45,12539
547387,23049,RECYCLED ACAPULCO MAT RED,2.0,3/22/11 16:00,8.25,12539
547703,,WRAP ENGLISH ROSE,25.0,3/24/11 17:10,0.42,12540
547703,23231,WRAP DOILEY DESIGN,25.0,3/24/11 17:10,0.42,12540
547703,22708,WRAP DOLLY GIRL,25.0,3/24/11 17:10,0.42,12540
547703,22985,"WRAP, BILLBOARD FONTS DESIGN",25.0,3/24/11 17:10,0.42,12540
547703,21829,DINOSAUR KEYRINGS ASSORTED,36.0,3/24/11 17:10,0.21,12540
547703,22329,ROUND CONTAINER SET OF 5 RETROSPOT,12.0,3/24/11 17:10,1.65,12540
547703,22630,DOLLY GIRL LUNCH BOX,12.0,3/24/11 17:10,1.95,12540
547703,22629,SPACEBOY LUNCH BOX,12.0,3/24/11 17:10,1.95,12540
547703,21212,PACK OF 72 RETROSPOT CAKE CASES,24.0,3/24/11 17:10,0.55,12540
547703,21218,RED SPOTTY BISCUIT TIN,12.0,3/24/11 17:10,3.75,12540
547703,21210,SET OF 72 RETROSPOT PAPER  DOILIES,12.0,3/24/11 17:10,1.45,12540
547703,22423,REGENCY CAKESTAND 3 TIER,8.0,3/24/11 17:10,12.75,12540
547703,21844,RED RETROSPOT MUG,12.0,3/24/11 17:10,2.95,12540
547703,21874,GIN AND TONIC MUG,12.0,3/24/11 17:10,1.25,12540
547703,21137,BLACK RECORD COVER FRAME,8.0,3/24/11 17:10,3.75,12540
547703,,WOODEN FRAME ANTIQUE WHITE,6.0,3/24/11 17:10,2.95,12540
547703,21080,SET/20 RED RETROSPOT PAPER NAPKINS,12.0,3/24/11 17:10,0.85,12540
547703,22991,GIRAFFE WOODEN RULER,12.0,3/24/11 17:10,1.95,12540
547703,21843,RED RETROSPOT CAKE STAND,10.0,3/24/11 17:10,10.95,12540
547703,21340,CLASSIC METAL BIRDCAGE PLANT HOLDER,8.0,3/24/11 17:10,9.95,12540
547703,84879,ASSORTED COLOUR BIRD ORNAMENT,40.0,3/24/11 17:10,1.69,12540
547703,21164,HOME SWEET HOME METAL SIGN,12.0,3/24/11 17:10,2.95,12540
547703,22077,6 RIBBONS RUSTIC CHARM,24.0,3/24/11 17:10,1.65,12540
547703,,ROMANTIC PINKS RIBBONS,12.0,3/24/11 17:10,1.25,12540
547703,,BRIGHT BLUES RIBBONS,12.0,3/24/11 17:10,1.25,12540
547703,,CHOCOLATE BOX RIBBONS,12.0,3/24/11 17:10,1.25,12540
547703,,URBAN BLACK RIBBONS,12.0,3/24/11 17:10,1.25,12540
547703,21668,RED STRIPE CERAMIC DRAWER KNOB,12.0,3/24/11 17:10,1.25,12540
547703,21669,BLUE STRIPE CERAMIC DRAWER KNOB,12.0,3/24/11 17:10,1.25,12540
547703,21671,RED SPOT CERAMIC DRAWER KNOB,12.0,3/24/11 17:10,1.25,12540
547703,21670,BLUE SPOT CERAMIC DRAWER KNOB,12.0,3/24/11 17:10,1.25,12540
547703,22553,PLASTERS IN TIN SKULLS,12.0,3/24/11 17:10,1.65,12540
547703,22556,PLASTERS IN TIN CIRCUS PARADE,12.0,3/24/11 17:10,1.65,12540
547703,,POSTAGE,8.0,3/24/11 17:10,28.0,12540
547790,21126,SET OF 6 GIRLS CELEBRATION CANDLES,12.0,3/25/11 12:04,1.25,12545
547790,21974,SET OF 36 PAISLEY FLOWER DOILIES,12.0,3/25/11 12:04,1.45,12545
547790,84988,SET OF 72 PINK HEART PAPER DOILIES,12.0,3/25/11 12:04,1.45,12545
547790,84987,SET OF 36 TEATIME PAPER DOILIES,12.0,3/25/11 12:04,1.45,12545
547790,21211,SET OF 72 SKULL PAPER  DOILIES,12.0,3/25/11 12:04,1.45,12545
547790,22168,ORGANISER WOOD ANTIQUE WHITE,2.0,3/25/11 12:04,8.5,12545
547790,22074,6 RIBBONS SHIMMERING PINKS,12.0,3/25/11 12:04,1.65,12545
547790,,ROMANTIC PINKS RIBBONS,12.0,3/25/11 12:04,1.25,12545
547790,22077,6 RIBBONS RUSTIC CHARM,12.0,3/25/11 12:04,1.65,12545
547790,22076,6 RIBBONS EMPIRE,12.0,3/25/11 12:04,1.65,12545
547790,22079,RIBBON REEL HEARTS DESIGN,10.0,3/25/11 12:04,1.65,12545
547790,,BRIGHT BLUES RIBBONS,12.0,3/25/11 12:04,1.25,12545
547790,,BABY BOOM RIBBONS,12.0,3/25/11 12:04,1.25,12545
547790,,SCANDINAVIAN REDS RIBBONS,12.0,3/25/11 12:04,1.25,12545
547790,,URBAN BLACK RIBBONS,12.0,3/25/11 12:04,1.25,12545
547790,,CHOCOLATE BOX RIBBONS,12.0,3/25/11 12:04,1.25,12545
547790,21213,PACK OF 72 SKULL CAKE CASES,24.0,3/25/11 12:04,0.55,12545
547790,22938,CUPCAKE LACE PAPER SET 6,12.0,3/25/11 12:04,1.95,12545
547790,21124,SET/10 BLUE POLKADOT PARTY CANDLES,24.0,3/25/11 12:04,1.25,12545
547790,37495,FAIRY CAKE BIRTHDAY CANDLE SET,4.0,3/25/11 12:04,3.75,12545
547790,21122,SET/10 PINK POLKADOT PARTY CANDLES,24.0,3/25/11 12:04,1.25,12545
547790,20934,SET/3 POT PLANT CANDLES,2.0,3/25/11 12:04,5.45,12545
547790,20931,BLUE POT PLANT CANDLE,4.0,3/25/11 12:04,3.75,12545
547790,72741,GRAND CHOCOLATECANDLE,9.0,3/25/11 12:04,1.45,12545
547790,22344,PARTY PIZZA DISH PINK POLKADOT,12.0,3/25/11 12:04,0.85,12545
547790,22221,CAKE STAND LOVEBIRD 2 TIER PINK,2.0,3/25/11 12:04,9.95,12545
547790,22423,REGENCY CAKESTAND 3 TIER,1.0,3/25/11 12:04,12.75,12545
547790,22223,CAKE PLATE LOVEBIRD PINK,3.0,3/25/11 12:04,4.95,12545
547790,84817,DANISH ROSE DECORATIVE PLATE,6.0,3/25/11 12:04,2.1,12545
547790,84821,DANISH ROSE DELUXE COASTER,12.0,3/25/11 12:04,0.85,12545
547790,22857,ASSORTED EASTER GIFT TAGS,12.0,3/25/11 12:04,0.85,12545
547790,21382,SET/4 SPRING FLOWER DECORATION,6.0,3/25/11 12:04,2.95,12545
547790,22313,OFFICE MUG WARMER PINK,6.0,3/25/11 12:04,2.95,12545
547790,,POSTAGE,3.0,3/25/11 12:04,28.0,12545
547972,22383,LUNCH BAG SUKI DESIGN,150.0,3/28/11 16:41,1.45,12557
547972,22384,LUNCH BAG PINK POLKADOT,150.0,3/28/11 16:41,1.45,12557
547972,20727,LUNCH BAG  BLACK SKULL.,50.0,3/28/11 16:41,1.65,12557
547972,20725,LUNCH BAG RED RETROSPOT,50.0,3/28/11 16:41,1.65,12557
547972,20728,LUNCH BAG CARS BLUE,150.0,3/28/11 16:41,1.45,12557
549682,84692,BOX OF 24 COCKTAIL PARASOLS,25.0,4/11/11 13:22,0.42,12596
549682,22960,JAM MAKING SET WITH JARS,6.0,4/11/11 13:22,4.25,12596
549682,15034,PAPER POCKET TRAVELING FAN,24.0,4/11/11 13:22,0.14,12596
549682,22326,ROUND SNACK BOXES SET OF4 WOODLAND,6.0,4/11/11 13:22,2.95,12596
549682,22328,ROUND SNACK BOXES SET OF 4 FRUITS,6.0,4/11/11 13:22,2.95,12596
549682,22669,RED BABY BUNTING,5.0,4/11/11 13:22,2.95,12596
549682,22197,SMALL POPCORN HOLDER,12.0,4/11/11 13:22,0.85,12596
549682,22894,TABLECLOTH RED APPLES DESIGN,2.0,4/11/11 13:22,9.95,12596
549682,,PINK & WHITE BREAKFAST TRAY,8.0,4/11/11 13:22,2.95,12596
549682,21703,BAG 125g SWIRLY MARBLES,12.0,4/11/11 13:22,0.42,12596
549682,22923,FRIDGE MAGNETS LES ENFANTS ASSORTED,12.0,4/11/11 13:22,0.85,12596
549682,,BLACK LOVE BIRD T-LIGHT HOLDER,6.0,4/11/11 13:22,3.75,12596
549682,85116,BLACK CANDELABRA T-LIGHT HOLDER,6.0,4/11/11 13:22,2.1,12596
549682,22418,10 COLOUR SPACEBOY PEN,24.0,4/11/11 13:22,0.85,12596
549682,,POSTAGE,2.0,4/11/11 13:22,28.0,12596
550911,23201,JUMBO BAG ALPHABET,10.0,4/21/11 13:11,2.08,12354
550911,23204,CHARLOTTE BAG APPLES DESIGN,10.0,4/21/11 13:11,0.85,12354
550911,23205,CHARLOTTE BAG VINTAGE ALPHABET,10.0,4/21/11 13:11,0.85,12354
550911,23254,CHILDRENS CUTLERY DOLLY GIRL,4.0,4/21/11 13:11,4.15,12354
550911,23255,CHILDRENS CUTLERY CIRCUS PARADE,4.0,4/21/11 13:11,4.15,12354
550911,23256,CHILDRENS CUTLERY SPACEBOY,4.0,4/21/11 13:11,4.15,12354
550911,21922,UNION STRIPE WITH FRINGE  HAMMOCK,2.0,4/21/11 13:11,7.95,12354
550911,22839,3 TIER CAKE TIN GREEN AND CREAM,1.0,4/21/11 13:11,14.95,12354
550911,21240,BLUE POLKADOT CUP,32.0,4/21/11 13:11,0.85,12354
550911,,CHILDRENS CUTLERY POLKADOT PINK,4.0,4/21/11 13:11,4.15,12354
550911,22899,CHILDREN'S APRON DOLLY GIRL,6.0,4/21/11 13:11,2.1,12354
550911,22326,ROUND SNACK BOXES SET OF4 WOODLAND,6.0,4/21/11 13:11,2.95,12354
550911,22628,PICNIC BOXES SET OF 3 RETROSPOT,4.0,4/21/11 13:11,4.95,12354
550911,22629,SPACEBOY LUNCH BOX,12.0,4/21/11 13:11,1.95,12354
550911,22384,LUNCH BAG PINK POLKADOT,10.0,4/21/11 13:11,1.65,12354
550911,22630,DOLLY GIRL LUNCH BOX,12.0,4/21/11 13:11,1.95,12354
550911,22631,CIRCUS PARADE LUNCH BOX,12.0,4/21/11 13:11,1.95,12354
550911,20725,LUNCH BAG RED RETROSPOT,10.0,4/21/11 13:11,1.65,12354
550911,22635,CHILDS BREAKFAST SET DOLLY GIRL,2.0,4/21/11 13:11,9.95,12354
550911,22848,BREAD BIN DINER STYLE PINK,1.0,4/21/11 13:11,16.95,12354
550911,21217,RED RETROSPOT ROUND CAKE TINS,2.0,4/21/11 13:11,9.95,12354
550911,22508,DOORSTOP RETROSPOT HEART,4.0,4/21/11 13:11,3.75,12354
550911,22456,NATURAL SLATE CHALKBOARD LARGE,3.0,4/21/11 13:11,4.95,12354
550911,22317,FIVE CATS HANGING DECORATION,6.0,4/21/11 13:11,2.95,12354
550911,21380,WOODEN HAPPY BIRTHDAY GARLAND,6.0,4/21/11 13:11,2.95,12354
550911,22090,PAPER BUNTING RETROSPOT,6.0,4/21/11 13:11,2.95,12354
550911,22668,PINK BABY BUNTING,5.0,4/21/11 13:11,2.95,12354
550911,21080,SET/20 RED RETROSPOT PAPER NAPKINS,12.0,4/21/11 13:11,0.85,12354
550911,23052,RECYCLED ACAPULCO MAT TURQUOISE,2.0,4/21/11 13:11,8.25,12354
550911,23054,RECYCLED ACAPULCO MAT LAVENDER,2.0,4/21/11 13:11,8.25,12354
550911,84988,SET OF 72 PINK HEART PAPER DOILIES,12.0,4/21/11 13:11,1.45,12354
550911,21239,PINK  POLKADOT CUP,32.0,4/21/11 13:11,0.85,12354
550911,21238,RED RETROSPOT CUP,24.0,4/21/11 13:11,0.85,12354
550911,22344,PARTY PIZZA DISH PINK POLKADOT,24.0,4/21/11 13:11,0.85,12354
550911,22343,PARTY PIZZA DISH RED RETROSPOT,24.0,4/21/11 13:11,0.85,12354
550911,21242,RED RETROSPOT PLATE,24.0,4/21/11 13:11,1.69,12354
550911,21244,BLUE POLKADOT PLATE,32.0,4/21/11 13:11,1.69,12354
550911,21243,PINK  POLKADOT PLATE,32.0,4/21/11 13:11,1.69,12354
550911,20675,BLUE POLKADOT BOWL,8.0,4/21/11 13:11,1.25,12354
550911,20677,PINK POLKADOT BOWL,8.0,4/21/11 13:11,1.25,12354
550911,20676,RED RETROSPOT BOWL,8.0,4/21/11 13:11,1.25,12354
550911,21246,RED RETROSPOT BIG BOWL,6.0,4/21/11 13:11,4.95,12354
550911,21843,RED RETROSPOT CAKE STAND,1.0,4/21/11 13:11,10.95,12354
550911,22215,CAKE STAND WHITE TWO TIER LACE,2.0,4/21/11 13:11,8.5,12354
550911,22180,RETROSPOT LAMP,2.0,4/21/11 13:11,9.95,12354
550911,21731,RED TOADSTOOL LED NIGHT LIGHT,12.0,4/21/11 13:11,1.65,12354
550911,22983,CARD BILLBOARD FONT,24.0,4/21/11 13:11,0.42,12354
550911,23008,DOLLY GIRL BABY GIFT SET,1.0,4/21/11 13:11,16.95,12354
550911,23010,CIRCUS PARADE BABY GIFT SET,1.0,4/21/11 13:11,16.95,12354
550911,21891,TRADITIONAL WOODEN SKIPPING ROPE,12.0,4/21/11 13:11,1.45,12354
550911,20749,ASSORTED COLOUR MINI CASES,2.0,4/21/11 13:11,7.95,12354
550911,20750,RED RETROSPOT MINI CASES,2.0,4/21/11 13:11,7.95,12354
550911,21533,RETROSPOT LARGE MILK JUG,3.0,4/21/11 13:11,4.95,12354
550911,21156,RETROSPOT CHILDRENS APRON,8.0,4/21/11 13:11,1.95,12354
550911,22623,BOX OF VINTAGE JIGSAW BLOCKS,3.0,4/21/11 13:11,5.95,12354
550911,21890,S/6 WOODEN SKITTLES IN COTTON BAG,6.0,4/21/11 13:11,3.25,12354
550911,22138,BAKING SET 9 PIECE RETROSPOT,3.0,4/21/11 13:11,4.95,12354
550911,22661,CHARLOTTE BAG DOLLY GIRL DESIGN,10.0,4/21/11 13:11,0.85,12354
551398,20971,PINK BLUE FELT CRAFT TRINKET BOX,12.0,4/28/11 13:09,1.25,12417
551398,22644,CERAMIC CHERRY CAKE MONEY BANK,12.0,4/28/11 13:09,1.45,12417
551398,22138,BAKING SET 9 PIECE RETROSPOT,3.0,4/28/11 13:09,4.95,12417
551398,,PINK FAIRY CAKE CHILDRENS APRON,8.0,4/28/11 13:09,1.95,12417
551398,21700,BIG DOUGHNUT FRIDGE MAGNETS,12.0,4/28/11 13:09,0.85,12417
551398,,TEA TIME OVEN GLOVE,10.0,4/28/11 13:09,1.25,12417
551398,37501,TEA TIME TEA SET IN GIFT BOX,3.0,4/28/11 13:09,6.95,12417
551398,37500,TEA TIME TEAPOT IN GIFT BOX,12.0,4/28/11 13:09,4.95,12417
551398,37495,FAIRY CAKE BIRTHDAY CANDLE SET,4.0,4/28/11 13:09,3.75,12417
551398,22851,SET 20 NAPKINS FAIRY CAKES DESIGN,12.0,4/28/11 13:09,0.85,12417
551398,22613,PACK OF 20 SPACEBOY NAPKINS,12.0,4/28/11 13:09,0.85,12417
551398,21080,SET/20 RED RETROSPOT PAPER NAPKINS,12.0,4/28/11 13:09,0.85,12417
551398,,SET OF 4 FAIRY CAKE PLACEMATS,4.0,4/28/11 13:09,3.75,12417
551398,21974,SET OF 36 PAISLEY FLOWER DOILIES,12.0,4/28/11 13:09,1.45,12417
551398,84987,SET OF 36 TEATIME PAPER DOILIES,12.0,4/28/11 13:09,1.45,12417
551398,22937,BAKING MOULD CHOCOLATE CUPCAKES,6.0,4/28/11 13:09,2.55,12417
551398,22955,36 FOIL STAR CAKE CASES,6.0,4/28/11 13:09,2.1,12417
551398,21977,PACK OF 60 PINK PAISLEY CAKE CASES,24.0,4/28/11 13:09,0.55,12417
551398,21212,PACK OF 72 RETROSPOT CAKE CASES,24.0,4/28/11 13:09,0.55,12417
551398,22417,PACK OF 60 SPACEBOY CAKE CASES,24.0,4/28/11 13:09,0.55,12417
551398,84991,60 TEATIME FAIRY CAKE CASES,24.0,4/28/11 13:09,0.55,12417
551398,,FAIRY CAKES NOTEBOOK A6 SIZE,16.0,4/28/11 13:09,0.65,12417
551398,,POSTAGE,3.0,4/28/11 13:09,28.0,12417
551868,22556,PLASTERS IN TIN CIRCUS PARADE,24.0,5/4/11 16:29,1.65,12540
551868,22553,PLASTERS IN TIN SKULLS,24.0,5/4/11 16:29,1.65,12540
551868,21915,RED  HARMONICA IN BOX,36.0,5/4/11 16:29,1.25,12540
551868,21914,BLUE HARMONICA IN BOX,36.0,5/4/11 16:29,1.25,12540
551868,21754,HOME BUILDING BLOCK WORD,9.0,5/4/11 16:29,5.95,12540
551868,22120,WELCOME  WOODEN BLOCK LETTERS,12.0,5/4/11 16:29,8.5,12540
551868,21340,CLASSIC METAL BIRDCAGE PLANT HOLDER,8.0,5/4/11 16:29,9.95,12540
551868,21212,PACK OF 72 RETROSPOT CAKE CASES,24.0,5/4/11 16:29,0.55,12540
551868,21213,PACK OF 72 SKULL CAKE CASES,24.0,5/4/11 16:29,0.55,12540
551868,21976,PACK OF 60 MUSHROOM CAKE CASES,24.0,5/4/11 16:29,0.55,12540
551868,21977,PACK OF 60 PINK PAISLEY CAKE CASES,24.0,5/4/11 16:29,0.55,12540
551868,21218,RED SPOTTY BISCUIT TIN,24.0,5/4/11 16:29,3.25,12540
551868,84879,ASSORTED COLOUR BIRD ORNAMENT,40.0,5/4/11 16:29,1.69,12540
551868,21171,BATHROOM METAL SIGN,12.0,5/4/11 16:29,1.45,12540
551868,22675,FRENCH KITCHEN SIGN BLUE METAL,12.0,5/4/11 16:29,1.25,12540
551868,21172,PARTY METAL SIGN,12.0,5/4/11 16:29,1.45,12540
551868,21770,OPEN CLOSED METAL SIGN,12.0,5/4/11 16:29,4.95,12540
551868,23148,MINIATURE ANTIQUE ROSE HOOK IVORY,24.0,5/4/11 16:29,0.83,12540
551868,23147,SINGLE ANTIQUE ROSE HOOK IVORY,12.0,5/4/11 16:29,1.45,12540
551868,23146,TRIPLE HOOK ANTIQUE IVORY ROSE,8.0,5/4/11 16:29,3.29,12540
551868,22744,MAKE YOUR OWN MONSOON CARD KIT,6.0,5/4/11 16:29,2.95,12540
551868,22077,6 RIBBONS RUSTIC CHARM,12.0,5/4/11 16:29,1.65,12540
551868,21889,WOODEN BOX OF DOMINOES,12.0,5/4/11 16:29,1.25,12540
551868,22620,4 TRADITIONAL SPINNING TOPS,12.0,5/4/11 16:29,1.45,12540
551868,22622,BOX OF VINTAGE ALPHABET BLOCKS,12.0,5/4/11 16:29,9.95,12540
551868,21506,"FANCY FONT BIRTHDAY CARD,",24.0,5/4/11 16:29,0.42,12540
551868,22023,EMPIRE BIRTHDAY CARD,12.0,5/4/11 16:29,0.42,12540
551868,22027,TEA PARTY BIRTHDAY CARD,12.0,5/4/11 16:29,0.42,12540
551868,22028,PENNY FARTHING BIRTHDAY CARD,12.0,5/4/11 16:29,0.42,12540
551868,22037,ROBOT BIRTHDAY CARD,12.0,5/4/11 16:29,0.42,12540
551868,21519,GIN & TONIC DIET GREETING CARD,24.0,5/4/11 16:29,0.42,12540
551868,22715,CARD WEDDING DAY,24.0,5/4/11 16:29,0.42,12540
551868,21880,RED RETROSPOT TAPE,12.0,5/4/11 16:29,0.65,12540
551868,23231,WRAP DOILEY DESIGN,25.0,5/4/11 16:29,0.42,12540
551868,23230,WRAP ALPHABET DESIGN,25.0,5/4/11 16:29,0.42,12540
551868,84077,WORLD WAR 2 GLIDERS ASSTD DESIGNS,48.0,5/4/11 16:29,0.29,12540
551868,21071,VINTAGE BILLBOARD DRINK ME MUG,12.0,5/4/11 16:29,1.25,12540
551868,21844,RED RETROSPOT MUG,18.0,5/4/11 16:29,2.95,12540
551868,21874,GIN AND TONIC MUG,12.0,5/4/11 16:29,1.25,12540
551868,21877,HOME SWEET HOME MUG,12.0,5/4/11 16:29,1.25,12540
551868,,POSTAGE,8.0,5/4/11 16:29,28.0,12540
552040,21523,DOORMAT FANCY FONT HOME SWEET HOME,10.0,5/6/11 8:19,6.75,12502
552040,21524,DOORMAT SPOTTY HOME SWEET HOME,6.0,5/6/11 8:19,7.95,12502
552040,22366,DOORMAT AIRMAIL,2.0,5/6/11 8:19,7.95,12502
552040,48187,DOORMAT NEW ENGLAND,2.0,5/6/11 8:19,7.95,12502
552040,48188,DOORMAT WELCOME PUPPIES,2.0,5/6/11 8:19,7.95,12502
552040,22692,DOORMAT WELCOME TO OUR HOME,2.0,5/6/11 8:19,7.95,12502
552040,22449,SILK PURSE BABUSHKA PINK,12.0,5/6/11 8:19,3.35,12502
552040,21070,VINTAGE BILLBOARD MUG,12.0,5/6/11 8:19,1.25,12502
552040,21071,VINTAGE BILLBOARD DRINK ME MUG,12.0,5/6/11 8:19,1.25,12502
552040,22393,PAPERWEIGHT VINTAGE COLLAGE,6.0,5/6/11 8:19,2.55,12502
552040,22727,ALARM CLOCK BAKELIKE RED,4.0,5/6/11 8:19,3.75,12502
552040,22968,ROSE COTTAGE KEEPSAKE BOX,4.0,5/6/11 8:19,9.95,12502
552040,22423,REGENCY CAKESTAND 3 TIER,6.0,5/6/11 8:19,12.75,12502
552040,22728,ALARM CLOCK BAKELIKE PINK,4.0,5/6/11 8:19,3.75,12502
552040,,POSTAGE,4.0,5/6/11 8:19,28.0,12502
554792,21080,SET/20 RED RETROSPOT PAPER NAPKINS,24.0,5/26/11 12:38,0.85,12547
554792,,POSTAGE,1.0,5/26/11 12:38,28.0,12547
555095,23080,RED METAL BOX TOP SECRET,4.0,5/31/11 13:32,8.25,12540
555095,23081,GREEN METAL BOX ARMY SUPPLIES,4.0,5/31/11 13:32,8.25,12540
555095,23190,BUNDLE OF 3 SCHOOL EXERCISE BOOKS,12.0,5/31/11 13:32,1.65,12540
555095,23192,BUNDLE OF 3 ALPHABET EXERCISE BOOKS,12.0,5/31/11 13:32,1.65,12540
555095,22197,SMALL POPCORN HOLDER,24.0,5/31/11 13:32,0.85,12540
555095,22423,REGENCY CAKESTAND 3 TIER,16.0,5/31/11 13:32,10.95,12540
555095,23281,FOLDING BUTTERFLY MIRROR RED,12.0,5/31/11 13:32,0.83,12540
555095,22637,PIGGY BANK RETROSPOT,8.0,5/31/11 13:32,2.55,12540
555095,22138,BAKING SET 9 PIECE RETROSPOT,6.0,5/31/11 13:32,4.95,12540
555095,22544,MINI JIGSAW SPACEBOY,24.0,5/31/11 13:32,0.42,12540
555095,22539,MINI JIGSAW DOLLY GIRL,24.0,5/31/11 13:32,0.42,12540
555095,22554,PLASTERS IN TIN WOODLAND ANIMALS,12.0,5/31/11 13:32,1.65,12540
555095,22556,PLASTERS IN TIN CIRCUS PARADE,12.0,5/31/11 13:32,1.65,12540
555095,22551,PLASTERS IN TIN SPACEBOY,12.0,5/31/11 13:32,1.65,12540
555095,21981,PACK OF 12 WOODLAND TISSUES,24.0,5/31/11 13:32,0.29,12540
555095,22614,PACK OF 12 SPACEBOY TISSUES,24.0,5/31/11 13:32,0.29,12540
555095,85227,SET OF 6 3D KIT CARDS FOR KIDS,12.0,5/31/11 13:32,0.85,12540
555095,22748,POPPY'S PLAYHOUSE KITCHEN,6.0,5/31/11 13:32,2.1,12540
555095,22745,POPPY'S PLAYHOUSE BEDROOM,6.0,5/31/11 13:32,2.1,12540
555095,21715,GIRLS VINTAGE TIN SEASIDE BUCKET,8.0,5/31/11 13:32,2.55,12540
555095,21716,BOYS VINTAGE TIN SEASIDE BUCKET,8.0,5/31/11 13:32,2.55,12540
555095,21718,RED METAL BEACH SPADE,12.0,5/31/11 13:32,1.25,12540
555095,21056,DOCTOR'S BAG SOFT TOY,4.0,5/31/11 13:32,8.95,12540
555095,21055,TOOL BOX SOFT TOY,4.0,5/31/11 13:32,8.95,12540
555095,21340,CLASSIC METAL BIRDCAGE PLANT HOLDER,8.0,5/31/11 13:32,9.95,12540
555095,21115,ROSE CARAVAN DOORSTOP,4.0,5/31/11 13:32,6.75,12540
555095,21116,OWL DOORSTOP,3.0,5/31/11 13:32,4.95,12540
555095,84879,ASSORTED COLOUR BIRD ORNAMENT,40.0,5/31/11 13:32,1.69,12540
555095,22320,BIRDS MOBILE VINTAGE DESIGN,6.0,5/31/11 13:32,5.95,12540
555095,22973,CHILDREN'S CIRCUS PARADE MUG,12.0,5/31/11 13:32,1.65,12540
555095,84375,SET OF 20 KIDS COOKIE CUTTERS,12.0,5/31/11 13:32,2.1,12540
555095,22964,3 PIECE SPACEBOY COOKIE CUTTER SET,6.0,5/31/11 13:32,2.1,12540
555095,22630,DOLLY GIRL LUNCH BOX,12.0,5/31/11 13:32,1.95,12540
555095,22629,SPACEBOY LUNCH BOX,12.0,5/31/11 13:32,1.95,12540
555095,22628,PICNIC BOXES SET OF 3 RETROSPOT,4.0,5/31/11 13:32,4.95,12540
555095,22631,CIRCUS PARADE LUNCH BOX,12.0,5/31/11 13:32,1.95,12540
555095,22326,ROUND SNACK BOXES SET OF4 WOODLAND,6.0,5/31/11 13:32,2.95,12540
555095,21918,SET 12 KIDS COLOUR  CHALK STICKS,24.0,5/31/11 13:32,0.42,12540
555095,22716,CARD CIRCUS PARADE,12.0,5/31/11 13:32,0.42,12540
555095,22489,PACK OF 12 TRADITIONAL CRAYONS,24.0,5/31/11 13:32,0.42,12540
555095,22491,PACK OF 12 COLOURED PENCILS,12.0,5/31/11 13:32,0.85,12540
555095,21503,TOYBOX  WRAP,25.0,5/31/11 13:32,0.42,12540
555095,21498,RED RETROSPOT WRAP,25.0,5/31/11 13:32,0.42,12540
555095,22707,WRAP MONSTER FUN,25.0,5/31/11 13:32,0.42,12540
555095,23230,WRAP ALPHABET DESIGN,25.0,5/31/11 13:32,0.42,12540
555095,22485,SET OF 2 WOODEN MARKET CRATES,2.0,5/31/11 13:32,12.75,12540
555095,,POSTAGE,7.0,5/31/11 13:32,28.0,12540
555470,,POSTAGE,1.0,6/3/11 11:33,28.0,12455
555470,22383,LUNCH BAG SUKI DESIGN,10.0,6/3/11 11:33,1.65,12455
555470,21931,JUMBO STORAGE BAG SUKI,10.0,6/3/11 11:33,2.08,12455
555470,,CHILDRENS CUTLERY POLKADOT PINK,4.0,6/3/11 11:33,4.15,12455
555470,,CHILDRENS CUTLERY RETROSPOT RED,4.0,6/3/11 11:33,4.15,12455
555470,,CHILDRENS CUTLERY POLKADOT BLUE,4.0,6/3/11 11:33,4.15,12455
555470,,CHILDRENS CUTLERY POLKADOT GREEN,4.0,6/3/11 11:33,4.15,12455
555470,23209,LUNCH BAG DOILEY PATTERN,10.0,6/3/11 11:33,1.65,12455
555470,23208,LUNCH BAG VINTAGE LEAF DESIGN,10.0,6/3/11 11:33,1.65,12455
555470,20725,LUNCH BAG RED RETROSPOT,10.0,6/3/11 11:33,1.65,12455
555470,23200,JUMBO BAG PEARS,10.0,6/3/11 11:33,2.08,12455
555470,,JUMBO BAG RED RETROSPOT,10.0,6/3/11 11:33,2.08,12455
555470,23203,JUMBO BAG DOILEY PATTERNS,20.0,6/3/11 11:33,2.08,12455
555726,23048,SET OF 10 LANTERNS FAIRY LIGHT STAR,4.0,6/6/11 16:23,4.15,12540
555726,23275,SET OF 3 HANGING OWLS OLLIE BEAK,12.0,6/6/11 16:23,1.25,12540
555726,23108,SET OF 10 LED DOLLY LIGHTS,2.0,6/6/11 16:23,6.25,12540
555726,20749,ASSORTED COLOUR MINI CASES,2.0,6/6/11 16:23,7.95,12540
555726,21559,STRAWBERRY LUNCH BOX WITH CUTLERY,6.0,6/6/11 16:23,2.55,12540
555726,22328,ROUND SNACK BOXES SET OF 4 FRUITS,6.0,6/6/11 16:23,2.95,12540
555726,22149,FELTCRAFT 6 FLOWER FRIENDS,6.0,6/6/11 16:23,2.1,12540
555726,22028,PENNY FARTHING BIRTHDAY CARD,12.0,6/6/11 16:23,0.42,12540
555726,22704,WRAP RED APPLES,25.0,6/6/11 16:23,0.42,12540
555726,23231,WRAP DOILEY DESIGN,25.0,6/6/11 16:23,0.42,12540
555726,22892,SET OF SALT AND PEPPER TOADSTOOLS,12.0,6/6/11 16:23,1.25,12540
555726,84380,SET OF 3 BUTTERFLY COOKIE CUTTERS,12.0,6/6/11 16:23,1.25,12540
555726,22423,REGENCY CAKESTAND 3 TIER,1.0,6/6/11 16:23,12.75,12540
555726,22848,BREAD BIN DINER STYLE PINK,1.0,6/6/11 16:23,16.95,12540
555726,22844,VINTAGE CREAM DOG FOOD CONTAINER,2.0,6/6/11 16:23,8.5,12540
555726,22845,VINTAGE CREAM CAT FOOD CONTAINER,2.0,6/6/11 16:23,6.35,12540
555726,23204,CHARLOTTE BAG APPLES DESIGN,10.0,6/6/11 16:23,0.85,12540
555726,22728,ALARM CLOCK BAKELIKE PINK,4.0,6/6/11 16:23,3.75,12540
555726,84755,COLOUR GLASS T-LIGHT HOLDER HANGING,16.0,6/6/11 16:23,0.65,12540
555726,23141,TRIPLE WIRE HOOK PINK HEART,4.0,6/6/11 16:23,4.15,12540
555726,21340,CLASSIC METAL BIRDCAGE PLANT HOLDER,1.0,6/6/11 16:23,12.75,12540
555726,22831,WHITE BROCANTE SOAP DISH,6.0,6/6/11 16:23,2.95,12540
555726,,POSTAGE,2.0,6/6/11 16:23,28.0,12540
556241,21114,LAVENDER SCENTED FABRIC HEART,10.0,6/9/11 16:04,1.25,12597
556241,23084,RABBIT NIGHT LIGHT,6.0,6/9/11 16:04,2.08,12597
556241,23173,REGENCY TEAPOT ROSES,2.0,6/9/11 16:04,9.95,12597
556241,23108,SET OF 10 LED DOLLY LIGHTS,2.0,6/9/11 16:04,6.25,12597
556241,22180,RETROSPOT LAMP,1.0,6/9/11 16:04,9.95,12597
556241,,PAINTED LIGHTBULB STAR+ MOON,6.0,6/9/11 16:04,0.42,12597
556241,23299,FOOD COVER WITH BEADS SET 2,6.0,6/9/11 16:04,3.75,12597
556241,22423,REGENCY CAKESTAND 3 TIER,2.0,6/9/11 16:04,12.75,12597
556241,20914,SET/5 RED RETROSPOT LID GLASS BOWLS,6.0,6/9/11 16:04,2.95,12597
556241,37501,TEA TIME TEA SET IN GIFT BOX,3.0,6/9/11 16:04,6.95,12597
556241,22907,PACK OF 20 NAPKINS PANTRY DESIGN,12.0,6/9/11 16:04,0.85,12597
556241,84050,PINK HEART SHAPE EGG FRYING PAN,6.0,6/9/11 16:04,1.65,12597
556241,,SET/3 DECOUPAGE STACKING TINS,3.0,6/9/11 16:04,4.95,12597
556241,21212,PACK OF 72 RETROSPOT CAKE CASES,24.0,6/9/11 16:04,0.55,12597
556241,20726,LUNCH BAG WOODLAND,10.0,6/9/11 16:04,1.65,12597
556241,23052,RECYCLED ACAPULCO MAT TURQUOISE,2.0,6/9/11 16:04,8.25,12597
556241,23053,RECYCLED ACAPULCO MAT PINK,2.0,6/9/11 16:04,8.25,12597
556241,22554,PLASTERS IN TIN WOODLAND ANIMALS,12.0,6/9/11 16:04,1.65,12597
556241,22745,POPPY'S PLAYHOUSE BEDROOM,6.0,6/9/11 16:04,2.1,12597
556241,85088,CANDY SPOT HAND BAG,6.0,6/9/11 16:04,2.1,12597
556241,21500,PINK POLKADOT WRAP,25.0,6/9/11 16:04,0.42,12597
556241,23231,WRAP DOILEY DESIGN,25.0,6/9/11 16:04,0.42,12597
556241,21428,SET3 BOOK BOX GREEN GINGHAM FLOWER,4.0,6/9/11 16:04,4.25,12597
556241,22990,COTTON APRON PANTRY DESIGN,2.0,6/9/11 16:04,4.95,12597
556241,22848,BREAD BIN DINER STYLE PINK,1.0,6/9/11 16:04,16.95,12597
556241,,PINK POLKADOT GARDEN PARASOL,2.0,6/9/11 16:04,7.95,12597
556241,23141,TRIPLE WIRE HOOK PINK HEART,4.0,6/9/11 16:04,4.15,12597
556241,21395,BLUE POLKADOT BEAKER,48.0,6/9/11 16:04,0.39,12597
556241,21394,RED POLKADOT BEAKER,48.0,6/9/11 16:04,0.39,12597
556241,21403,BLUE EGG  SPOON,24.0,6/9/11 16:04,0.12,12597
556241,21402,RED  EGG  SPOON,24.0,6/9/11 16:04,0.12,12597
556241,,ENAMEL PINK COFFEE CONTAINER,12.0,6/9/11 16:04,0.83,12597
556241,37342,POLKADOT COFFEE CUP & SAUCER PINK,24.0,6/9/11 16:04,0.79,12597
556241,23104,IVORY CAFE HANGING LAMP,1.0,6/9/11 16:04,12.5,12597
556241,23112,PARISIENNE CURIO CABINET,2.0,6/9/11 16:04,7.5,12597
556241,47566,PARTY BUNTING,4.0,6/9/11 16:04,4.95,12597
556241,21578,WOODLAND DESIGN  COTTON TOTE BAG,6.0,6/9/11 16:04,2.25,12597
556241,22386,JUMBO BAG PINK POLKADOT,10.0,6/9/11 16:04,2.08,12597
556241,23203,JUMBO BAG DOILEY PATTERNS,10.0,6/9/11 16:04,2.08,12597
556241,22784,LANTERN CREAM GAZEBO,3.0,6/9/11 16:04,4.95,12597
556241,22804,CANDLEHOLDER PINK HANGING HEART,6.0,6/9/11 16:04,2.95,12597
556241,22030,SWALLOWS GREETING CARD,12.0,6/9/11 16:04,0.42,12597
556241,22171,3 HOOK PHOTO SHELF ANTIQUE WHITE,2.0,6/9/11 16:04,8.5,12597
556241,84687,BEACH HUT SHELF W 3 DRAWERS,2.0,6/9/11 16:04,5.95,12597
556241,22487,WHITE WOOD GARDEN PLANT LADDER,1.0,6/9/11 16:04,9.95,12597
556241,22960,JAM MAKING SET WITH JARS,6.0,6/9/11 16:04,4.25,12597
556241,23092,LARGE ANTIQUE WHITE PHOTO FRAME,2.0,6/9/11 16:04,7.9,12597
556241,,POSTAGE,8.0,6/9/11 16:04,28.0,12597
557007,22586,FELTCRAFT HAIRBAND PINK AND BLUE,6.0,6/16/11 11:30,0.85,12484
557007,,"GREETING CARD,SQUARE, DOUGHNUTS",12.0,6/16/11 11:30,0.42,12484
557007,21519,GIN & TONIC DIET GREETING CARD,12.0,6/16/11 11:30,0.42,12484
557007,22564,ALPHABET STENCIL CRAFT,12.0,6/16/11 11:30,1.25,12484
557007,22562,MONSTERS STENCIL CRAFT,12.0,6/16/11 11:30,1.25,12484
557007,,BLUE HAPPY BIRTHDAY BUNTING,4.0,6/16/11 11:30,5.45,12484
557007,22744,MAKE YOUR OWN MONSOON CARD KIT,6.0,6/16/11 11:30,2.95,12484
557007,,TEA TIME KITCHEN APRON,2.0,6/16/11 11:30,5.95,12484
557007,23207,LUNCH BAG ALPHABET DESIGN,4.0,6/16/11 11:30,1.65,12484
557007,,PINK FAIRY CAKE CHILDRENS APRON,4.0,6/16/11 11:30,1.95,12484
557007,22989,SET 2 PANTRY DESIGN TEA TOWELS,4.0,6/16/11 11:30,3.25,12484
557007,23206,LUNCH BAG APPLE DESIGN,4.0,6/16/11 11:30,1.65,12484
557007,20724,RED RETROSPOT CHARLOTTE BAG,20.0,6/16/11 11:30,0.85,12484
557007,20725,LUNCH BAG RED RETROSPOT,12.0,6/16/11 11:30,1.65,12484
557007,20969,RED FLORAL FELTCRAFT SHOULDER BAG,6.0,6/16/11 11:30,3.75,12484
557007,20970,PINK FLORAL FELTCRAFT SHOULDER BAG,6.0,6/16/11 11:30,3.75,12484
557007,22220,CAKE STAND LOVEBIRD 2 TIER WHITE,4.0,6/16/11 11:30,9.95,12484
557007,22221,CAKE STAND LOVEBIRD 2 TIER PINK,4.0,6/16/11 11:30,9.95,12484
557007,22236,CAKE STAND 3 TIER MAGIC GARDEN,3.0,6/16/11 11:30,12.75,12484
557007,21891,TRADITIONAL WOODEN SKIPPING ROPE,6.0,6/16/11 11:30,1.45,12484
557007,21892,TRADITIONAL WOODEN CATCH CUP GAME,4.0,6/16/11 11:30,1.25,12484
557007,22197,POPCORN HOLDER,5.0,6/16/11 11:30,0.85,12484
557007,22570,FELTCRAFT CUSHION RABBIT,6.0,6/16/11 11:30,3.75,12484
557007,22456,NATURAL SLATE CHALKBOARD LARGE,2.0,6/16/11 11:30,4.95,12484
557007,22563,HAPPY STENCIL CRAFT,12.0,6/16/11 11:30,1.25,12484
557007,,TEA TIME PARTY BUNTING,4.0,6/16/11 11:30,4.95,12484
557007,22569,FELTCRAFT CUSHION BUTTERFLY,6.0,6/16/11 11:30,3.75,12484
557007,22271,FELTCRAFT DOLL ROSIE,6.0,6/16/11 11:30,2.95,12484
557007,22274,FELTCRAFT DOLL EMILY,6.0,6/16/11 11:30,2.95,12484
557007,22150,3 STRIPEY MICE FELTCRAFT,6.0,6/16/11 11:30,1.95,12484
557007,21126,SET OF 6 GIRLS CELEBRATION CANDLES,6.0,6/16/11 11:30,1.25,12484
557007,72741,GRAND CHOCOLATECANDLE,9.0,6/16/11 11:30,1.45,12484
557007,22665,RECIPE BOX BLUE SKETCHBOOK DESIGN,1.0,6/16/11 11:30,2.95,12484
557007,20752,BLUE POLKADOT WASHING UP GLOVES,4.0,6/16/11 11:30,2.1,12484
557007,22356,CHARLOTTE BAG PINK POLKADOT,20.0,6/16/11 11:30,0.85,12484
557007,22384,LUNCH BAG PINK POLKADOT,12.0,6/16/11 11:30,1.65,12484
557007,22620,4 TRADITIONAL SPINNING TOPS,6.0,6/16/11 11:30,1.45,12484
557007,21122,SET/10 PINK POLKADOT PARTY CANDLES,10.0,6/16/11 11:30,1.25,12484
557007,21124,SET/10 BLUE POLKADOT PARTY CANDLES,10.0,6/16/11 11:30,1.25,12484
557007,22360,GLASS JAR ENGLISH CONFECTIONERY,6.0,6/16/11 11:30,2.95,12484
557007,21125,SET 6 FOOTBALL CELEBRATION CANDLES,6.0,6/16/11 11:30,1.25,12484
557007,21062,PARTY INVITES SPACEMAN,4.0,6/16/11 11:30,0.85,12484
557007,21059,PARTY INVITES DINOSAURS,10.0,6/16/11 11:30,0.85,12484
557007,22743,MAKE YOUR OWN FLOWERPOWER CARD KIT,6.0,6/16/11 11:30,2.95,12484
557007,22493,PAINT YOUR OWN CANVAS SET,6.0,6/16/11 11:30,1.65,12484
557007,22607,WOODEN ROUNDERS GARDEN SET,4.0,6/16/11 11:30,9.95,12484
557007,22605,WOODEN CROQUET GARDEN SET,4.0,6/16/11 11:30,12.75,12484
557007,21464,DISCO BALL ROTATOR BATTERY OPERATED,1.0,6/16/11 11:30,4.25,12484
557007,22968,ROSE COTTAGE KEEPSAKE BOX,1.0,6/16/11 11:30,9.95,12484
557007,22189,CREAM HEART CARD HOLDER,6.0,6/16/11 11:30,3.95,12484
557007,23144,ZINC T-LIGHT HOLDER STARS SMALL,12.0,6/16/11 11:30,0.83,12484
557007,23133,LARGE IVORY HEART WALL ORGANISER,2.0,6/16/11 11:30,8.25,12484
557007,22693,GROW A FLYTRAP OR SUNFLOWER IN TIN,24.0,6/16/11 11:30,1.25,12484
557007,23145,ZINC T-LIGHT HOLDER STAR LARGE,12.0,6/16/11 11:30,0.95,12484
557007,84755,COLOUR GLASS T-LIGHT HOLDER HANGING,8.0,6/16/11 11:30,0.65,12484
557007,84987,SET OF 36 TEATIME PAPER DOILIES,4.0,6/16/11 11:30,1.45,12484
557007,23298,SPOTTY BUNTING,4.0,6/16/11 11:30,4.95,12484
557007,22278,OVERNIGHT BAG VINTAGE ROSE PAISLEY,7.0,6/16/11 11:30,4.95,12484
557007,22276,WASH BAG VINTAGE ROSE PAISLEY,6.0,6/16/11 11:30,2.55,12484
557007,22277,COSMETIC BAG VINTAGE ROSE PAISLEY,6.0,6/16/11 11:30,2.1,12484
557007,,POSTAGE,7.0,6/16/11 11:30,28.0,12484
557297,22088,PAPER BUNTING COLOURED LACE,6.0,6/19/11 13:54,2.95,12421
557297,21232,STRAWBERRY CERAMIC TRINKET BOX,12.0,6/19/11 13:54,1.25,12421
557297,22646,CERAMIC STRAWBERRY CAKE MONEY BANK,12.0,6/19/11 13:54,1.45,12421
557297,37446,MINI CAKE STAND WITH HANGING CAKES,8.0,6/19/11 13:54,1.45,12421
557297,37495,FAIRY CAKE BIRTHDAY CANDLE SET,4.0,6/19/11 13:54,3.75,12421
557297,,TEA TIME KITCHEN APRON,3.0,6/19/11 13:54,5.95,12421
557297,22983,CARD BILLBOARD FONT,12.0,6/19/11 13:54,0.42,12421
557297,21519,GIN & TONIC DIET GREETING CARD,12.0,6/19/11 13:54,0.42,12421
557297,22224,WHITE LOVEBIRD LANTERN,6.0,6/19/11 13:54,2.95,12421
557297,,PINK HAWAIIAN PICNIC HAMPER FOR 2,1.0,6/19/11 13:54,12.75,12421
557297,21932,SCANDINAVIAN PAISLEY PICNIC BAG,10.0,6/19/11 13:54,1.65,12421
557297,72741,GRAND CHOCOLATECANDLE,9.0,6/19/11 13:54,1.45,12421
557297,,POSTAGE,2.0,6/19/11 13:54,28.0,12421
557297,22066,LOVE HEART TRINKET POT,48.0,6/19/11 13:54,0.39,12421
,,Manual,-1.0,6/19/11 14:05,0.77,12421
557303,22922,FRIDGE MAGNETS US DINER ASSORTED,12.0,6/19/11 14:36,0.85,12450
557303,23156,SET OF 5 MINI GROCERY MAGNETS,12.0,6/19/11 14:36,2.08,12450
557303,23159,SET OF 5 PANCAKE DAY MAGNETS,12.0,6/19/11 14:36,2.08,12450
557303,23167,SMALL CERAMIC TOP STORAGE JAR,12.0,6/19/11 14:36,0.83,12450
557303,22937,BAKING MOULD CHOCOLATE CUPCAKES,6.0,6/19/11 14:36,2.55,12450
557303,23209,LUNCH BAG DOILEY PATTERN,10.0,6/19/11 14:36,1.65,12450
557314,20676,RED RETROSPOT BOWL,8.0,6/19/11 15:59,1.25,12541
557314,21080,SET/20 RED RETROSPOT PAPER NAPKINS,24.0,6/19/11 15:59,0.85,12541
557314,21242,RED RETROSPOT PLATE,16.0,6/19/11 15:59,1.69,12541
557314,21210,SET OF 72 RETROSPOT PAPER  DOILIES,12.0,6/19/11 15:59,1.45,12541
557314,21246,RED RETROSPOT BIG BOWL,6.0,6/19/11 15:59,4.95,12541
557314,21746,SMALL RED RETROSPOT WINDMILL,12.0,6/19/11 15:59,1.25,12541
557314,22333,RETROSPOT PARTY BAG + STICKER SET,16.0,6/19/11 15:59,1.65,12541
557314,22315,200 RED + WHITE BENDY STRAWS,12.0,6/19/11 15:59,1.25,12541
557314,23306,SET OF 36 DOILIES PANTRY DESIGN,12.0,6/19/11 15:59,1.45,12541
557314,22949,36 DOILIES DOLLY GIRL,12.0,6/19/11 15:59,1.45,12541
557314,,POSTAGE,1.0,6/19/11 15:59,28.0,12541
558108,21210,SET OF 72 RETROSPOT PAPER  DOILIES,12.0,6/26/11 15:35,1.45,12548
558108,84988,SET OF 72 PINK HEART PAPER DOILIES,12.0,6/26/11 15:35,1.45,12548
558108,21211,SET OF 72 SKULL PAPER  DOILIES,12.0,6/26/11 15:35,1.45,12548
558108,84380,SET OF 3 BUTTERFLY COOKIE CUTTERS,12.0,6/26/11 15:35,1.25,12548
558108,,POSTAGE,1.0,6/26/11 15:35,28.0,12548
558871,21244,BLUE POLKADOT PLATE,32.0,7/4/11 13:19,1.69,12557
558871,21240,BLUE POLKADOT CUP,32.0,7/4/11 13:19,0.85,12557
558871,21242,RED RETROSPOT PLATE,32.0,7/4/11 13:19,1.69,12557
558871,21238,RED RETROSPOT CUP,32.0,7/4/11 13:19,0.85,12557
558871,21243,PINK  POLKADOT PLATE,32.0,7/4/11 13:19,1.69,12557
558871,21239,PINK  POLKADOT CUP,32.0,7/4/11 13:19,0.85,12557
558871,22383,LUNCH BAG SUKI DESIGN,50.0,7/4/11 13:19,1.65,12557
558871,22384,LUNCH BAG PINK POLKADOT,100.0,7/4/11 13:19,1.45,12557
558871,20727,LUNCH BAG  BLACK SKULL.,100.0,7/4/11 13:19,1.45,12557
558871,20725,LUNCH BAG RED RETROSPOT,100.0,7/4/11 13:19,1.45,12557
558871,20728,LUNCH BAG CARS BLUE,100.0,7/4/11 13:19,1.45,12557
558871,,CHILDRENS CUTLERY RETROSPOT RED,72.0,7/4/11 13:19,3.75,12557
558871,,CHILDRENS CUTLERY POLKADOT PINK,360.0,7/4/11 13:19,3.75,12557
558871,,CHILDRENS CUTLERY POLKADOT BLUE,360.0,7/4/11 13:19,3.75,12557
558871,,CHILDRENS CUTLERY POLKADOT GREEN,72.0,7/4/11 13:19,3.75,12557
559135,20676,RED RETROSPOT BOWL,8.0,7/6/11 13:18,1.25,12455
559135,21240,BLUE POLKADOT CUP,8.0,7/6/11 13:18,0.85,12455
559135,20675,BLUE POLKADOT BOWL,8.0,7/6/11 13:18,1.25,12455
559135,21238,RED RETROSPOT CUP,8.0,7/6/11 13:18,0.85,12455
559135,21080,SET/20 RED RETROSPOT PAPER NAPKINS,24.0,7/6/11 13:18,0.85,12455
559135,21086,SET/6 RED SPOTTY PAPER CUPS,12.0,7/6/11 13:18,0.65,12455
559135,21094,SET/6 RED SPOTTY PAPER PLATES,12.0,7/6/11 13:18,0.85,12455
559135,22090,PAPER BUNTING RETROSPOT,6.0,7/6/11 13:18,2.95,12455
559135,20677,PINK POLKADOT BOWL,8.0,7/6/11 13:18,1.25,12455
559135,21239,PINK  POLKADOT CUP,8.0,7/6/11 13:18,0.85,12455
559135,,POSTAGE,1.0,7/6/11 13:18,28.0,12455
559148,23209,LUNCH BAG DOILEY PATTERN,40.0,7/6/11 14:41,1.65,12450
559148,21868,POTTING SHED TEA MUG,24.0,7/6/11 14:41,1.25,12450
559173,22350,ILLUSTRATED CAT BOWL,6.0,7/7/11 10:03,2.55,12540
559173,22089,PAPER BUNTING VINTAGE PAISLEY,6.0,7/7/11 10:03,2.95,12540
559173,22634,CHILDS BREAKFAST SET SPACEBOY,2.0,7/7/11 10:03,9.95,12540
559173,23076,ICE CREAM SUNDAE LIP GLOSS,24.0,7/7/11 10:03,1.25,12540
559173,22752,SET 7 BABUSHKA NESTING BOXES,2.0,7/7/11 10:03,8.5,12540
559173,22755,SMALL PURPLE BABUSHKA NOTEBOOK,12.0,7/7/11 10:03,0.85,12540
559173,22712,CARD DOLLY GIRL,12.0,7/7/11 10:03,0.42,12540
559173,22029,SPACEBOY BIRTHDAY CARD,12.0,7/7/11 10:03,0.42,12540
559173,,WRAP SUKI AND FRIENDS,25.0,7/7/11 10:03,0.42,12540
559173,,WRAP ENGLISH ROSE,25.0,7/7/11 10:03,0.42,12540
559173,23243,SET OF TEA COFFEE SUGAR TINS PANTRY,4.0,7/7/11 10:03,4.95,12540
559173,22699,ROSES REGENCY TEACUP AND SAUCER,6.0,7/7/11 10:03,2.95,12540
559173,21877,HOME SWEET HOME MUG,12.0,7/7/11 10:03,1.25,12540
559173,23307,SET OF 60 PANTRY DESIGN CAKE CASES,24.0,7/7/11 10:03,0.55,12540
559173,22840,ROUND CAKE TIN VINTAGE RED,2.0,7/7/11 10:03,7.95,12540
559173,22842,BISCUIT TIN VINTAGE RED,2.0,7/7/11 10:03,6.75,12540
559173,23197,SKETCHBOOK MAGNETIC SHOPPING LIST,12.0,7/7/11 10:03,1.45,12540
559173,23184,BULL DOG BOTTLE OPENER,4.0,7/7/11 10:03,4.95,12540
559173,22915,ASSORTED BOTTLE TOP  MAGNETS,12.0,7/7/11 10:03,0.42,12540
559173,21524,DOORMAT SPOTTY HOME SWEET HOME,2.0,7/7/11 10:03,7.95,12540
559173,48188,DOORMAT WELCOME PUPPIES,2.0,7/7/11 10:03,7.95,12540
559173,85066,CREAM SWEETHEART MINI CHEST,2.0,7/7/11 10:03,12.75,12540
559173,22776,SWEETHEART CAKESTAND 3 TIER,1.0,7/7/11 10:03,9.95,12540
559173,22720,SET OF 3 CAKE TINS PANTRY DESIGN,3.0,7/7/11 10:03,4.95,12540
559173,,POSTAGE,2.0,7/7/11 10:03,28.0,12540
,22960,JAM MAKING SET WITH JARS,-11.0,7/7/11 10:17,4.25,12507
559187,22960,JAM MAKING SET WITH JARS,11.0,7/7/11 10:20,4.25,12507
559665,23065,LARGE DECO JEWELLERY STAND,1.0,7/11/11 13:35,12.5,12556
559665,21165,BEWARE OF THE CAT METAL SIGN,1.0,7/11/11 13:35,1.69,12556
559665,21294,ETCHED GLASS COASTER,12.0,7/11/11 13:35,0.39,12556
559665,,WHITE/PINK CHICK DECORATION,1.0,7/11/11 13:35,1.25,12556
559665,21733,RED HANGING HEART T-LIGHT HOLDER,1.0,7/11/11 13:35,2.95,12556
559665,22652,TRAVEL SEWING KIT,4.0,7/11/11 13:35,1.65,12556
559665,,WHITE JEWELLED HEART DECORATION,1.0,7/11/11 13:35,0.85,12556
559665,22553,PLASTERS IN TIN SKULLS,2.0,7/11/11 13:35,1.65,12556
559665,21391,FRENCH LAVENDER SCENT HEART,3.0,7/11/11 13:35,0.75,12556
559665,20705,MRS ROBOT SOFT TOY,1.0,7/11/11 13:35,6.95,12556
559665,22804,CANDLEHOLDER PINK HANGING HEART,1.0,7/11/11 13:35,2.95,12556
559665,,WHITE JEWELLED HEART DECORATION,4.0,7/11/11 13:35,0.85,12556
559665,22499,WOODEN UNION JACK BUNTING,1.0,7/11/11 13:35,5.95,12556
559665,23184,BULL DOG BOTTLE OPENER,2.0,7/11/11 13:35,4.95,12556
559665,23103,JINGLE BELL HEART DECORATION,3.0,7/11/11 13:35,1.65,12556
559665,23186,FRENCH STYLE STORAGE JAR CAFE,1.0,7/11/11 13:35,0.29,12556
559665,22925,BLUE GIANT GARDEN THERMOMETER,1.0,7/11/11 13:35,5.95,12556
559665,23152,IVORY SWEETHEART WIRE LETTER RACK,1.0,7/11/11 13:35,3.75,12556
559665,,CHARLIE LOLA BLUE HOT WATER BOTTLE,1.0,7/11/11 13:35,4.65,12556
559665,,WHITE HANGING HEART T-LIGHT HOLDER,2.0,7/11/11 13:35,2.95,12556
559665,22597,MUSICAL ZINC HEART DECORATION,3.0,7/11/11 13:35,0.85,12556
559665,22652,TRAVEL SEWING KIT,2.0,7/11/11 13:35,1.65,12556
559665,21754,HOME BUILDING BLOCK WORD,1.0,7/11/11 13:35,5.95,12556
559665,23188,VINTAGE  2 METER FOLDING RULER,2.0,7/11/11 13:35,1.65,12556
559665,21172,PARTY METAL SIGN,3.0,7/11/11 13:35,1.45,12556
559665,21171,BATHROOM METAL SIGN,2.0,7/11/11 13:35,1.45,12556
559665,22197,POPCORN HOLDER,4.0,7/11/11 13:35,0.85,12556
559665,21145,ANTIQUE GLASS PLACE SETTING,12.0,7/11/11 13:35,1.25,12556
559665,71477,COLOUR GLASS. STAR T-LIGHT HOLDER,4.0,7/11/11 13:35,3.25,12556
559665,22776,SWEETHEART CAKESTAND 3 TIER,1.0,7/11/11 13:35,9.95,12556
559665,,WHITE JEWELLED HEART DECORATION,1.0,7/11/11 13:35,0.85,12556
559665,22469,HEART OF WICKER SMALL,4.0,7/11/11 13:35,1.65,12556
559665,82483,WOOD 2 DRAWER CABINET WHITE FINISH,1.0,7/11/11 13:35,6.95,12556
559665,,PINK METAL CHICKEN HEART,1.0,7/11/11 13:35,1.49,12556
559665,,ASS FLORAL PRINT MULTI SCREWDRIVER,12.0,7/11/11 13:35,0.42,12556
559665,22554,PLASTERS IN TIN WOODLAND ANIMALS,2.0,7/11/11 13:35,1.65,12556
559665,22553,PLASTERS IN TIN SKULLS,2.0,7/11/11 13:35,1.65,12556
559665,22557,PLASTERS IN TIN VINTAGE PAISLEY,4.0,7/11/11 13:35,1.65,12556
559665,21385,IVORY HANGING DECORATION  HEART,5.0,7/11/11 13:35,0.85,12556
559665,22556,PLASTERS IN TIN CIRCUS PARADE,2.0,7/11/11 13:35,1.65,12556
559665,21248,DOOR HANGER  MUM + DADS ROOM,2.0,7/11/11 13:35,1.45,12556
559665,22348,TEA BAG PLATE RED RETROSPOT,2.0,7/11/11 13:35,0.85,12556
559665,22342,HOME GARLAND PAINTED ZINC,2.0,7/11/11 13:35,0.75,12556
559665,84836,ZINC METAL HEART DECORATION,2.0,7/11/11 13:35,1.25,12556
559665,23306,SET OF 36 DOILIES PANTRY DESIGN,1.0,7/11/11 13:35,1.45,12556
559665,35653,VINTAGE BEAD NOTEBOOK,2.0,7/11/11 13:35,2.95,12556
559665,22841,ROUND CAKE TIN VINTAGE GREEN,1.0,7/11/11 13:35,7.95,12556
559665,22470,HEART OF WICKER LARGE,5.0,7/11/11 13:35,2.95,12556
559665,22840,ROUND CAKE TIN VINTAGE RED,1.0,7/11/11 13:35,7.95,12556
559665,82484,WOOD BLACK BOARD ANT WHITE FINISH,2.0,7/11/11 13:35,7.95,12556
559665,35645,VINTAGE BEAD PINK JEWEL BOX,2.0,7/11/11 13:35,4.25,12556
559665,22667,RECIPE BOX RETROSPOT,1.0,7/11/11 13:35,2.95,12556
559665,22666,RECIPE BOX PANTRY YELLOW DESIGN,1.0,7/11/11 13:35,2.95,12556
559665,22099,CARAVAN SQUARE TISSUE BOX,1.0,7/11/11 13:35,0.39,12556
559665,21539,RED RETROSPOT BUTTER DISH,1.0,7/11/11 13:35,4.95,12556
559665,21530,DAIRY MAID TOASTRACK,1.0,7/11/11 13:35,0.79,12556
559665,21391,FRENCH LAVENDER SCENT HEART,6.0,7/11/11 13:35,0.75,12556
559665,84378,SET OF 3 HEART COOKIE CUTTERS,1.0,7/11/11 13:35,1.25,12556
559665,22557,PLASTERS IN TIN VINTAGE PAISLEY,1.0,7/11/11 13:35,1.65,12556
559665,22553,PLASTERS IN TIN SKULLS,1.0,7/11/11 13:35,1.65,12556
559665,21977,PACK OF 60 PINK PAISLEY CAKE CASES,1.0,7/11/11 13:35,0.55,12556
559665,21232,STRAWBERRY CERAMIC TRINKET BOX,1.0,7/11/11 13:35,1.25,12556
559665,71053,WHITE METAL LANTERN,2.0,7/11/11 13:35,3.75,12556
559665,22831,WHITE BROCANTE SOAP DISH,2.0,7/11/11 13:35,2.95,12556
559665,23203,JUMBO BAG DOILEY PATTERNS,1.0,7/11/11 13:35,2.08,12556
559665,,ENGLISH ROSE SCENTED HANGING FLOWER,3.0,7/11/11 13:35,0.75,12556
559665,84755,COLOUR GLASS T-LIGHT HOLDER HANGING,8.0,7/11/11 13:35,0.65,12556
560607,21137,BLACK RECORD COVER FRAME,48.0,7/20/11 10:15,3.39,12510
560607,79321,CHILLI LIGHTS,4.0,7/20/11 10:15,5.75,12510
560607,20750,RED RETROSPOT MINI CASES,4.0,7/20/11 10:15,7.95,12510
560607,,POSTAGE,3.0,7/20/11 10:15,28.0,12510
561093,21844,RED RETROSPOT MUG,18.0,7/25/11 10:01,2.95,12540
561093,22553,PLASTERS IN TIN SKULLS,24.0,7/25/11 10:01,1.65,12540
561093,22556,PLASTERS IN TIN CIRCUS PARADE,12.0,7/25/11 10:01,1.65,12540
561093,22554,PLASTERS IN TIN WOODLAND ANIMALS,12.0,7/25/11 10:01,1.65,12540
561093,23155,KNICKERBOCKERGLORY MAGNET ASSORTED,24.0,7/25/11 10:01,0.83,12540
561093,23158,SET OF 5 LUCKY CAT MAGNETS,12.0,7/25/11 10:01,2.08,12540
561093,22399,MAGNETS PACK OF 4 CHILDHOOD MEMORY,12.0,7/25/11 10:01,1.25,12540
561093,22922,FRIDGE MAGNETS US DINER ASSORTED,24.0,7/25/11 10:01,0.85,12540
561093,23156,SET OF 5 MINI GROCERY MAGNETS,12.0,7/25/11 10:01,2.08,12540
561093,22740,POLKADOT PEN,48.0,7/25/11 10:01,0.85,12540
561093,16236,KITTY PENCIL ERASERS,28.0,7/25/11 10:01,0.21,12540
561093,22745,POPPY'S PLAYHOUSE BEDROOM,6.0,7/25/11 10:01,2.1,12540
561093,22746,POPPY'S PLAYHOUSE LIVINGROOM,6.0,7/25/11 10:01,2.1,12540
561093,22748,POPPY'S PLAYHOUSE KITCHEN,6.0,7/25/11 10:01,2.1,12540
561093,22747,POPPY'S PLAYHOUSE BATHROOM,6.0,7/25/11 10:01,2.1,12540
561093,21703,BAG 125g SWIRLY MARBLES,12.0,7/25/11 10:01,0.42,12540
561093,21889,WOODEN BOX OF DOMINOES,12.0,7/25/11 10:01,1.25,12540
561093,21914,BLUE HARMONICA IN BOX,12.0,7/25/11 10:01,1.25,12540
561093,22619,SET OF 6 SOLDIER SKITTLES,12.0,7/25/11 10:01,3.75,12540
561093,22620,4 TRADITIONAL SPINNING TOPS,12.0,7/25/11 10:01,1.45,12540
561093,22622,BOX OF VINTAGE ALPHABET BLOCKS,12.0,7/25/11 10:01,9.95,12540
561093,23229,VINTAGE DONKEY TAIL GAME,6.0,7/25/11 10:01,3.75,12540
561093,21340,CLASSIC METAL BIRDCAGE PLANT HOLDER,8.0,7/25/11 10:01,9.95,12540
561093,23341,PINK DINER WALL CLOCK,2.0,7/25/11 10:01,8.5,12540
561093,21892,TRADITIONAL WOODEN CATCH CUP GAME,12.0,7/25/11 10:01,1.25,12540
561093,21212,PACK OF 72 RETROSPOT CAKE CASES,24.0,7/25/11 10:01,0.55,12540
561093,,WHITE HANGING HEART T-LIGHT HOLDER,12.0,7/25/11 10:01,2.95,12540
561093,22504,CABIN BAG VINTAGE RETROSPOT,1.0,7/25/11 10:01,29.95,12540
561093,21733,RED HANGING HEART T-LIGHT HOLDER,12.0,7/25/11 10:01,2.95,12540
561093,22715,CARD WEDDING DAY,24.0,7/25/11 10:01,0.42,12540
561093,22077,6 RIBBONS RUSTIC CHARM,12.0,7/25/11 10:01,1.65,12540
561093,21116,OWL DOORSTOP,6.0,7/25/11 10:01,4.95,12540
561093,84879,ASSORTED COLOUR BIRD ORNAMENT,40.0,7/25/11 10:01,1.69,12540
561093,21251,DINOSAUR HEIGHT CHART STICKER SET,6.0,7/25/11 10:01,2.95,12540
561093,21249,WOODLAND  HEIGHT CHART STICKERS,6.0,7/25/11 10:01,2.95,12540
561093,21770,OPEN CLOSED METAL SIGN,8.0,7/25/11 10:01,4.95,12540
561093,21164,HOME SWEET HOME METAL SIGN,12.0,7/25/11 10:01,2.95,12540
561093,21218,RED SPOTTY BISCUIT TIN,12.0,7/25/11 10:01,3.75,12540
561093,21213,PACK OF 72 SKULL CAKE CASES,24.0,7/25/11 10:01,0.55,12540
561093,23307,SET OF 60 PANTRY DESIGN CAKE CASES,24.0,7/25/11 10:01,0.55,12540
561093,84828,JUNGLE POPSICLES ICE LOLLY MOULDS,12.0,7/25/11 10:01,1.25,12540
561093,20725,LUNCH BAG RED RETROSPOT,10.0,7/25/11 10:01,1.65,12540
561093,21080,SET/20 RED RETROSPOT PAPER NAPKINS,12.0,7/25/11 10:01,0.85,12540
561093,21989,PACK OF 20 SKULL PAPER NAPKINS,12.0,7/25/11 10:01,0.85,12540
561093,21871,SAVE THE PLANET MUG,12.0,7/25/11 10:01,1.25,12540
561093,21877,HOME SWEET HOME MUG,12.0,7/25/11 10:01,1.25,12540
561093,,POSTAGE,6.0,7/25/11 10:01,28.0,12540
561669,22423,REGENCY CAKESTAND 3 TIER,2.0,7/28/11 17:09,12.75,12507
561669,23295,SET OF 12 MINI LOAF BAKING CASES,128.0,7/28/11 17:09,0.72,12507
561669,23297,SET 40 HEART SHAPE PETIT FOUR CASES,144.0,7/28/11 17:09,1.45,12507
561669,23294,SET OF 6 SNACK LOAF BAKING CASES,128.0,7/28/11 17:09,0.72,12507
561669,23296,SET OF 6 TEA TIME BAKING CASES,128.0,7/28/11 17:09,1.04,12507
561669,23293,SET OF 12 FAIRY CAKE BAKING CASES,128.0,7/28/11 17:09,0.72,12507
561669,,POSTAGE,6.0,7/28/11 17:09,28.0,12507
561669,22960,JAM MAKING SET WITH JARS,11.0,7/28/11 17:09,0.0,12507
562273,22178,VICTORIAN GLASS HANGING T-LIGHT,24.0,8/4/11 9:55,1.25,12502
562273,22423,REGENCY CAKESTAND 3 TIER,7.0,8/4/11 9:55,12.75,12502
562273,22846,BREAD BIN DINER STYLE RED,3.0,8/4/11 9:55,16.95,12502
562273,22847,BREAD BIN DINER STYLE IVORY,1.0,8/4/11 9:55,16.95,12502
562273,22625,RED KITCHEN SCALES,2.0,8/4/11 9:55,8.5,12502
562273,23094,LE GRAND TRAY CHIC SET,1.0,8/4/11 9:55,12.5,12502
562273,,BLACK ORANGE SQUEEZER,10.0,8/4/11 9:55,0.42,12502
562273,23169,CLASSIC GLASS COOKIE JAR,6.0,8/4/11 9:55,4.15,12502
562273,22760,"TRAY, BREAKFAST IN BED",1.0,8/4/11 9:55,12.75,12502
562273,22726,ALARM CLOCK BAKELIKE GREEN,4.0,8/4/11 9:55,3.75,12502
562273,22457,NATURAL SLATE HEART CHALKBOARD,6.0,8/4/11 9:55,2.95,12502
562273,21115,ROSE CARAVAN DOORSTOP,2.0,8/4/11 9:55,6.75,12502
562273,22485,SET OF 2 WOODEN MARKET CRATES,2.0,8/4/11 9:55,12.75,12502
562273,20679,EDWARDIAN PARASOL RED,3.0,8/4/11 9:55,5.95,12502
562273,22467,GUMBALL COAT RACK,6.0,8/4/11 9:55,2.55,12502
562273,22914,BLUE COAT RACK PARIS FASHION,3.0,8/4/11 9:55,4.95,12502
562273,21770,OPEN CLOSED METAL SIGN,2.0,8/4/11 9:55,4.95,12502
562273,21279,VINTAGE KITCHEN PRINT FRUITS,6.0,8/4/11 9:55,2.55,12502
562273,,BLUE GEISHA GIRL,4.0,8/4/11 9:55,3.75,12502
562273,,GREEN GEISHA GIRL,4.0,8/4/11 9:55,3.75,12502
562273,,IVORY ENCHANTED FOREST PLACEMAT,6.0,8/4/11 9:55,1.65,12502
562273,23012,GLASS APOTHECARY BOTTLE PERFUME,4.0,8/4/11 9:55,3.95,12502
562273,22222,CAKE PLATE LOVEBIRD WHITE,3.0,8/4/11 9:55,4.95,12502
562273,23020,GLASS  SONGBIRD STORAGE JAR,2.0,8/4/11 9:55,12.5,12502
562273,23162,REGENCY TEA STRAINER,4.0,8/4/11 9:55,3.75,12502
562273,23163,REGENCY SUGAR TONGS,8.0,8/4/11 9:55,2.49,12502
562273,22699,ROSES REGENCY TEACUP AND SAUCER,6.0,8/4/11 9:55,2.95,12502
562273,22698,PINK REGENCY TEACUP AND SAUCER,6.0,8/4/11 9:55,2.95,12502
562273,22697,GREEN REGENCY TEACUP AND SAUCER,6.0,8/4/11 9:55,2.95,12502
562273,22215,CAKE STAND WHITE TWO TIER LACE,4.0,8/4/11 9:55,8.5,12502
562273,,POSTAGE,6.0,8/4/11 9:55,28.0,12502
562287,21243,PINK  POLKADOT PLATE,8.0,8/4/11 11:07,1.69,12455
562287,21244,BLUE POLKADOT PLATE,8.0,8/4/11 11:07,1.69,12455
562287,21242,RED RETROSPOT PLATE,8.0,8/4/11 11:07,1.69,12455
562287,,POSTAGE,1.0,8/4/11 11:07,28.0,12455
562287,20677,PINK POLKADOT BOWL,8.0,8/4/11 11:07,1.25,12455
