536858,22326,ROUND SNACK BOXES SET OF4 WOODLAND,30.0,12/3/10 10:36,2.95,13520
536858,22554,PLASTERS IN TIN WOODLAND ANIMALS,36.0,12/3/10 10:36,1.65,13520
536858,21731,RED TOADSTOOL LED NIGHT LIGHT,24.0,12/3/10 10:36,1.65,13520
536858,20677,PINK POLKADOT BOWL,16.0,12/3/10 10:36,1.25,13520
536858,20750,RED RETROSPOT MINI CASES,2.0,12/3/10 10:36,7.95,13520
536858,,POSTAGE,2.0,12/3/10 10:36,40.0,13520
539488,22837,HOT WATER BOTTLE BABUSHKA LARGE,8.0,12/20/10 9:37,4.65,12377
539488,22112,CHOCOLATE HOT WATER BOTTLE,16.0,12/20/10 9:37,4.95,12377
539488,22953,BIRTHDAY BANNER TAPE,24.0,12/20/10 9:37,1.25,12377
539488,22813,PACK 3 BOXES BIRD PANNETONE,24.0,12/20/10 9:37,1.95,12377
539488,22314,OFFICE MUG WARMER CHOC+BLUE,12.0,12/20/10 9:37,4.95,12377
539488,22190,LOCAL CAFE MUG,12.0,12/20/10 9:37,2.1,12377
539488,22540,MINI JIGSAW CIRCUS PARADE,24.0,12/20/10 9:37,0.42,12377
539488,22544,MINI JIGSAW SPACEBOY,24.0,12/20/10 9:37,0.42,12377
539488,22546,MINI JIGSAW PURDEY,24.0,12/20/10 9:37,0.42,12377
539488,22545,MINI JIGSAW BUNNIES,24.0,12/20/10 9:37,0.42,12377
539488,22539,MINI JIGSAW DOLLY GIRL,24.0,12/20/10 9:37,0.42,12377
539488,22538,MINI JIGSAW GO TO THE FAIR,24.0,12/20/10 9:37,0.42,12377
539488,22555,PLASTERS IN TIN STRONGMAN,12.0,12/20/10 9:37,1.65,12377
539488,22556,PLASTERS IN TIN CIRCUS PARADE,12.0,12/20/10 9:37,1.65,12377
539488,22659,LUNCH BOX I LOVE LONDON,12.0,12/20/10 9:37,1.95,12377
539488,22631,CIRCUS PARADE LUNCH BOX,12.0,12/20/10 9:37,1.95,12377
539488,22629,SPACEBOY LUNCH BOX,12.0,12/20/10 9:37,1.95,12377
539488,22630,DOLLY GIRL LUNCH BOX,12.0,12/20/10 9:37,1.95,12377
539488,21832,CHOCOLATE CALCULATOR,24.0,12/20/10 9:37,1.65,12377
539488,22714,CARD BIRTHDAY COWBOY,12.0,12/20/10 9:37,0.42,12377
539488,22713,CARD I LOVE LONDON,12.0,12/20/10 9:37,0.42,12377
539488,22029,SPACEBOY BIRTHDAY CARD,24.0,12/20/10 9:37,0.42,12377
539488,22037,ROBOT BIRTHDAY CARD,12.0,12/20/10 9:37,0.42,12377
539488,21506,"FANCY FONT BIRTHDAY CARD,",12.0,12/20/10 9:37,0.42,12377
539488,22422,TOOTHPASTE TUBE PEN,12.0,12/20/10 9:37,0.65,12377
539488,22551,PLASTERS IN TIN SPACEBOY,12.0,12/20/10 9:37,1.65,12377
539488,22727,ALARM CLOCK BAKELIKE RED,4.0,12/20/10 9:37,3.75,12377
539488,22726,ALARM CLOCK BAKELIKE GREEN,4.0,12/20/10 9:37,3.75,12377
539488,22730,ALARM CLOCK BAKELIKE IVORY,4.0,12/20/10 9:37,3.75,12377
539488,22725,ALARM CLOCK BAKELIKE CHOCOLATE,4.0,12/20/10 9:37,3.75,12377
539488,22728,ALARM CLOCK BAKELIKE PINK,4.0,12/20/10 9:37,3.75,12377
539488,22729,ALARM CLOCK BAKELIKE ORANGE,4.0,12/20/10 9:37,3.75,12377
539488,21877,HOME SWEET HOME MUG,24.0,12/20/10 9:37,1.25,12377
539488,21871,SAVE THE PLANET MUG,24.0,12/20/10 9:37,1.25,12377
539488,84050,PINK HEART SHAPE EGG FRYING PAN,12.0,12/20/10 9:37,1.65,12377
539488,22328,ROUND SNACK BOXES SET OF 4 FRUITS,12.0,12/20/10 9:37,2.95,12377
539488,22303,COFFEE MUG APPLES DESIGN,12.0,12/20/10 9:37,2.55,12377
539488,22300,COFFEE MUG DOG + BALL DESIGN,12.0,12/20/10 9:37,2.55,12377
539488,22301,COFFEE MUG CAT + BIRD DESIGN,12.0,12/20/10 9:37,2.55,12377
539488,22109,FULL ENGLISH BREAKFAST PLATE,12.0,12/20/10 9:37,3.75,12377
539488,22108,PING! MICROWAVE PLATE,4.0,12/20/10 9:37,3.75,12377
539488,22107,PIZZA PLATE IN BOX,12.0,12/20/10 9:37,3.75,12377
539488,22302,COFFEE MUG PEARS  DESIGN,12.0,12/20/10 9:37,2.55,12377
541518,21880,RED RETROSPOT TAPE,48.0,1/19/11 9:05,0.19,12451
541518,21881,CUTE CATS TAPE,24.0,1/19/11 9:05,0.19,12451
541518,21883,STARS GIFT TAPE,24.0,1/19/11 9:05,0.19,12451
541518,22074,6 RIBBONS SHIMMERING PINKS,24.0,1/19/11 9:05,0.42,12451
541518,22378,WALL TIDY RETROSPOT,10.0,1/19/11 9:05,2.1,12451
541518,22504,CABIN BAG VINTAGE RETROSPOT,3.0,1/19/11 9:05,12.75,12451
541518,84012,MAGIC SHEEP WOOL GROWING FROM PAPER,120.0,1/19/11 9:05,0.85,12451
541518,85054,FRENCH ENAMEL POT W LID,24.0,1/19/11 9:05,1.25,12451
541518,22451,SILK PURSE BABUSHKA RED,6.0,1/19/11 9:05,3.35,12451
541518,22449,SILK PURSE BABUSHKA PINK,6.0,1/19/11 9:05,3.35,12451
541518,20750,RED RETROSPOT MINI CASES,2.0,1/19/11 9:05,7.95,12451
541518,,BLACK/BLUE POLKADOT UMBRELLA,6.0,1/19/11 9:05,5.95,12451
541518,,RED RETROSPOT UMBRELLA,3.0,1/19/11 9:05,5.95,12451
541518,21439,BASKET OF TOADSTOOLS,36.0,1/19/11 9:05,1.25,12451
541518,22858,EASTER TIN KEEPSAKE,6.0,1/19/11 9:05,1.65,12451
541518,22857,ASSORTED EASTER GIFT TAGS,12.0,1/19/11 9:05,0.85,12451
541518,22859,EASTER TIN BUNNY BOUQUET,24.0,1/19/11 9:05,1.65,12451
541518,20685,DOORMAT RED RETROSPOT,4.0,1/19/11 9:05,7.95,12451
541518,21524,DOORMAT SPOTTY HOME SWEET HOME,4.0,1/19/11 9:05,7.95,12451
541518,22432,WATERING CAN PINK BUNNY,12.0,1/19/11 9:05,1.95,12451
541518,22431,WATERING CAN BLUE ELEPHANT,12.0,1/19/11 9:05,1.95,12451
541518,,BRIGHT BLUES RIBBONS,36.0,1/19/11 9:05,1.25,12451
541518,,URBAN BLACK RIBBONS,36.0,1/19/11 9:05,1.25,12451
541518,,SCANDINAVIAN REDS RIBBONS,36.0,1/19/11 9:05,1.25,12451
541518,,CHOCOLATE BOX RIBBONS,24.0,1/19/11 9:05,1.25,12451
541518,22743,MAKE YOUR OWN FLOWERPOWER CARD KIT,12.0,1/19/11 9:05,2.95,12451
541518,22744,MAKE YOUR OWN MONSOON CARD KIT,6.0,1/19/11 9:05,2.95,12451
541518,22212,FOUR HOOK  WHITE LOVEBIRDS,12.0,1/19/11 9:05,2.1,12451
541518,22243,5 HOOK HANGER RED MAGIC TOADSTOOL,48.0,1/19/11 9:05,1.65,12451
541518,,METAL SIGN CUPCAKE SINGLE HOOK,20.0,1/19/11 9:05,0.42,12451
541518,,"METAL SIGN,CUPCAKE SINGLE HOOK",20.0,1/19/11 9:05,0.42,12451
541518,40016,CHINESE DRAGON PAPER LANTERNS,24.0,1/19/11 9:05,0.42,12451
541518,21592,RETROSPOT CIGAR BOX MATCHES,24.0,1/19/11 9:05,1.25,12451
541518,22551,PLASTERS IN TIN SPACEBOY,48.0,1/19/11 9:05,1.65,12451
541518,22554,PLASTERS IN TIN WOODLAND ANIMALS,96.0,1/19/11 9:05,1.45,12451
541518,22556,PLASTERS IN TIN CIRCUS PARADE,48.0,1/19/11 9:05,1.65,12451
541518,21981,PACK OF 12 WOODLAND TISSUES,48.0,1/19/11 9:05,0.29,12451
541518,21982,PACK OF 12 SUKI TISSUES,96.0,1/19/11 9:05,0.29,12451
541518,22099,CARAVAN SQUARE TISSUE BOX,36.0,1/19/11 9:05,1.06,12451
541518,22098,BOUDOIR SQUARE TISSUE BOX,12.0,1/19/11 9:05,1.25,12451
541518,21507,"ELEPHANT, BIRTHDAY CARD,",24.0,1/19/11 9:05,0.42,12451
541518,22027,TEA PARTY BIRTHDAY CARD,24.0,1/19/11 9:05,0.42,12451
541518,22029,SPACEBOY BIRTHDAY CARD,24.0,1/19/11 9:05,0.42,12451
541518,22037,ROBOT BIRTHDAY CARD,24.0,1/19/11 9:05,0.42,12451
541518,22716,CARD CIRCUS PARADE,12.0,1/19/11 9:05,0.42,12451
541518,22983,CARD BILLBOARD FONT,24.0,1/19/11 9:05,0.42,12451
541518,21498,RED RETROSPOT WRAP,25.0,1/19/11 9:05,0.42,12451
541518,21499,BLUE POLKADOT WRAP,25.0,1/19/11 9:05,0.42,12451
541518,,WRAP FOLK ART,25.0,1/19/11 9:05,0.42,12451
541518,21429,RED GINGHAM ROSE JEWELLERY BOX,10.0,1/19/11 9:05,1.65,12451
541518,21428,SET3 BOOK BOX GREEN GINGHAM FLOWER,16.0,1/19/11 9:05,3.75,12451
541518,21731,RED TOADSTOOL LED NIGHT LIGHT,24.0,1/19/11 9:05,1.65,12451
541518,21918,SET 12 KIDS COLOUR  CHALK STICKS,24.0,1/19/11 9:05,0.42,12451
541518,21094,SET/6 RED SPOTTY PAPER PLATES,36.0,1/19/11 9:05,0.85,12451
541518,21086,SET/6 RED SPOTTY PAPER CUPS,36.0,1/19/11 9:05,0.65,12451
541518,22474,SPACEBOY TV DINNER TRAY,3.0,1/19/11 9:05,4.95,12451
541518,,BLUE SAVANNAH PICNIC HAMPER FOR 2,2.0,1/19/11 9:05,12.75,12451
541518,,JUMBO BAG STRAWBERRY,20.0,1/19/11 9:05,1.95,12451
541518,20712,JUMBO BAG WOODLAND ANIMALS,30.0,1/19/11 9:05,1.95,12451
541518,22661,CHARLOTTE BAG DOLLY GIRL DESIGN,10.0,1/19/11 9:05,0.85,12451
541518,20719,WOODLAND CHARLOTTE BAG,40.0,1/19/11 9:05,0.85,12451
541518,20724,RED RETROSPOT CHARLOTTE BAG,10.0,1/19/11 9:05,0.85,12451
541518,21042,RED RETROSPOT APRON,6.0,1/19/11 9:05,5.95,12451
541518,21156,RETROSPOT CHILDRENS APRON,16.0,1/19/11 9:05,1.95,12451
541518,22367,CHILDRENS APRON SPACEBOY DESIGN,8.0,1/19/11 9:05,1.95,12451
541518,22613,PACK OF 20 SPACEBOY NAPKINS,12.0,1/19/11 9:05,0.85,12451
541518,21080,SET/20 RED RETROSPOT PAPER NAPKINS,24.0,1/19/11 9:05,0.85,12451
541518,35241,ENAMEL BLUE RIM BISCUIT BIN,3.0,1/19/11 9:05,4.95,12451
541518,21154,RED RETROSPOT OVEN GLOVE,10.0,1/19/11 9:05,1.25,12451
541518,22847,BREAD BIN DINER STYLE IVORY,4.0,1/19/11 9:05,14.95,12451
541518,21217,RED RETROSPOT ROUND CAKE TINS,3.0,1/19/11 9:05,9.95,12451
541518,21212,PACK OF 72 RETROSPOT CAKE CASES,48.0,1/19/11 9:05,0.55,12451
541518,22417,PACK OF 60 SPACEBOY CAKE CASES,24.0,1/19/11 9:05,0.55,12451
541518,22951,60 CAKE CASES DOLLY GIRL DESIGN,24.0,1/19/11 9:05,0.55,12451
541518,20726,LUNCH BAG WOODLAND,20.0,1/19/11 9:05,1.65,12451
541518,22326,ROUND SNACK BOXES SET OF4 WOODLAND,96.0,1/19/11 9:05,2.55,12451
541518,22629,SPACEBOY LUNCH BOX,24.0,1/19/11 9:05,1.95,12451
541518,20728,LUNCH BAG CARS BLUE,10.0,1/19/11 9:05,1.65,12451
541518,21035,SET/2 RED RETROSPOT TEA TOWELS,6.0,1/19/11 9:05,2.95,12451
541518,22844,VINTAGE CREAM DOG FOOD CONTAINER,2.0,1/19/11 9:05,8.5,12451
541518,22845,VINTAGE CREAM CAT FOOD CONTAINER,2.0,1/19/11 9:05,6.35,12451
541518,,RETRO PLASTIC ELEPHANT TRAY,24.0,1/19/11 9:05,0.85,12451
541518,90108,BLUE BLOSSOM HAIR CLIP,12.0,1/19/11 9:05,1.05,12451
541518,90114,SUMMER DAISIES BAG CHARM,6.0,1/19/11 9:05,2.55,12451
541518,10002,INFLATABLE POLITICAL GLOBE,12.0,1/19/11 9:05,0.85,12451
541518,18007,ESSENTIAL BALM 3.5g TIN IN ENVELOPE,24.0,1/19/11 9:05,0.18,12451
541518,22090,PAPER BUNTING RETROSPOT,24.0,1/19/11 9:05,2.95,12451
541518,20718,RED RETROSPOT SHOPPER BAG,40.0,1/19/11 9:05,1.25,12451
541518,20717,STRAWBERRY SHOPPER BAG,20.0,1/19/11 9:05,1.25,12451
541518,22411,JUMBO SHOPPER VINTAGE RED PAISLEY,10.0,1/19/11 9:05,1.95,12451
541518,,JUMBO BAG RED RETROSPOT,20.0,1/19/11 9:05,1.95,12451
541518,21078,SET/20 STRAWBERRY PAPER NAPKINS,24.0,1/19/11 9:05,0.85,12451
541518,21989,PACK OF 20 SKULL PAPER NAPKINS,24.0,1/19/11 9:05,0.85,12451
541518,22907,PACK OF 20 NAPKINS PANTRY DESIGN,24.0,1/19/11 9:05,0.85,12451
541518,22908,PACK OF 20 NAPKINS RED APPLES,24.0,1/19/11 9:05,0.85,12451
541518,,PACK 20 ENGLISH ROSE PAPER NAPKINS,12.0,1/19/11 9:05,0.85,12451
541518,22972,CHILDREN'S SPACEBOY MUG,12.0,1/19/11 9:05,1.65,12451
541518,22973,CHILDREN'S CIRCUS PARADE MUG,12.0,1/19/11 9:05,1.65,12451
541518,22975,SPACEBOY CHILDRENS EGG CUP,12.0,1/19/11 9:05,1.25,12451
541518,21195,PINK  HONEYCOMB PAPER BALL,48.0,1/19/11 9:05,0.65,12451
541518,21209,MULTICOLOUR HONEYCOMB FAN,48.0,1/19/11 9:05,0.65,12451
541569,22326,ROUND SNACK BOXES SET OF4 WOODLAND,36.0,1/19/11 12:14,2.95,13520
541569,22328,ROUND SNACK BOXES SET OF 4 FRUITS,12.0,1/19/11 12:14,2.95,13520
541569,21915,RED  HARMONICA IN BOX,12.0,1/19/11 12:14,1.25,13520
541569,21914,BLUE HARMONICA IN BOX,12.0,1/19/11 12:14,1.25,13520
541569,21731,RED TOADSTOOL LED NIGHT LIGHT,24.0,1/19/11 12:14,1.65,13520
541569,,BLUE 3 PIECE POLKADOT CUTLERY SET,6.0,1/19/11 12:14,3.75,13520
541569,,RED 3 PIECE RETROSPOT CUTLERY SET,6.0,1/19/11 12:14,3.75,13520
541569,,GREEN 3 PIECE POLKADOT CUTLERY SET,6.0,1/19/11 12:14,3.75,13520
541569,20676,RED RETROSPOT BOWL,16.0,1/19/11 12:14,1.25,13520
541569,20674,GREEN POLKADOT BOWL,16.0,1/19/11 12:14,1.25,13520
541569,21246,RED RETROSPOT BIG BOWL,6.0,1/19/11 12:14,4.95,13520
541569,22551,PLASTERS IN TIN SPACEBOY,12.0,1/19/11 12:14,1.65,13520
541569,22556,PLASTERS IN TIN CIRCUS PARADE,24.0,1/19/11 12:14,1.65,13520
541569,20718,RED RETROSPOT SHOPPER BAG,10.0,1/19/11 12:14,1.25,13520
541569,20712,JUMBO BAG WOODLAND ANIMALS,10.0,1/19/11 12:14,1.95,13520
541569,20719,WOODLAND CHARLOTTE BAG,10.0,1/19/11 12:14,0.85,13520
541569,20973,12 PENCIL SMALL TUBE WOODLAND,24.0,1/19/11 12:14,0.65,13520
541569,22431,WATERING CAN BLUE ELEPHANT,12.0,1/19/11 12:14,1.95,13520
541569,22433,WATERING CAN GREEN DINOSAUR,12.0,1/19/11 12:14,1.95,13520
541569,22432,WATERING CAN PINK BUNNY,12.0,1/19/11 12:14,1.95,13520
541569,20750,RED RETROSPOT MINI CASES,2.0,1/19/11 12:14,7.95,13520
541569,22027,TEA PARTY BIRTHDAY CARD,12.0,1/19/11 12:14,0.42,13520
541569,22029,SPACEBOY BIRTHDAY CARD,12.0,1/19/11 12:14,0.42,13520
541569,,FAWN AND MUSHROOM GREETING CARD,12.0,1/19/11 12:14,0.42,13520
541569,,POSTAGE,3.0,1/19/11 12:14,40.0,13520
542586,21206,STRAWBERRY HONEYCOMB  GARLAND,12.0,1/28/11 15:45,1.65,12377
542586,22197,SMALL POPCORN HOLDER,12.0,1/28/11 15:45,0.85,12377
542586,20750,RED RETROSPOT MINI CASES,2.0,1/28/11 15:45,7.95,12377
542586,20662,FIRST CLASS HOLIDAY PURSE,6.0,1/28/11 15:45,2.95,12377
542586,20856,DENIM PATCH PURSE PINK BUTTERFLY,10.0,1/28/11 15:45,1.65,12377
542586,22449,SILK PURSE BABUSHKA PINK,6.0,1/28/11 15:45,3.35,12377
542586,37495,FAIRY CAKE BIRTHDAY CANDLE SET,4.0,1/28/11 15:45,3.75,12377
542586,,CREAM FELT EASTER EGG BASKET,6.0,1/28/11 15:45,1.65,12377
542586,22448,PIN CUSHION BABUSHKA RED,6.0,1/28/11 15:45,3.35,12377
542586,21380,WOODEN HAPPY BIRTHDAY GARLAND,6.0,1/28/11 15:45,2.95,12377
542586,,BLUE HAPPY BIRTHDAY BUNTING,6.0,1/28/11 15:45,5.45,12377
542586,22090,PAPER BUNTING RETROSPOT,6.0,1/28/11 15:45,2.95,12377
542586,21365,MIRRORED WALL ART STARS,12.0,1/28/11 15:45,2.95,12377
542586,22367,CHILDRENS APRON SPACEBOY DESIGN,16.0,1/28/11 15:45,1.95,12377
542586,21080,SET/20 RED RETROSPOT PAPER NAPKINS,12.0,1/28/11 15:45,0.85,12377
542586,21094,SET/6 RED SPOTTY PAPER PLATES,12.0,1/28/11 15:45,0.85,12377
542586,22501,PICNIC BASKET WICKER LARGE,6.0,1/28/11 15:45,9.95,12377
542586,,PINK 3 PIECE POLKADOT CUTLERY SET,6.0,1/28/11 15:45,3.75,12377
542586,,BLUE 3 PIECE POLKADOT CUTLERY SET,6.0,1/28/11 15:45,3.75,12377
542586,21559,STRAWBERRY LUNCH BOX WITH CUTLERY,6.0,1/28/11 15:45,2.55,12377
542586,22326,ROUND SNACK BOXES SET OF4 WOODLAND,6.0,1/28/11 15:45,2.95,12377
542586,21561,DINOSAUR LUNCH BOX WITH CUTLERY,6.0,1/28/11 15:45,2.55,12377
542586,22037,ROBOT BIRTHDAY CARD,12.0,1/28/11 15:45,0.42,12377
542586,22029,SPACEBOY BIRTHDAY CARD,12.0,1/28/11 15:45,0.42,12377
542586,22716,CARD CIRCUS PARADE,12.0,1/28/11 15:45,0.42,12377
542586,16012,FOOD/DRINK SPONGE STICKERS,24.0,1/28/11 15:45,0.21,12377
542586,21721,CANDY SHOP  STICKER SHEET,12.0,1/28/11 15:45,0.85,12377
542586,21680,WOODLAND  STICKERS,12.0,1/28/11 15:45,0.85,12377
542586,22540,MINI JIGSAW CIRCUS PARADE,24.0,1/28/11 15:45,0.42,12377
542586,22544,MINI JIGSAW SPACEBOY,24.0,1/28/11 15:45,0.42,12377
542586,22539,MINI JIGSAW DOLLY GIRL,24.0,1/28/11 15:45,0.42,12377
542586,22746,POPPY'S PLAYHOUSE LIVINGROOM,6.0,1/28/11 15:45,2.1,12377
542586,22021,BLUE FELT EASTER EGG BASKET,6.0,1/28/11 15:45,1.65,12377
542586,,POSTAGE,2.0,1/28/11 15:45,40.0,12377
543180,22625,RED KITCHEN SCALES,2.0,2/4/11 10:38,8.5,12410
543180,22627,MINT KITCHEN SCALES,4.0,2/4/11 10:38,8.5,12410
543180,22626,BLACK KITCHEN SCALES,4.0,2/4/11 10:38,8.5,12410
543180,22674,FRENCH TOILET SIGN BLUE METAL,12.0,2/4/11 10:38,1.25,12410
543180,22672,FRENCH BATHROOM SIGN BLUE METAL,24.0,2/4/11 10:38,1.65,12410
543180,22675,FRENCH KITCHEN SIGN BLUE METAL,24.0,2/4/11 10:38,1.25,12410
543180,21218,RED SPOTTY BISCUIT TIN,6.0,2/4/11 10:38,3.75,12410
543180,22624,IVORY KITCHEN SCALES,2.0,2/4/11 10:38,8.5,12410
543180,22423,REGENCY CAKESTAND 3 TIER,2.0,2/4/11 10:38,12.75,12410
543180,84988,SET OF 72 PINK HEART PAPER DOILIES,12.0,2/4/11 10:38,1.45,12410
543180,21974,SET OF 36 PAISLEY FLOWER DOILIES,12.0,2/4/11 10:38,1.45,12410
543180,22957,SET 3 PAPER VINTAGE CHICK PAPER EGG,6.0,2/4/11 10:38,2.95,12410
543180,22967,SET 3 SONG BIRD PAPER EGGS ASSORTED,6.0,2/4/11 10:38,2.95,12410
543180,20749,ASSORTED COLOUR MINI CASES,4.0,2/4/11 10:38,7.95,12410
543180,20750,RED RETROSPOT MINI CASES,4.0,2/4/11 10:38,7.95,12410
543180,22242,5 HOOK HANGER MAGIC TOADSTOOL,12.0,2/4/11 10:38,1.65,12410
543180,22243,5 HOOK HANGER RED MAGIC TOADSTOOL,12.0,2/4/11 10:38,1.65,12410
543180,22914,BLUE COAT RACK PARIS FASHION,3.0,2/4/11 10:38,4.95,12410
543180,82552,WASHROOM METAL SIGN,12.0,2/4/11 10:38,1.45,12410
543180,22670,FRENCH WC SIGN BLUE METAL,12.0,2/4/11 10:38,1.25,12410
543180,21916,SET 12 RETRO WHITE CHALK STICKS,24.0,2/4/11 10:38,0.42,12410
543180,,POSTAGE,4.0,2/4/11 10:38,40.0,12410
543181,22191,IVORY DINER WALL CLOCK,2.0,2/4/11 10:39,8.5,12410
543181,22192,BLUE DINER WALL CLOCK,2.0,2/4/11 10:39,8.5,12410
543181,22193,RED DINER WALL CLOCK,2.0,2/4/11 10:39,8.5,12410
543181,22194,BLACK DINER WALL CLOCK,2.0,2/4/11 10:39,8.5,12410
,21218,RED SPOTTY BISCUIT TIN,-1.0,2/11/11 15:47,3.75,12410
,22626,BLACK KITCHEN SCALES,-1.0,2/11/11 15:47,8.5,12410
544931,21680,WOODLAND  STICKERS,12.0,2/24/11 18:59,0.85,13501
544931,22968,ROSE COTTAGE KEEPSAKE BOX,8.0,2/24/11 18:59,8.5,13501
544931,22061,LARGE CAKE STAND  HANGING STRAWBERY,2.0,2/24/11 18:59,9.95,13501
544931,37495,FAIRY CAKE BIRTHDAY CANDLE SET,4.0,2/24/11 18:59,3.75,13501
544931,,FAIRY CAKE DESIGN UMBRELLA,4.0,2/24/11 18:59,3.75,13501
544931,22891,TEA FOR ONE POLKADOT,3.0,2/24/11 18:59,4.25,13501
544931,22558,CLOTHES PEGS RETROSPOT PACK 24,12.0,2/24/11 18:59,1.49,13501
544931,84991,60 TEATIME FAIRY CAKE CASES,24.0,2/24/11 18:59,0.55,13501
544931,22057,CERAMIC PLATE STRAWBERRY DESIGN,12.0,2/24/11 18:59,1.49,13501
544931,37449,CERAMIC CAKE STAND + HANGING CAKES,2.0,2/24/11 18:59,9.95,13501
544931,37446,MINI CAKE STAND WITH HANGING CAKES,8.0,2/24/11 18:59,1.45,13501
544931,37448,CERAMIC CAKE DESIGN SPOTTED MUG,12.0,2/24/11 18:59,1.49,13501
544931,22851,SET 20 NAPKINS FAIRY CAKES DESIGN,12.0,2/24/11 18:59,0.85,13501
544931,22450,SILK PURSE BABUSHKA BLUE,6.0,2/24/11 18:59,3.35,13501
544931,22570,FELTCRAFT CUSHION RABBIT,4.0,2/24/11 18:59,3.75,13501
544931,21485,RETROSPOT HEART HOT WATER BOTTLE,4.0,2/24/11 18:59,4.95,13501
544931,22063,CERAMIC BOWL WITH STRAWBERRY DESIGN,6.0,2/24/11 18:59,2.95,13501
544931,37447,CERAMIC CAKE DESIGN SPOTTED PLATE,12.0,2/24/11 18:59,1.49,13501
544931,,TEA TIME OVEN GLOVE,10.0,2/24/11 18:59,1.25,13501
544931,84987,SET OF 36 TEATIME PAPER DOILIES,12.0,2/24/11 18:59,1.45,13501
544931,22804,CANDLEHOLDER PINK HANGING HEART,36.0,2/24/11 18:59,2.55,13501
544931,21733,RED HANGING HEART T-LIGHT HOLDER,36.0,2/24/11 18:59,2.55,13501
544931,,WHITE HANGING HEART T-LIGHT HOLDER,36.0,2/24/11 18:59,2.55,13501
544931,72741,GRAND CHOCOLATECANDLE,9.0,2/24/11 18:59,1.45,13501
544931,22808,SET OF 6 T-LIGHTS EASTER CHICKS,6.0,2/24/11 18:59,2.95,13501
544931,85175,CACTI T-LIGHT CANDLES,16.0,2/24/11 18:59,0.42,13501
544931,48111,DOORMAT 3 SMILEY CATS,2.0,2/24/11 18:59,7.95,13501
544931,48194,DOORMAT HEARTS,2.0,2/24/11 18:59,7.95,13501
544931,48116,DOORMAT MULTICOLOUR STRIPE,2.0,2/24/11 18:59,7.95,13501
544931,48129,DOORMAT TOPIARY,2.0,2/24/11 18:59,7.95,13501
544931,22822,CREAM WALL PLANTER HEART SHAPED,16.0,2/24/11 18:59,4.95,13501
544931,22430,ENAMEL WATERING CAN CREAM,4.0,2/24/11 18:59,4.95,13501
544931,22441,GROW YOUR OWN BASIL IN ENAMEL MUG,8.0,2/24/11 18:59,2.1,13501
544931,22852,DOG BOWL VINTAGE CREAM,4.0,2/24/11 18:59,4.25,13501
544931,22845,VINTAGE CREAM CAT FOOD CONTAINER,2.0,2/24/11 18:59,6.35,13501
544931,22844,VINTAGE CREAM DOG FOOD CONTAINER,2.0,2/24/11 18:59,8.5,13501
544931,22843,BISCUIT TIN VINTAGE GREEN,2.0,2/24/11 18:59,6.75,13501
544931,22842,BISCUIT TIN VINTAGE RED,2.0,2/24/11 18:59,6.75,13501
544931,22841,ROUND CAKE TIN VINTAGE GREEN,2.0,2/24/11 18:59,7.95,13501
544931,22840,ROUND CAKE TIN VINTAGE RED,2.0,2/24/11 18:59,7.95,13501
544931,22469,HEART OF WICKER SMALL,24.0,2/24/11 18:59,1.65,13501
544931,,YELLOW METAL CHICKEN HEART,12.0,2/24/11 18:59,1.49,13501
544931,22231,JIGSAW TREE WITH BIRDHOUSE,12.0,2/24/11 18:59,1.45,13501
544931,22445,PENCIL CASE LIFE IS BEAUTIFUL,12.0,2/24/11 18:59,2.95,13501
544931,21648,ASSORTED TUTTI FRUTTI SMALL PURSE,24.0,2/24/11 18:59,1.25,13501
544931,21643,ASSORTED TUTTI FRUTTI MIRROR,24.0,2/24/11 18:59,1.25,13501
544931,22139,RETROSPOT TEA SET CERAMIC 11 PC,24.0,2/24/11 18:59,4.25,13501
544931,22746,POPPY'S PLAYHOUSE LIVINGROOM,6.0,2/24/11 18:59,2.1,13501
544931,21329,DINOSAURS  WRITING SET,12.0,2/24/11 18:59,1.65,13501
544931,21328,BALLOONS  WRITING SET,24.0,2/24/11 18:59,1.65,13501
544931,10133,COLOURING PENCILS BROWN TUBE,10.0,2/24/11 18:59,0.85,13501
544931,20977,36 PENCILS TUBE WOODLAND,16.0,2/24/11 18:59,1.25,13501
545034,22858,EASTER TIN KEEPSAKE,60.0,2/25/11 16:42,1.65,13493
545034,22222,CAKE PLATE LOVEBIRD WHITE,3.0,2/25/11 16:42,4.95,13493
545034,22236,CAKE STAND 3 TIER MAGIC GARDEN,2.0,2/25/11 16:42,12.75,13493
545034,,POSTAGE,1.0,2/25/11 16:42,40.0,13493
545084,21829,DINOSAUR KEYRINGS ASSORTED,72.0,2/28/11 10:55,0.21,12458
545084,20726,LUNCH BAG WOODLAND,20.0,2/28/11 10:55,1.65,12458
545084,20728,LUNCH BAG CARS BLUE,30.0,2/28/11 10:55,1.65,12458
545084,22662,LUNCH BAG DOLLY GIRL DESIGN,10.0,2/28/11 10:55,1.65,12458
545084,22630,DOLLY GIRL LUNCH BOX,24.0,2/28/11 10:55,1.95,12458
545084,21441,BLUE BIRDHOUSE DECORATION,12.0,2/28/11 10:55,0.85,12458
545084,20819,SILVER TEDDY BEAR,4.0,2/28/11 10:55,3.75,12458
545084,22318,FIVE HEART HANGING DECORATION,6.0,2/28/11 10:55,2.95,12458
545084,22317,FIVE CATS HANGING DECORATION,6.0,2/28/11 10:55,2.95,12458
545084,20681,PINK POLKADOT CHILDRENS UMBRELLA,6.0,2/28/11 10:55,3.25,12458
545084,22326,ROUND SNACK BOXES SET OF4 WOODLAND,12.0,2/28/11 10:55,2.95,12458
545084,22329,ROUND CONTAINER SET OF 5 RETROSPOT,12.0,2/28/11 10:55,1.65,12458
545084,22261,FELT EGG COSY WHITE RABBIT,12.0,2/28/11 10:55,0.85,12458
545084,,CREAM FELT EASTER EGG BASKET,6.0,2/28/11 10:55,1.65,12458
545084,22321,BIRD DECORATION RED RETROSPOT,12.0,2/28/11 10:55,0.85,12458
545084,22322,BIRD DECORATION GREEN POLKADOT,12.0,2/28/11 10:55,0.85,12458
545084,22747,POPPY'S PLAYHOUSE BATHROOM,6.0,2/28/11 10:55,2.1,12458
545084,22745,POPPY'S PLAYHOUSE BEDROOM,6.0,2/28/11 10:55,2.1,12458
545084,,POSTAGE,2.0,2/28/11 10:55,40.0,12458
546134,22860,EASTER TIN CHICKS PINK DAISY,60.0,3/9/11 15:35,1.65,13493
546134,22858,EASTER TIN KEEPSAKE,108.0,3/9/11 15:35,1.45,13493
546134,22857,ASSORTED EASTER GIFT TAGS,144.0,3/9/11 15:35,0.72,13493
546134,,POSTAGE,2.0,3/9/11 15:35,40.0,13493
547815,22554,PLASTERS IN TIN WOODLAND ANIMALS,36.0,3/25/11 14:19,1.65,13520
547815,22326,ROUND SNACK BOXES SET OF4 WOODLAND,36.0,3/25/11 14:19,2.95,13520
547815,22556,PLASTERS IN TIN CIRCUS PARADE,36.0,3/25/11 14:19,1.65,13520
547815,22551,PLASTERS IN TIN SPACEBOY,24.0,3/25/11 14:19,1.65,13520
547815,22328,ROUND SNACK BOXES SET OF 4 FRUITS,18.0,3/25/11 14:19,2.95,13520
547815,20676,RED RETROSPOT BOWL,16.0,3/25/11 14:19,1.25,13520
547815,20675,BLUE POLKADOT BOWL,16.0,3/25/11 14:19,1.25,13520
547815,22716,CARD CIRCUS PARADE,12.0,3/25/11 14:19,0.42,13520
547815,22029,SPACEBOY BIRTHDAY CARD,12.0,3/25/11 14:19,0.42,13520
547815,,CHILDRENS CUTLERY POLKADOT GREEN,8.0,3/25/11 14:19,4.15,13520
547815,,CHILDRENS CUTLERY RETROSPOT RED,8.0,3/25/11 14:19,4.15,13520
547815,,CHILDRENS CUTLERY POLKADOT PINK,4.0,3/25/11 14:19,4.15,13520
547815,,POSTAGE,1.0,3/25/11 14:19,40.0,13520
548212,,DOORMAT BLACK FLOCK,2.0,3/30/11 9:12,7.95,12456
548212,20685,DOORMAT RED RETROSPOT,2.0,3/30/11 9:12,7.95,12456
548212,21668,RED STRIPE CERAMIC DRAWER KNOB,12.0,3/30/11 9:12,1.25,12456
548212,21669,BLUE STRIPE CERAMIC DRAWER KNOB,12.0,3/30/11 9:12,1.25,12456
548212,21672,WHITE SPOT RED CERAMIC DRAWER KNOB,12.0,3/30/11 9:12,1.25,12456
548212,22417,PACK OF 60 SPACEBOY CAKE CASES,24.0,3/30/11 9:12,0.55,12456
548212,84988,SET OF 72 PINK HEART PAPER DOILIES,12.0,3/30/11 9:12,1.45,12456
548212,21210,SET OF 72 RETROSPOT PAPER  DOILIES,12.0,3/30/11 9:12,1.45,12456
548212,22416,SET OF 36 DOILIES SPACEBOY DESIGN,12.0,3/30/11 9:12,1.45,12456
548212,,CHILDRENS CUTLERY POLKADOT GREEN,6.0,3/30/11 9:12,4.15,12456
548212,,CHILDRENS CUTLERY POLKADOT PINK,6.0,3/30/11 9:12,4.15,12456
548212,,CHILDRENS CUTLERY RETROSPOT RED,6.0,3/30/11 9:12,4.15,12456
548212,22423,REGENCY CAKESTAND 3 TIER,4.0,3/30/11 9:12,12.75,12456
548212,22961,JAM MAKING SET PRINTED,12.0,3/30/11 9:12,1.45,12456
548212,21932,SCANDINAVIAN PAISLEY PICNIC BAG,5.0,3/30/11 9:12,2.95,12456
548212,22418,10 COLOUR SPACEBOY PEN,24.0,3/30/11 9:12,0.85,12456
548212,22492,MINI PAINT SET VINTAGE,36.0,3/30/11 9:12,0.65,12456
548212,21918,SET 12 KIDS COLOUR  CHALK STICKS,24.0,3/30/11 9:12,0.42,12456
548212,22551,PLASTERS IN TIN SPACEBOY,12.0,3/30/11 9:12,1.65,12456
548212,22554,PLASTERS IN TIN WOODLAND ANIMALS,12.0,3/30/11 9:12,1.65,12456
548212,22613,PACK OF 20 SPACEBOY NAPKINS,12.0,3/30/11 9:12,0.85,12456
548212,22534,MAGIC DRAWING SLATE SPACEBOY,24.0,3/30/11 9:12,0.42,12456
548212,22045,SPACEBOY GIFT WRAP,25.0,3/30/11 9:12,0.42,12456
548212,22857,ASSORTED EASTER GIFT TAGS,12.0,3/30/11 9:12,0.85,12456
548212,21394,RED POLKADOT BEAKER,12.0,3/30/11 9:12,0.39,12456
548212,21395,BLUE POLKADOT BEAKER,12.0,3/30/11 9:12,0.39,12456
548212,23049,RECYCLED ACAPULCO MAT RED,4.0,3/30/11 9:12,8.25,12456
548212,23052,RECYCLED ACAPULCO MAT TURQUOISE,6.0,3/30/11 9:12,8.25,12456
548212,23050,RECYCLED ACAPULCO MAT GREEN,6.0,3/30/11 9:12,8.25,12456
548212,23053,RECYCLED ACAPULCO MAT PINK,2.0,3/30/11 9:12,8.25,12456
548212,23051,RECYCLED ACAPULCO MAT BLUE,4.0,3/30/11 9:12,8.25,12456
548212,23054,RECYCLED ACAPULCO MAT LAVENDER,4.0,3/30/11 9:12,8.25,12456
548212,22467,GUMBALL COAT RACK,6.0,3/30/11 9:12,2.55,12456
548212,22595,GINGHAM HEART DECORATION,12.0,3/30/11 9:12,0.85,12456
548212,84692,BOX OF 24 COCKTAIL PARASOLS,25.0,3/30/11 9:12,0.42,12456
548212,22426,ENAMEL WASH BOWL CREAM,4.0,3/30/11 9:12,3.75,12456
548212,21683,MEDIUM MEDINA STAMPED METAL BOWL,6.0,3/30/11 9:12,2.95,12456
548212,22698,PINK REGENCY TEACUP AND SAUCER,6.0,3/30/11 9:12,2.95,12456
548212,22699,ROSES REGENCY TEACUP AND SAUCER,6.0,3/30/11 9:12,2.95,12456
548212,22697,GREEN REGENCY TEACUP AND SAUCER,6.0,3/30/11 9:12,2.95,12456
548212,,POSTAGE,4.0,3/30/11 9:12,40.0,12456
,22968,ROSE COTTAGE KEEPSAKE BOX,-3.0,4/11/11 9:35,9.95,13501
550188,22551,PLASTERS IN TIN SPACEBOY,12.0,4/14/11 18:57,1.65,12457
550188,22554,PLASTERS IN TIN WOODLAND ANIMALS,12.0,4/14/11 18:57,1.65,12457
550188,22556,PLASTERS IN TIN CIRCUS PARADE,12.0,4/14/11 18:57,1.65,12457
550188,22555,PLASTERS IN TIN STRONGMAN,12.0,4/14/11 18:57,1.65,12457
550188,22623,BOX OF VINTAGE JIGSAW BLOCKS,3.0,4/14/11 18:57,4.95,12457
550188,22622,BOX OF VINTAGE ALPHABET BLOCKS,4.0,4/14/11 18:57,9.95,12457
550188,47566,PARTY BUNTING,8.0,4/14/11 18:57,4.95,12457
550188,21889,WOODEN BOX OF DOMINOES,12.0,4/14/11 18:57,1.25,12457
550188,,CAROUSEL DESIGN WASHBAG,6.0,4/14/11 18:57,1.95,12457
550188,22636,CHILDS BREAKFAST SET CIRCUS PARADE,8.0,4/14/11 18:57,7.65,12457
550188,21976,PACK OF 60 MUSHROOM CAKE CASES,24.0,4/14/11 18:57,0.55,12457
550188,,PINK/PURPLE RETRO RADIO,12.0,4/14/11 18:57,2.95,12457
550188,22629,SPACEBOY LUNCH BOX,12.0,4/14/11 18:57,1.95,12457
550188,22192,BLUE DINER WALL CLOCK,2.0,4/14/11 18:57,8.5,12457
550188,21888,BINGO SET,4.0,4/14/11 18:57,3.75,12457
550188,22243,5 HOOK HANGER RED MAGIC TOADSTOOL,12.0,4/14/11 18:57,1.65,12457
550188,22367,CHILDRENS APRON SPACEBOY DESIGN,16.0,4/14/11 18:57,1.95,12457
550188,22898,CHILDRENS APRON APPLES DESIGN,8.0,4/14/11 18:57,1.95,12457
550188,21156,RETROSPOT CHILDRENS APRON,8.0,4/14/11 18:57,1.95,12457
550188,23007,SPACEBOY BABY GIFT SET,3.0,4/14/11 18:57,16.95,12457
550188,23008,DOLLY GIRL BABY GIFT SET,3.0,4/14/11 18:57,16.95,12457
550188,,POSTAGE,3.0,4/14/11 18:57,40.0,12457
550188,22636,CHILDS BREAKFAST SET CIRCUS PARADE,1.0,4/14/11 18:57,0.0,12457
550281,,POSTAGE,1.0,4/15/11 13:48,40.0,12457
550281,23199,JUMBO BAG APPLES,100.0,4/15/11 13:48,1.79,12457
,22636,CHILDS BREAKFAST SET CIRCUS PARADE,-6.0,4/20/11 9:49,7.65,12457
550671,23199,JUMBO BAG APPLES,100.0,4/20/11 10:10,1.79,12457
,23199,JUMBO BAG APPLES,-100.0,4/20/11 10:10,1.79,12457
550899,22699,ROSES REGENCY TEACUP AND SAUCER,6.0,4/21/11 12:07,2.95,13505
550899,22697,GREEN REGENCY TEACUP AND SAUCER,6.0,4/21/11 12:07,2.95,13505
550899,22698,PINK REGENCY TEACUP AND SAUCER,6.0,4/21/11 12:07,2.95,13505
550899,22744,MAKE YOUR OWN MONSOON CARD KIT,6.0,4/21/11 12:07,2.95,13505
550899,22752,SET 7 BABUSHKA NESTING BOXES,2.0,4/21/11 12:07,8.5,13505
550899,21156,RETROSPOT CHILDRENS APRON,8.0,4/21/11 12:07,1.95,13505
550899,21715,GIRLS VINTAGE TIN SEASIDE BUCKET,8.0,4/21/11 12:07,2.55,13505
550899,22938,CUPCAKE LACE PAPER SET 6,12.0,4/21/11 12:07,1.95,13505
550899,22956,36 FOIL HEART CAKE CASES,6.0,4/21/11 12:07,2.1,13505
550899,22955,36 FOIL STAR CAKE CASES,6.0,4/21/11 12:07,2.1,13505
550899,21212,PACK OF 72 RETROSPOT CAKE CASES,24.0,4/21/11 12:07,0.55,13505
550899,22951,60 CAKE CASES DOLLY GIRL DESIGN,24.0,4/21/11 12:07,0.55,13505
550899,22417,PACK OF 60 SPACEBOY CAKE CASES,24.0,4/21/11 12:07,0.55,13505
550899,21976,PACK OF 60 MUSHROOM CAKE CASES,24.0,4/21/11 12:07,0.55,13505
550899,22949,36 DOILIES DOLLY GIRL,12.0,4/21/11 12:07,1.45,13505
550899,22423,REGENCY CAKESTAND 3 TIER,2.0,4/21/11 12:07,12.75,13505
550899,22960,JAM MAKING SET WITH JARS,6.0,4/21/11 12:07,4.25,13505
550899,21242,RED RETROSPOT PLATE,8.0,4/21/11 12:07,1.69,13505
550899,21244,BLUE POLKADOT PLATE,8.0,4/21/11 12:07,1.69,13505
550899,21245,GREEN POLKADOT PLATE,8.0,4/21/11 12:07,1.69,13505
550899,21238,RED RETROSPOT CUP,8.0,4/21/11 12:07,0.85,13505
550899,21240,BLUE POLKADOT CUP,8.0,4/21/11 12:07,0.85,13505
550899,21843,RED RETROSPOT CAKE STAND,3.0,4/21/11 12:07,10.95,13505
550899,22090,PAPER BUNTING RETROSPOT,6.0,4/21/11 12:07,2.95,13505
550899,22637,PIGGY BANK RETROSPOT,4.0,4/21/11 12:07,2.55,13505
550899,20750,RED RETROSPOT MINI CASES,2.0,4/21/11 12:07,7.95,13505
550899,22652,TRAVEL SEWING KIT,10.0,4/21/11 12:07,1.65,13505
550899,22077,6 RIBBONS RUSTIC CHARM,12.0,4/21/11 12:07,1.65,13505
550899,22082,RIBBON REEL STRIPES DESIGN,10.0,4/21/11 12:07,1.65,13505
550899,20719,WOODLAND CHARLOTTE BAG,10.0,4/21/11 12:07,0.85,13505
550899,22614,PACK OF 12 SPACEBOY TISSUES,24.0,4/21/11 12:07,0.29,13505
550899,21981,PACK OF 12 WOODLAND TISSUES,24.0,4/21/11 12:07,0.29,13505
550899,21980,PACK OF 12 RED RETROSPOT TISSUES,24.0,4/21/11 12:07,0.29,13505
550899,22585,PACK OF 6 BIRDY GIFT TAGS,12.0,4/21/11 12:07,1.25,13505
550899,22621,TRADITIONAL KNITTING NANCY,12.0,4/21/11 12:07,1.65,13505
550899,21716,BOYS VINTAGE TIN SEASIDE BUCKET,8.0,4/21/11 12:07,2.55,13505
550899,21746,SMALL RED RETROSPOT WINDMILL,12.0,4/21/11 12:07,1.25,13505
550899,22138,BAKING SET 9 PIECE RETROSPOT,3.0,4/21/11 12:07,4.95,13505
550899,22554,PLASTERS IN TIN WOODLAND ANIMALS,12.0,4/21/11 12:07,1.65,13505
550899,22557,PLASTERS IN TIN VINTAGE PAISLEY,12.0,4/21/11 12:07,1.65,13505
550899,,CHILDRENS CUTLERY POLKADOT GREEN,4.0,4/21/11 12:07,4.15,13505
550899,,CHILDRENS CUTLERY POLKADOT BLUE,4.0,4/21/11 12:07,4.15,13505
550899,,CHILDRENS CUTLERY RETROSPOT RED,4.0,4/21/11 12:07,4.15,13505
550899,20749,ASSORTED COLOUR MINI CASES,2.0,4/21/11 12:07,7.95,13505
550899,22556,PLASTERS IN TIN CIRCUS PARADE,12.0,4/21/11 12:07,1.65,13505
550899,22416,SET OF 36 DOILIES SPACEBOY DESIGN,12.0,4/21/11 12:07,1.45,13505
550899,23256,CHILDRENS CUTLERY SPACEBOY,4.0,4/21/11 12:07,4.15,13505
550899,22431,WATERING CAN BLUE ELEPHANT,6.0,4/21/11 12:07,1.95,13505
550899,,BLUE HAPPY BIRTHDAY BUNTING,3.0,4/21/11 12:07,5.45,13505
550899,,PINK HAPPY BIRTHDAY BUNTING,3.0,4/21/11 12:07,5.45,13505
550899,47566,PARTY BUNTING,4.0,4/21/11 12:07,4.95,13505
550899,,SET/3 DECOUPAGE STACKING TINS,3.0,4/21/11 12:07,4.95,13505
550899,22776,SWEETHEART CAKESTAND 3 TIER,2.0,4/21/11 12:07,9.95,13505
550899,,POSTAGE,4.0,4/21/11 12:07,40.0,13505
,22776,SWEETHEART CAKESTAND 3 TIER,-1.0,5/3/11 11:27,9.95,13505
,21843,RED RETROSPOT CAKE STAND,-3.0,5/3/11 11:27,10.95,13505
552013,,URBAN BLACK RIBBONS,12.0,5/5/11 17:34,1.25,12451
552013,21673,WHITE SPOT BLUE CERAMIC DRAWER KNOB,12.0,5/5/11 17:34,1.25,12451
552013,22090,PAPER BUNTING RETROSPOT,18.0,5/5/11 17:34,2.95,12451
552013,,BLUE HAPPY BIRTHDAY BUNTING,12.0,5/5/11 17:34,5.45,12451
552013,22669,RED BABY BUNTING,10.0,5/5/11 17:34,2.95,12451
552013,21249,WOODLAND  HEIGHT CHART STICKERS,12.0,5/5/11 17:34,2.95,12451
552013,21371,MIRRORED WALL ART POPPIES,12.0,5/5/11 17:34,2.55,12451
552013,22243,5 HOOK HANGER RED MAGIC TOADSTOOL,48.0,5/5/11 17:34,1.65,12451
552013,23147,SINGLE ANTIQUE ROSE HOOK IVORY,12.0,5/5/11 17:34,1.45,12451
552013,23148,MINIATURE ANTIQUE ROSE HOOK IVORY,12.0,5/5/11 17:34,0.83,12451
552013,21937,STRAWBERRY   PICNIC BAG,5.0,5/5/11 17:34,2.95,12451
552013,21936,RED RETROSPOT PICNIC BAG,15.0,5/5/11 17:34,2.95,12451
552013,21084,SET/6 COLLAGE PAPER CUPS,24.0,5/5/11 17:34,0.19,12451
552013,21086,SET/6 RED SPOTTY PAPER CUPS,24.0,5/5/11 17:34,0.65,12451
552013,21090,SET/6 COLLAGE PAPER PLATES,24.0,5/5/11 17:34,0.39,12451
552013,21094,SET/6 RED SPOTTY PAPER PLATES,24.0,5/5/11 17:34,0.85,12451
552013,22845,VINTAGE CREAM CAT FOOD CONTAINER,2.0,5/5/11 17:34,6.35,12451
552013,21731,RED TOADSTOOL LED NIGHT LIGHT,12.0,5/5/11 17:34,1.65,12451
552013,22399,MAGNETS PACK OF 4 CHILDHOOD MEMORY,12.0,5/5/11 17:34,1.25,12451
552013,22396,MAGNETS PACK OF 4 RETRO PHOTO,12.0,5/5/11 17:34,1.25,12451
552013,22400,MAGNETS PACK OF 4 HOME SWEET HOME,12.0,5/5/11 17:34,1.25,12451
552013,22915,ASSORTED BOTTLE TOP  MAGNETS,24.0,5/5/11 17:34,0.42,12451
552013,22434,BALLOON PUMP WITH 10 BALLOONS,24.0,5/5/11 17:34,1.95,12451
552013,22437,SET OF 9 BLACK SKULL BALLOONS,20.0,5/5/11 17:34,0.85,12451
552013,22435,SET OF 9 HEART SHAPED BALLOONS,12.0,5/5/11 17:34,1.25,12451
552013,22436,12 COLOURED PARTY BALLOONS,60.0,5/5/11 17:34,0.65,12451
552013,22440,BALLOON WATER BOMB PACK OF 35,60.0,5/5/11 17:34,0.42,12451
552013,21829,DINOSAUR KEYRINGS ASSORTED,36.0,5/5/11 17:34,0.21,12451
552013,21679,SKULLS  STICKERS,12.0,5/5/11 17:34,0.85,12451
552013,21675,BUTTERFLIES STICKERS,12.0,5/5/11 17:34,0.85,12451
552013,21680,WOODLAND  STICKERS,48.0,5/5/11 17:34,0.85,12451
552013,21498,RED RETROSPOT WRAP,25.0,5/5/11 17:34,0.42,12451
552013,22045,SPACEBOY GIFT WRAP,25.0,5/5/11 17:34,0.42,12451
552013,20725,LUNCH BAG RED RETROSPOT,20.0,5/5/11 17:34,1.65,12451
552013,20728,LUNCH BAG CARS BLUE,20.0,5/5/11 17:34,1.65,12451
552013,20726,LUNCH BAG WOODLAND,20.0,5/5/11 17:34,1.65,12451
552013,22382,LUNCH BAG SPACEBOY DESIGN,30.0,5/5/11 17:34,1.65,12451
552013,20727,LUNCH BAG  BLACK SKULL.,10.0,5/5/11 17:34,1.65,12451
552013,22629,SPACEBOY LUNCH BOX,24.0,5/5/11 17:34,1.95,12451
552013,20712,JUMBO BAG WOODLAND ANIMALS,10.0,5/5/11 17:34,2.08,12451
552013,20711,JUMBO BAG TOYS,10.0,5/5/11 17:34,2.08,12451
552013,21931,JUMBO STORAGE BAG SUKI,10.0,5/5/11 17:34,2.08,12451
552013,22385,JUMBO BAG SPACEBOY DESIGN,20.0,5/5/11 17:34,2.08,12451
552013,,JUMBO  BAG BAROQUE BLACK WHITE,10.0,5/5/11 17:34,2.08,12451
552013,20718,RED RETROSPOT SHOPPER BAG,30.0,5/5/11 17:34,1.25,12451
552013,20717,STRAWBERRY SHOPPER BAG,10.0,5/5/11 17:34,1.25,12451
552013,20719,WOODLAND CHARLOTTE BAG,30.0,5/5/11 17:34,0.85,12451
552013,20724,RED RETROSPOT CHARLOTTE BAG,30.0,5/5/11 17:34,0.85,12451
552013,22898,CHILDRENS APRON APPLES DESIGN,8.0,5/5/11 17:34,1.95,12451
552013,22367,CHILDRENS APRON SPACEBOY DESIGN,8.0,5/5/11 17:34,1.95,12451
552013,21156,RETROSPOT CHILDRENS APRON,8.0,5/5/11 17:34,1.95,12451
552013,22326,ROUND SNACK BOXES SET OF4 WOODLAND,18.0,5/5/11 17:34,2.95,12451
552013,21394,RED POLKADOT BEAKER,48.0,5/5/11 17:34,0.39,12451
552013,21395,BLUE POLKADOT BEAKER,48.0,5/5/11 17:34,0.39,12451
552013,22634,CHILDS BREAKFAST SET SPACEBOY,4.0,5/5/11 17:34,9.95,12451
552013,22416,SET OF 36 DOILIES SPACEBOY DESIGN,12.0,5/5/11 17:34,1.45,12451
552013,21213,PACK OF 72 SKULL CAKE CASES,24.0,5/5/11 17:34,0.55,12451
552013,21976,PACK OF 60 MUSHROOM CAKE CASES,48.0,5/5/11 17:34,0.55,12451
552013,22417,PACK OF 60 SPACEBOY CAKE CASES,48.0,5/5/11 17:34,0.55,12451
552013,22617,BAKING SET SPACEBOY DESIGN,3.0,5/5/11 17:34,4.95,12451
552013,22851,SET 20 NAPKINS FAIRY CAKES DESIGN,24.0,5/5/11 17:34,0.85,12451
552013,22613,PACK OF 20 SPACEBOY NAPKINS,36.0,5/5/11 17:34,0.85,12451
552013,21080,SET/20 RED RETROSPOT PAPER NAPKINS,36.0,5/5/11 17:34,0.85,12451
552013,22908,PACK OF 20 NAPKINS RED APPLES,36.0,5/5/11 17:34,0.85,12451
552013,21078,SET/20 STRAWBERRY PAPER NAPKINS,12.0,5/5/11 17:34,0.85,12451
552013,23256,CHILDRENS CUTLERY SPACEBOY,4.0,5/5/11 17:34,4.15,12451
552013,23255,CHILDRENS CUTLERY CIRCUS PARADE,4.0,5/5/11 17:34,4.15,12451
552013,23075,PARLOUR CERAMIC WALL HOOK,8.0,5/5/11 17:34,4.15,12451
552013,23199,JUMBO BAG APPLES,10.0,5/5/11 17:34,2.08,12451
552013,23254,CHILDRENS CUTLERY DOLLY GIRL,8.0,5/5/11 17:34,4.15,12451
552013,23201,JUMBO BAG ALPHABET,10.0,5/5/11 17:34,2.08,12451
552013,23206,LUNCH BAG APPLE DESIGN,20.0,5/5/11 17:34,1.65,12451
552013,23204,CHARLOTTE BAG APPLES DESIGN,20.0,5/5/11 17:34,0.85,12451
552013,23207,LUNCH BAG ALPHABET DESIGN,10.0,5/5/11 17:34,1.65,12451
552013,23205,CHARLOTTE BAG VINTAGE ALPHABET,10.0,5/5/11 17:34,0.85,12451
552013,23208,LUNCH BAG VINTAGE LEAF DESIGN,10.0,5/5/11 17:34,1.65,12451
552013,47566,PARTY BUNTING,12.0,5/5/11 17:34,4.95,12451
552013,21212,PACK OF 72 RETROSPOT CAKE CASES,48.0,5/5/11 17:34,0.55,12451
552013,,JUMBO BAG RED RETROSPOT,40.0,5/5/11 17:34,2.08,12451
552013,20682,RED RETROSPOT CHILDRENS UMBRELLA,18.0,5/5/11 17:34,3.25,12451
552013,21578,WOODLAND DESIGN  COTTON TOTE BAG,12.0,5/5/11 17:34,2.25,12451
552013,23007,SPACEBOY BABY GIFT SET,3.0,5/5/11 17:34,16.95,12451
552013,23010,CIRCUS PARADE BABY GIFT SET,1.0,5/5/11 17:34,16.95,12451
552013,,PACK 3 IRON ON DOG PATCHES,12.0,5/5/11 17:34,1.25,12451
552013,22650,CERAMIC PIRATE CHEST MONEY BANK,12.0,5/5/11 17:34,1.45,12451
552013,23194,GYMKHANA TREASURE BOOK BOX,8.0,5/5/11 17:34,2.25,12451
552013,22551,PLASTERS IN TIN SPACEBOY,12.0,5/5/11 17:34,1.65,12451
552013,22554,PLASTERS IN TIN WOODLAND ANIMALS,24.0,5/5/11 17:34,1.65,12451
552013,22431,WATERING CAN BLUE ELEPHANT,12.0,5/5/11 17:34,1.95,12451
552013,22432,WATERING CAN PINK BUNNY,12.0,5/5/11 17:34,1.95,12451
552013,22433,WATERING CAN GREEN DINOSAUR,6.0,5/5/11 17:34,1.95,12451
552013,,BRIGHT BLUES RIBBONS,12.0,5/5/11 17:34,1.25,12451
552013,22074,6 RIBBONS SHIMMERING PINKS,12.0,5/5/11 17:34,1.65,12451
552013,,SCANDINAVIAN REDS RIBBONS,12.0,5/5/11 17:34,1.25,12451
552329,22431,WATERING CAN BLUE ELEPHANT,6.0,5/9/11 10:06,1.95,13492
552329,22433,WATERING CAN GREEN DINOSAUR,6.0,5/9/11 10:06,1.95,13492
552329,22432,WATERING CAN PINK BUNNY,6.0,5/9/11 10:06,1.95,13492
552329,23284,DOORMAT KEEP CALM AND COME IN,10.0,5/9/11 10:06,6.75,13492
552329,48185,DOORMAT FAIRY CAKE,4.0,5/9/11 10:06,7.95,13492
552329,48187,DOORMAT NEW ENGLAND,4.0,5/9/11 10:06,7.95,13492
552329,48194,DOORMAT HEARTS,2.0,5/9/11 10:06,7.95,13492
552329,23209,LUNCH BAG DOILEY PATTERN,10.0,5/9/11 10:06,1.65,13492
552329,23207,LUNCH BAG ALPHABET DESIGN,10.0,5/9/11 10:06,1.65,13492
552329,23208,LUNCH BAG VINTAGE LEAF DESIGN,10.0,5/9/11 10:06,1.65,13492
552329,23206,LUNCH BAG APPLE DESIGN,10.0,5/9/11 10:06,1.65,13492
552329,20725,LUNCH BAG RED RETROSPOT,10.0,5/9/11 10:06,1.65,13492
552329,22384,LUNCH BAG PINK POLKADOT,10.0,5/9/11 10:06,1.65,13492
552329,20726,LUNCH BAG WOODLAND,10.0,5/9/11 10:06,1.65,13492
552329,22666,RECIPE BOX PANTRY YELLOW DESIGN,6.0,5/9/11 10:06,2.95,13492
555147,21578,WOODLAND DESIGN  COTTON TOTE BAG,6.0,5/31/11 15:41,2.25,13505
555147,22331,WOODLAND PARTY BAG + STICKER SET,8.0,5/31/11 15:41,1.65,13505
555147,21643,ASSORTED TUTTI FRUTTI MIRROR,12.0,5/31/11 15:41,1.25,13505
555147,17003,BROCADE RING PURSE,36.0,5/31/11 15:41,0.29,13505
555147,20856,DENIM PATCH PURSE PINK BUTTERFLY,10.0,5/31/11 15:41,1.65,13505
555147,22423,REGENCY CAKESTAND 3 TIER,3.0,5/31/11 15:41,12.75,13505
555147,22697,GREEN REGENCY TEACUP AND SAUCER,6.0,5/31/11 15:41,2.95,13505
555147,21126,SET OF 6 GIRLS CELEBRATION CANDLES,12.0,5/31/11 15:41,1.25,13505
555147,,BLUE POLKADOT GARDEN PARASOL,2.0,5/31/11 15:41,7.95,13505
555147,,CHOCOLATE BOX RIBBONS,12.0,5/31/11 15:41,1.25,13505
555147,20674,GREEN POLKADOT BOWL,8.0,5/31/11 15:41,1.25,13505
555147,20675,BLUE POLKADOT BOWL,8.0,5/31/11 15:41,1.25,13505
555147,20676,RED RETROSPOT BOWL,8.0,5/31/11 15:41,1.25,13505
555147,21843,RED RETROSPOT CAKE STAND,3.0,5/31/11 15:41,10.95,13505
555147,,BLUE & WHITE BREAKFAST TRAY,4.0,5/31/11 15:41,2.95,13505
555147,23174,REGENCY SUGAR BOWL GREEN,6.0,5/31/11 15:41,4.15,13505
555147,23298,SPOTTY BUNTING,6.0,5/31/11 15:41,4.95,13505
555147,23100,SILVER BELLS TABLE DECORATION,12.0,5/31/11 15:41,1.25,13505
555147,23103,JINGLE BELL HEART DECORATION,24.0,5/31/11 15:41,1.65,13505
555147,23102,SILVER HEARTS TABLE DECORATION,12.0,5/31/11 15:41,0.83,13505
555147,23109,LED TEA LIGHTS,6.0,5/31/11 15:41,2.89,13505
555147,23170,REGENCY TEA PLATE ROSES,12.0,5/31/11 15:41,1.65,13505
555147,23172,REGENCY TEA PLATE PINK,12.0,5/31/11 15:41,1.65,13505
555147,23175,REGENCY MILK JUG PINK,4.0,5/31/11 15:41,3.25,13505
555147,23171,REGENCY TEA PLATE GREEN,12.0,5/31/11 15:41,1.65,13505
555147,22699,ROSES REGENCY TEACUP AND SAUCER,6.0,5/31/11 15:41,2.95,13505
555147,22698,PINK REGENCY TEACUP AND SAUCER,6.0,5/31/11 15:41,2.95,13505
555147,21249,WOODLAND  HEIGHT CHART STICKERS,12.0,5/31/11 15:41,2.95,13505
555147,,SCANDINAVIAN REDS RIBBONS,12.0,5/31/11 15:41,1.25,13505
555147,22669,RED BABY BUNTING,5.0,5/31/11 15:41,2.95,13505
555147,22668,PINK BABY BUNTING,5.0,5/31/11 15:41,2.95,13505
555147,22317,FIVE CATS HANGING DECORATION,6.0,5/31/11 15:41,2.95,13505
555147,22468,BABUSHKA LIGHTS STRING OF 10,2.0,5/31/11 15:41,6.75,13505
555147,21328,BALLOONS  WRITING SET,12.0,5/31/11 15:41,1.65,13505
555147,21329,DINOSAURS  WRITING SET,12.0,5/31/11 15:41,1.65,13505
555147,23089,GLASS BON BON JAR,12.0,5/31/11 15:41,1.65,13505
555147,21314,SMALL GLASS HEART TRINKET POT,8.0,5/31/11 15:41,2.1,13505
555147,,SILVER JEWELLED MIRROR TRINKET TRAY,2.0,5/31/11 15:41,9.95,13505
555147,,SILVER OVAL SHAPE TRINKET BOX,2.0,5/31/11 15:41,9.95,13505
555147,,PINK OVAL SHAPE TRINKET BOX,2.0,5/31/11 15:41,9.95,13505
555147,23101,SILVER STARS TABLE DECORATION,12.0,5/31/11 15:41,0.83,13505
555147,,POSTAGE,4.0,5/31/11 15:41,40.0,13505
555943,22326,ROUND SNACK BOXES SET OF4 WOODLAND,48.0,6/8/11 10:15,2.55,13520
555943,22554,PLASTERS IN TIN WOODLAND ANIMALS,24.0,6/8/11 10:15,1.65,13520
555943,22328,ROUND SNACK BOXES SET OF 4 FRUITS,36.0,6/8/11 10:15,2.95,13520
555943,23298,SPOTTY BUNTING,6.0,6/8/11 10:15,4.95,13520
555943,23199,JUMBO BAG APPLES,10.0,6/8/11 10:15,2.08,13520
555943,23204,CHARLOTTE BAG APPLES DESIGN,20.0,6/8/11 10:15,0.85,13520
555943,20682,RED RETROSPOT CHILDRENS UMBRELLA,6.0,6/8/11 10:15,3.25,13520
555943,22029,SPACEBOY BIRTHDAY CARD,12.0,6/8/11 10:15,0.42,13520
555943,22551,PLASTERS IN TIN SPACEBOY,12.0,6/8/11 10:15,1.65,13520
555943,23256,CHILDRENS CUTLERY SPACEBOY,8.0,6/8/11 10:15,4.15,13520
555943,22716,CARD CIRCUS PARADE,12.0,6/8/11 10:15,0.42,13520
555943,22555,PLASTERS IN TIN STRONGMAN,12.0,6/8/11 10:15,1.65,13520
555943,22556,PLASTERS IN TIN CIRCUS PARADE,12.0,6/8/11 10:15,1.65,13520
555943,21914,BLUE HARMONICA IN BOX,12.0,6/8/11 10:15,1.25,13520
555943,22243,5 HOOK HANGER RED MAGIC TOADSTOOL,12.0,6/8/11 10:15,1.65,13520
555943,,POSTAGE,3.0,6/8/11 10:15,40.0,13520
556415,84755,COLOUR GLASS T-LIGHT HOLDER HANGING,96.0,6/10/11 12:19,0.65,12409
556415,71053,WHITE METAL LANTERN,12.0,6/10/11 12:19,3.75,12409
556415,22784,LANTERN CREAM GAZEBO,12.0,6/10/11 12:19,4.25,12409
556415,21907,I'M ON HOLIDAY METAL SIGN,48.0,6/10/11 12:19,1.85,12409
556415,21169,YOU'RE CONFUSING ME METAL SIGN,48.0,6/10/11 12:19,1.45,12409
556415,21770,OPEN CLOSED METAL SIGN,36.0,6/10/11 12:19,4.25,12409
556415,22192,BLUE DINER WALL CLOCK,12.0,6/10/11 12:19,7.65,12409
556415,22427,ENAMEL FLOWER JUG CREAM,12.0,6/10/11 12:19,5.45,12409
556415,22417,PACK OF 60 SPACEBOY CAKE CASES,120.0,6/10/11 12:19,0.42,12409
556415,22697,GREEN REGENCY TEACUP AND SAUCER,24.0,6/10/11 12:19,2.55,12409
556415,22699,ROSES REGENCY TEACUP AND SAUCER,24.0,6/10/11 12:19,2.55,12409
556415,23171,REGENCY TEA PLATE GREEN,48.0,6/10/11 12:19,1.45,12409
556415,23170,REGENCY TEA PLATE ROSES,48.0,6/10/11 12:19,1.45,12409
556415,22423,REGENCY CAKESTAND 3 TIER,12.0,6/10/11 12:19,12.75,12409
556415,22960,JAM MAKING SET WITH JARS,12.0,6/10/11 12:19,3.75,12409
556415,23298,SPOTTY BUNTING,50.0,6/10/11 12:19,4.15,12409
556415,22637,PIGGY BANK RETROSPOT,48.0,6/10/11 12:19,2.1,12409
556415,20724,RED RETROSPOT CHARLOTTE BAG,100.0,6/10/11 12:19,0.72,12409
556415,,JUMBO BAG RED RETROSPOT,50.0,6/10/11 12:19,2.08,12409
556415,,JUMBO  BAG BAROQUE BLACK WHITE,100.0,6/10/11 12:19,1.79,12409
556415,20717,STRAWBERRY SHOPPER BAG,100.0,6/10/11 12:19,1.06,12409
556415,,WRAP ENGLISH ROSE,100.0,6/10/11 12:19,0.42,12409
556415,22045,SPACEBOY GIFT WRAP,100.0,6/10/11 12:19,0.42,12409
556415,22434,BALLOON PUMP WITH 10 BALLOONS,72.0,6/10/11 12:19,1.95,12409
556415,22440,BALLOON WATER BOMB PACK OF 35,100.0,6/10/11 12:19,0.42,12409
556415,22549,PICTURE DOMINOES,24.0,6/10/11 12:19,1.45,12409
556415,22139,RETROSPOT TEA SET CERAMIC 11 PC,24.0,6/10/11 12:19,4.25,12409
556415,22138,BAKING SET 9 PIECE RETROSPOT,24.0,6/10/11 12:19,4.25,12409
556415,22553,PLASTERS IN TIN SKULLS,96.0,6/10/11 12:19,1.45,12409
556415,22634,CHILDS BREAKFAST SET SPACEBOY,8.0,6/10/11 12:19,8.5,12409
556415,23049,RECYCLED ACAPULCO MAT RED,6.0,6/10/11 12:19,8.25,12409
556415,23050,RECYCLED ACAPULCO MAT GREEN,6.0,6/10/11 12:19,8.25,12409
556415,23051,RECYCLED ACAPULCO MAT BLUE,6.0,6/10/11 12:19,8.25,12409
556415,23052,RECYCLED ACAPULCO MAT TURQUOISE,6.0,6/10/11 12:19,8.25,12409
556415,23254,CHILDRENS CUTLERY DOLLY GIRL,36.0,6/10/11 12:19,4.15,12409
556415,23008,DOLLY GIRL BABY GIFT SET,6.0,6/10/11 12:19,14.95,12409
556415,20676,RED RETROSPOT BOWL,24.0,6/10/11 12:19,1.25,12409
556415,20677,PINK POLKADOT BOWL,24.0,6/10/11 12:19,1.25,12409
556415,20675,BLUE POLKADOT BOWL,24.0,6/10/11 12:19,1.25,12409
556415,20674,GREEN POLKADOT BOWL,24.0,6/10/11 12:19,1.25,12409
556415,23255,CHILDRENS CUTLERY CIRCUS PARADE,36.0,6/10/11 12:19,4.15,12409
556415,23256,CHILDRENS CUTLERY SPACEBOY,72.0,6/10/11 12:19,3.75,12409
556415,23007,SPACEBOY BABY GIFT SET,6.0,6/10/11 12:19,14.95,12409
556415,23253,16 PIECE CUTLERY SET PANTRY DESIGN,24.0,6/10/11 12:19,12.5,12409
556415,21124,SET/10 BLUE POLKADOT PARTY CANDLES,48.0,6/10/11 12:19,1.25,12409
556415,21121,SET/10 RED POLKADOT PARTY CANDLES,96.0,6/10/11 12:19,1.25,12409
556415,20685,DOORMAT RED RETROSPOT,20.0,6/10/11 12:19,6.75,12409
556415,20719,WOODLAND CHARLOTTE BAG,100.0,6/10/11 12:19,0.72,12409
556415,21164,HOME SWEET HOME METAL SIGN,72.0,6/10/11 12:19,2.55,12409
556415,22413,METAL SIGN TAKE IT OR LEAVE IT,48.0,6/10/11 12:19,2.55,12409
556415,22674,FRENCH TOILET SIGN BLUE METAL,96.0,6/10/11 12:19,1.06,12409
556415,21976,PACK OF 60 MUSHROOM CAKE CASES,120.0,6/10/11 12:19,0.42,12409
556415,47566,PARTY BUNTING,50.0,6/10/11 12:19,4.15,12409
556415,22551,PLASTERS IN TIN SPACEBOY,96.0,6/10/11 12:19,1.45,12409
556415,22554,PLASTERS IN TIN WOODLAND ANIMALS,96.0,6/10/11 12:19,1.45,12409
556415,21212,PACK OF 72 RETROSPOT CAKE CASES,120.0,6/10/11 12:19,0.42,12409
556415,22558,CLOTHES PEGS RETROSPOT PACK 24,96.0,6/10/11 12:19,1.45,12409
556415,23079,TOADSTOOL BEDSIDE LIGHT,24.0,6/10/11 12:19,8.25,12409
556415,23108,SET OF 10 LED DOLLY LIGHTS,24.0,6/10/11 12:19,5.39,12409
556415,23112,PARISIENNE CURIO CABINET,12.0,6/10/11 12:19,6.65,12409
556415,23166,MEDIUM CERAMIC TOP STORAGE JAR,48.0,6/10/11 12:19,1.04,12409
556415,23167,SMALL CERAMIC TOP STORAGE JAR,48.0,6/10/11 12:19,0.83,12409
556415,23165,LARGE CERAMIC TOP STORAGE JAR,48.0,6/10/11 12:19,1.45,12409
556415,48184,DOORMAT ENGLISH ROSE,20.0,6/10/11 12:19,6.75,12409
,23089,GLASS BON BON JAR,-2.0,6/13/11 15:25,1.65,13505
,22699,ROSES REGENCY TEACUP AND SAUCER,-1.0,6/13/11 15:25,2.95,13505
,22697,GREEN REGENCY TEACUP AND SAUCER,-1.0,6/13/11 15:25,2.95,13505
,22423,REGENCY CAKESTAND 3 TIER,-1.0,6/13/11 15:25,12.75,13505
558041,21481,FAWN BLUE HOT WATER BOTTLE,6.0,6/24/11 13:20,2.95,12422
558041,22273,FELTCRAFT DOLL MOLLY,6.0,6/24/11 13:20,2.95,12422
558041,22274,FELTCRAFT DOLL EMILY,6.0,6/24/11 13:20,2.95,12422
558041,22749,FELTCRAFT PRINCESS CHARLOTTE DOLL,4.0,6/24/11 13:20,3.75,12422
558041,22271,FELTCRAFT DOLL ROSIE,6.0,6/24/11 13:20,2.95,12422
558041,22147,FELTCRAFT BUTTERFLY HEARTS,12.0,6/24/11 13:20,1.45,12422
558041,22962,JAM JAR WITH PINK LID,12.0,6/24/11 13:20,0.85,12422
558041,22961,JAM MAKING SET PRINTED,12.0,6/24/11 13:20,1.45,12422
558041,22960,JAM MAKING SET WITH JARS,6.0,6/24/11 13:20,4.25,12422
558041,21693,SMALL HAMMERED SILVER CANDLEPOT,12.0,6/24/11 13:20,2.95,12422
558041,21694,SMALL REGAL  SILVER CANDLEPOT,6.0,6/24/11 13:20,2.95,12422
558041,22469,HEART OF WICKER SMALL,12.0,6/24/11 13:20,1.65,12422
558041,23321,SMALL WHITE HEART OF WICKER,12.0,6/24/11 13:20,1.65,12422
558041,21391,FRENCH LAVENDER SCENT HEART,24.0,6/24/11 13:20,0.75,12422
558041,,ENAMEL PINK COFFEE CONTAINER,12.0,6/24/11 13:20,0.83,12422
558041,21723,ALPHABET HEARTS STICKER SHEET,12.0,6/24/11 13:20,0.85,12422
558041,21944,KITTENS DESIGN FLANNEL,12.0,6/24/11 13:20,0.85,12422
558041,,POSTAGE,3.0,6/24/11 13:20,40.0,12422
558089,22699,ROSES REGENCY TEACUP AND SAUCER,18.0,6/26/11 12:36,2.95,13505
558089,23164,REGENCY CAKE SLICE,4.0,6/26/11 12:36,4.95,13505
558089,23163,REGENCY SUGAR TONGS,8.0,6/26/11 12:36,2.49,13505
558089,23161,REGENCY CAKE FORK,24.0,6/26/11 12:36,1.25,13505
558089,22423,REGENCY CAKESTAND 3 TIER,7.0,6/26/11 12:36,12.75,13505
558089,23245,SET OF 3 REGENCY CAKE TINS,4.0,6/26/11 12:36,4.95,13505
558089,21498,RED RETROSPOT WRAP,50.0,6/26/11 12:36,0.42,13505
558089,,WRAP SUKI AND FRIENDS,50.0,6/26/11 12:36,0.42,13505
558089,21499,BLUE POLKADOT WRAP,25.0,6/26/11 12:36,0.42,13505
558089,21500,PINK POLKADOT WRAP,25.0,6/26/11 12:36,0.42,13505
558089,22046,TEA PARTY  WRAPPING PAPER,25.0,6/26/11 12:36,0.42,13505
558089,22045,SPACEBOY GIFT WRAP,25.0,6/26/11 12:36,0.42,13505
558089,22743,MAKE YOUR OWN FLOWERPOWER CARD KIT,6.0,6/26/11 12:36,2.95,13505
558089,23031,DRAWER KNOB CRACKLE GLAZE PINK,12.0,6/26/11 12:36,1.65,13505
558089,23298,SPOTTY BUNTING,6.0,6/26/11 12:36,4.95,13505
558089,21243,PINK  POLKADOT PLATE,8.0,6/26/11 12:36,1.69,13505
558089,21244,BLUE POLKADOT PLATE,8.0,6/26/11 12:36,1.69,13505
558089,21245,GREEN POLKADOT PLATE,8.0,6/26/11 12:36,1.69,13505
558089,21239,PINK  POLKADOT CUP,16.0,6/26/11 12:36,0.85,13505
558089,20677,PINK POLKADOT BOWL,8.0,6/26/11 12:36,1.25,13505
558089,20719,WOODLAND CHARLOTTE BAG,10.0,6/26/11 12:36,0.85,13505
558089,22324,BLUE POLKADOT KIDS BAG,12.0,6/26/11 12:36,1.95,13505
558089,22661,CHARLOTTE BAG DOLLY GIRL DESIGN,10.0,6/26/11 12:36,0.85,13505
558089,23028,DRAWER KNOB CRACKLE GLAZE BLUE,12.0,6/26/11 12:36,1.65,13505
558089,23029,DRAWER KNOB CRACKLE GLAZE GREEN,12.0,6/26/11 12:36,1.65,13505
558089,23032,DRAWER KNOB CRACKLE GLAZE IVORY,12.0,6/26/11 12:36,1.65,13505
558089,,POSTAGE,3.0,6/26/11 12:36,40.0,13505
558639,22476,EMPIRE UNION JACK TV DINNER TRAY,4.0,7/1/11 8:55,4.95,13492
558639,22357,KINGS CHOICE BISCUIT TIN,8.0,7/1/11 8:55,4.25,13492
558639,20685,DOORMAT RED RETROSPOT,2.0,7/1/11 8:55,7.95,13492
558639,22366,DOORMAT AIRMAIL,4.0,7/1/11 8:55,7.95,13492
558639,21524,DOORMAT SPOTTY HOME SWEET HOME,4.0,7/1/11 8:55,7.95,13492
558639,21936,RED RETROSPOT PICNIC BAG,10.0,7/1/11 8:55,2.95,13492
558639,22383,LUNCH BAG SUKI DESIGN,10.0,7/1/11 8:55,1.65,13492
558639,23209,LUNCH BAG DOILEY PATTERN,20.0,7/1/11 8:55,1.65,13492
558639,23208,LUNCH BAG VINTAGE LEAF DESIGN,20.0,7/1/11 8:55,1.65,13492
558639,23207,LUNCH BAG ALPHABET DESIGN,20.0,7/1/11 8:55,1.65,13492
558639,23206,LUNCH BAG APPLE DESIGN,10.0,7/1/11 8:55,1.65,13492
558639,20726,LUNCH BAG WOODLAND,20.0,7/1/11 8:55,1.65,13492
558639,20725,LUNCH BAG RED RETROSPOT,20.0,7/1/11 8:55,1.65,13492
559372,84879,ASSORTED COLOUR BIRD ORNAMENT,8.0,7/8/11 10:23,1.69,12461
559372,22494,EMERGENCY FIRST AID TIN,12.0,7/8/11 10:23,1.25,12461
559372,21906,PHARMACIE FIRST AID TIN,2.0,7/8/11 10:23,6.75,12461
559372,22831,WHITE BROCANTE SOAP DISH,6.0,7/8/11 10:23,2.95,12461
559372,22128,PARTY CONES CANDY ASSORTED,12.0,7/8/11 10:23,1.25,12461
559372,22129,PARTY CONES CANDY TREE DECORATION,12.0,7/8/11 10:23,0.85,12461
559372,22617,BAKING SET SPACEBOY DESIGN,3.0,7/8/11 10:23,4.95,12461
559372,22551,PLASTERS IN TIN SPACEBOY,12.0,7/8/11 10:23,1.65,12461
559372,21650,ASSORTED TUTTI FRUTTI BRACELET,24.0,7/8/11 10:23,0.19,12461
559372,22271,FELTCRAFT DOLL ROSIE,6.0,7/8/11 10:23,2.95,12461
559372,22621,TRADITIONAL KNITTING NANCY,12.0,7/8/11 10:23,1.65,12461
559372,22758,LARGE PURPLE BABUSHKA NOTEBOOK,12.0,7/8/11 10:23,1.25,12461
559372,22757,LARGE RED BABUSHKA NOTEBOOK,12.0,7/8/11 10:23,1.25,12461
559372,22585,PACK OF 6 BIRDY GIFT TAGS,12.0,7/8/11 10:23,1.25,12461
559372,22752,SET 7 BABUSHKA NESTING BOXES,2.0,7/8/11 10:23,8.5,12461
559372,22450,SILK PURSE BABUSHKA BLUE,6.0,7/8/11 10:23,3.35,12461
559372,22449,SILK PURSE BABUSHKA PINK,6.0,7/8/11 10:23,3.35,12461
559372,22448,PIN CUSHION BABUSHKA RED,6.0,7/8/11 10:23,3.35,12461
559372,22447,PIN CUSHION BABUSHKA BLUE,6.0,7/8/11 10:23,3.35,12461
559372,22446,PIN CUSHION BABUSHKA PINK,6.0,7/8/11 10:23,3.35,12461
559372,22499,WOODEN UNION JACK BUNTING,3.0,7/8/11 10:23,5.95,12461
559372,22726,ALARM CLOCK BAKELIKE GREEN,4.0,7/8/11 10:23,3.75,12461
559372,22725,ALARM CLOCK BAKELIKE CHOCOLATE,4.0,7/8/11 10:23,3.75,12461
559372,22730,ALARM CLOCK BAKELIKE IVORY,4.0,7/8/11 10:23,3.75,12461
559372,22915,ASSORTED BOTTLE TOP  MAGNETS,12.0,7/8/11 10:23,0.42,12461
559372,22402,MAGNETS PACK OF 4 VINTAGE COLLAGE,12.0,7/8/11 10:23,0.39,12461
559372,22400,MAGNETS PACK OF 4 HOME SWEET HOME,12.0,7/8/11 10:23,0.39,12461
559372,22398,MAGNETS PACK OF 4 SWALLOWS,12.0,7/8/11 10:23,0.39,12461
559372,48187,DOORMAT NEW ENGLAND,6.0,7/8/11 10:23,7.95,12461
559372,48184,DOORMAT ENGLISH ROSE,6.0,7/8/11 10:23,7.95,12461
559372,20685,DOORMAT RED RETROSPOT,6.0,7/8/11 10:23,7.95,12461
559372,21524,DOORMAT SPOTTY HOME SWEET HOME,6.0,7/8/11 10:23,7.95,12461
559372,22081,RIBBON REEL FLORA + FAUNA,10.0,7/8/11 10:23,1.65,12461
559372,21136,PAINTED METAL PEARS ASSORTED,8.0,7/8/11 10:23,1.69,12461
,84012,MAGIC SHEEP WOOL GROWING FROM PAPER,-120.0,7/15/11 15:22,0.85,12451
560245,23012,GLASS APOTHECARY BOTTLE PERFUME,1.0,7/17/11 12:15,3.95,
560245,22999,TRAVEL CARD WALLET VINTAGE LEAF,1.0,7/17/11 12:15,0.42,
560245,22297,HEART IVORY TRELLIS SMALL,2.0,7/17/11 12:15,1.25,
560245,22296,HEART IVORY TRELLIS LARGE,3.0,7/17/11 12:15,1.65,
560245,21755,LOVE BUILDING BLOCK WORD,1.0,7/17/11 12:15,5.95,
560245,23240,SET OF 4 KNICK KNACK TINS DOILEY,1.0,7/17/11 12:15,4.15,
560245,22077,6 RIBBONS RUSTIC CHARM,2.0,7/17/11 12:15,1.65,
560245,22496,SET OF 2 ROUND TINS DUTCH CHEESE,1.0,7/17/11 12:15,2.95,
560245,84976,RECTANGULAR SHAPED MIRROR,3.0,7/17/11 12:15,0.79,
560245,85053,FRENCH ENAMEL CANDLEHOLDER,1.0,7/17/11 12:15,2.1,
560245,21714,CITRONELLA CANDLE GARDEN POT,1.0,7/17/11 12:15,1.25,
560245,23000,TRAVEL CARD WALLET TRANSPORT,1.0,7/17/11 12:15,0.42,
560245,23090,VINTAGE GLASS T-LIGHT HOLDER,12.0,7/17/11 12:15,0.83,
560245,22366,DOORMAT AIRMAIL,1.0,7/17/11 12:15,7.95,
560245,23286,BLUE VINTAGE SPOT BEAKER,4.0,7/17/11 12:15,0.85,
560245,22082,RIBBON REEL STRIPES DESIGN,4.0,7/17/11 12:15,1.65,
560245,23287,RED VINTAGE SPOT BEAKER,4.0,7/17/11 12:15,0.85,
560245,22469,HEART OF WICKER SMALL,1.0,7/17/11 12:15,1.65,
560245,23321,SMALL WHITE HEART OF WICKER,2.0,7/17/11 12:15,1.65,
560245,22791,T-LIGHT GLASS FLUTED ANTIQUE,4.0,7/17/11 12:15,1.25,
560245,22469,HEART OF WICKER SMALL,1.0,7/17/11 12:15,1.65,
560245,22494,EMERGENCY FIRST AID TIN,1.0,7/17/11 12:15,1.25,
560245,84879,ASSORTED COLOUR BIRD ORNAMENT,10.0,7/17/11 12:15,1.69,
560245,21136,PAINTED METAL PEARS ASSORTED,9.0,7/17/11 12:15,1.69,
560245,84077,WORLD WAR 2 GLIDERS ASSTD DESIGNS,48.0,7/17/11 12:15,0.29,
560245,22110,BIRD HOUSE HOT WATER BOTTLE,1.0,7/17/11 12:15,2.55,
560245,22112,CHOCOLATE HOT WATER BOTTLE,2.0,7/17/11 12:15,4.95,
560245,21485,RETROSPOT HEART HOT WATER BOTTLE,1.0,7/17/11 12:15,4.95,
560245,23254,CHILDRENS CUTLERY DOLLY GIRL,1.0,7/17/11 12:15,4.15,
560245,23298,SPOTTY BUNTING,1.0,7/17/11 12:15,4.95,
560245,22989,SET 2 PANTRY DESIGN TEA TOWELS,2.0,7/17/11 12:15,3.25,
560245,,TEA TIME OVEN GLOVE,1.0,7/17/11 12:15,1.25,
560245,23298,SPOTTY BUNTING,1.0,7/17/11 12:15,4.95,
560245,23209,LUNCH BAG DOILEY PATTERN,3.0,7/17/11 12:15,1.65,
560245,23294,SET OF 6 SNACK LOAF BAKING CASES,2.0,7/17/11 12:15,0.83,
560245,21062,PARTY INVITES SPACEMAN,2.0,7/17/11 12:15,0.85,
560245,22027,TEA PARTY BIRTHDAY CARD,12.0,7/17/11 12:15,0.42,
560245,21509,COWBOYS AND INDIANS BIRTHDAY CARD,12.0,7/17/11 12:15,0.42,
560245,22029,SPACEBOY BIRTHDAY CARD,12.0,7/17/11 12:15,0.42,
560245,22037,ROBOT BIRTHDAY CARD,12.0,7/17/11 12:15,0.42,
560245,84836,ZINC METAL HEART DECORATION,12.0,7/17/11 12:15,1.25,
560245,21770,OPEN CLOSED METAL SIGN,1.0,7/17/11 12:15,4.95,
560245,22992,REVOLVER WOODEN RULER,2.0,7/17/11 12:15,1.95,
560245,21714,CITRONELLA CANDLE GARDEN POT,2.0,7/17/11 12:15,1.25,
560245,23256,CHILDRENS CUTLERY SPACEBOY,1.0,7/17/11 12:15,4.15,
560245,22494,EMERGENCY FIRST AID TIN,1.0,7/17/11 12:15,1.25,
560245,23293,SET OF 12 FAIRY CAKE BAKING CASES,2.0,7/17/11 12:15,0.83,
560245,22413,METAL SIGN TAKE IT OR LEAVE IT,1.0,7/17/11 12:15,2.95,
560245,,RETRO PLASTIC POLKA TRAY,1.0,7/17/11 12:15,0.85,
560245,22558,CLOTHES PEGS RETROSPOT PACK 24,2.0,7/17/11 12:15,1.65,
560245,22099,CARAVAN SQUARE TISSUE BOX,2.0,7/17/11 12:15,0.39,
560245,21592,RETROSPOT CIGAR BOX MATCHES,2.0,7/17/11 12:15,1.25,
561116,23290,SPACEBOY CHILDRENS BOWL,8.0,7/25/11 12:22,1.25,13520
561116,22551,PLASTERS IN TIN SPACEBOY,96.0,7/25/11 12:22,1.45,13520
561116,22554,PLASTERS IN TIN WOODLAND ANIMALS,96.0,7/25/11 12:22,1.45,13520
561116,23292,SPACEBOY CHILDRENS CUP,8.0,7/25/11 12:22,1.25,13520
561116,23256,CHILDRENS CUTLERY SPACEBOY,4.0,7/25/11 12:22,4.15,13520
561116,22326,ROUND SNACK BOXES SET OF4 WOODLAND,48.0,7/25/11 12:22,2.55,13520
561116,23199,JUMBO BAG APPLES,20.0,7/25/11 12:22,2.08,13520
561116,20719,WOODLAND CHARLOTTE BAG,10.0,7/25/11 12:22,0.85,13520
561116,20723,STRAWBERRY CHARLOTTE BAG,10.0,7/25/11 12:22,0.85,13520
561116,22556,PLASTERS IN TIN CIRCUS PARADE,96.0,7/25/11 12:22,1.45,13520
561116,20712,JUMBO BAG WOODLAND ANIMALS,10.0,7/25/11 12:22,2.08,13520
561116,,POSTAGE,5.0,7/25/11 12:22,40.0,13520
,,POSTAGE,-3.0,7/25/11 12:23,40.0,13520
561332,22310,IVORY KNITTED MUG COSY,6.0,7/26/11 14:25,1.65,13492
561332,22314,OFFICE MUG WARMER CHOC+BLUE,6.0,7/26/11 14:25,2.95,13492
561332,22312,OFFICE MUG WARMER POLKADOT,12.0,7/26/11 14:25,2.95,13492
561332,22313,OFFICE MUG WARMER PINK,6.0,7/26/11 14:25,2.95,13492
561332,22311,OFFICE MUG WARMER BLACK+SILVER,6.0,7/26/11 14:25,2.95,13492
561332,21212,PACK OF 72 RETROSPOT CAKE CASES,24.0,7/26/11 14:25,0.55,13492
561332,23297,SET 40 HEART SHAPE PETIT FOUR CASES,16.0,7/26/11 14:25,1.65,13492
561332,23293,SET OF 12 FAIRY CAKE BAKING CASES,8.0,7/26/11 14:25,0.83,13492
561332,48184,DOORMAT ENGLISH ROSE,2.0,7/26/11 14:25,7.95,13492
561332,48194,DOORMAT HEARTS,6.0,7/26/11 14:25,7.95,13492
561332,48187,DOORMAT NEW ENGLAND,8.0,7/26/11 14:25,7.95,13492
561332,48188,DOORMAT WELCOME PUPPIES,2.0,7/26/11 14:25,7.95,13492
561332,48185,DOORMAT FAIRY CAKE,6.0,7/26/11 14:25,7.95,13492
561332,48129,DOORMAT TOPIARY,2.0,7/26/11 14:25,7.95,13492
561332,23284,DOORMAT KEEP CALM AND COME IN,10.0,7/26/11 14:25,6.75,13492
561332,22690,DOORMAT HOME SWEET HOME BLUE,2.0,7/26/11 14:25,7.95,13492
561332,48116,DOORMAT MULTICOLOUR STRIPE,2.0,7/26/11 14:25,7.95,13492
561332,22692,DOORMAT WELCOME TO OUR HOME,6.0,7/26/11 14:25,7.95,13492
561332,48111,DOORMAT 3 SMILEY CATS,2.0,7/26/11 14:25,7.95,13492
561332,21524,DOORMAT SPOTTY HOME SWEET HOME,4.0,7/26/11 14:25,7.95,13492
561332,21523,DOORMAT FANCY FONT HOME SWEET HOME,2.0,7/26/11 14:25,7.95,13492
561332,20685,DOORMAT RED RETROSPOT,4.0,7/26/11 14:25,7.95,13492
561898,84836,ZINC METAL HEART DECORATION,12.0,7/31/11 15:25,1.25,12456
561898,82484,WOOD BLACK BOARD ANT WHITE FINISH,2.0,7/31/11 15:25,7.95,12456
561898,82486,WOOD S/3 CABINET ANT WHITE FINISH,2.0,7/31/11 15:25,8.95,12456
561898,84832,ZINC WILLIE WINKIE  CANDLE STICK,12.0,7/31/11 15:25,0.85,12456
561898,22467,GUMBALL COAT RACK,36.0,7/31/11 15:25,2.1,12456
561898,22426,ENAMEL WASH BOWL CREAM,4.0,7/31/11 15:25,3.75,12456
561898,22427,ENAMEL FLOWER JUG CREAM,3.0,7/31/11 15:25,5.95,12456
561898,23250,VINTAGE RED TRIM ENAMEL BOWL,12.0,7/31/11 15:25,1.25,12456
561898,22423,REGENCY CAKESTAND 3 TIER,16.0,7/31/11 15:25,10.95,12456
561898,23245,SET OF 3 REGENCY CAKE TINS,4.0,7/31/11 15:25,4.95,12456
561898,23161,REGENCY CAKE FORK,12.0,7/31/11 15:25,1.25,12456
561898,23160,REGENCY TEA SPOON,24.0,7/31/11 15:25,1.25,12456
561898,23198,PANTRY MAGNETIC  SHOPPING LIST,12.0,7/31/11 15:25,1.45,12456
561898,23020,GLASS  SONGBIRD STORAGE JAR,4.0,7/31/11 15:25,12.5,12456
561898,23169,CLASSIC GLASS COOKIE JAR,6.0,7/31/11 15:25,4.15,12456
561898,23196,VINTAGE LEAF MAGNETIC NOTEPAD,12.0,7/31/11 15:25,1.45,12456
561898,22492,MINI PAINT SET VINTAGE,36.0,7/31/11 15:25,0.65,12456
561898,84077,WORLD WAR 2 GLIDERS ASSTD DESIGNS,48.0,7/31/11 15:25,0.29,12456
561898,21915,RED  HARMONICA IN BOX,12.0,7/31/11 15:25,1.25,12456
561898,22619,SET OF 6 SOLDIER SKITTLES,4.0,7/31/11 15:25,3.75,12456
561898,22554,PLASTERS IN TIN WOODLAND ANIMALS,36.0,7/31/11 15:25,1.65,12456
561898,22555,PLASTERS IN TIN STRONGMAN,24.0,7/31/11 15:25,1.65,12456
561898,22531,MAGIC DRAWING SLATE CIRCUS PARADE,24.0,7/31/11 15:25,0.42,12456
561898,22418,10 COLOUR SPACEBOY PEN,24.0,7/31/11 15:25,0.85,12456
561898,22551,PLASTERS IN TIN SPACEBOY,24.0,7/31/11 15:25,1.65,12456
561898,23120,PACK OF 6 SMALL FRUIT STRAWS,24.0,7/31/11 15:25,0.42,12456
561898,22801,ANTIQUE GLASS PEDESTAL BOWL,4.0,7/31/11 15:25,3.75,12456
561898,22800,ANTIQUE TALL SWIRLGLASS TRINKET POT,4.0,7/31/11 15:25,3.75,12456
561898,22077,6 RIBBONS RUSTIC CHARM,12.0,7/31/11 15:25,1.65,12456
561898,22082,RIBBON REEL STRIPES DESIGN,10.0,7/31/11 15:25,1.65,12456
561898,,URBAN BLACK RIBBONS,12.0,7/31/11 15:25,1.25,12456
561898,21683,MEDIUM MEDINA STAMPED METAL BOWL,12.0,7/31/11 15:25,2.95,12456
561898,21684,SMALL MEDINA STAMPED METAL BOWL,12.0,7/31/11 15:25,0.85,12456
561898,21682,LARGE MEDINA STAMPED METAL BOWL,4.0,7/31/11 15:25,4.95,12456
561898,22299,PIG KEYRING WITH LIGHT & SOUND,24.0,7/31/11 15:25,1.25,12456
561898,22398,MAGNETS PACK OF 4 SWALLOWS,12.0,7/31/11 15:25,0.39,12456
561898,22403,MAGNETS PACK OF 4 VINTAGE LABELS,12.0,7/31/11 15:25,0.39,12456
561898,20984,12 PENCILS TALL TUBE POSY,24.0,7/31/11 15:25,0.29,12456
561898,,ENVELOPE 50 BLOSSOM IMAGES,12.0,7/31/11 15:25,0.42,12456
561898,16016,LARGE CHINESE STYLE SCISSOR,10.0,7/31/11 15:25,0.85,12456
561898,22331,WOODLAND PARTY BAG + STICKER SET,8.0,7/31/11 15:25,1.65,12456
561898,21135,VICTORIAN  METAL POSTCARD SPRING,8.0,7/31/11 15:25,1.69,12456
561898,84879,ASSORTED COLOUR BIRD ORNAMENT,8.0,7/31/11 15:25,1.69,12456
561898,22182,CAKE STAND VICTORIAN FILIGREE SMALL,4.0,7/31/11 15:25,4.95,12456
561898,,POSTAGE,7.0,7/31/11 15:25,40.0,12456
562046,22747,POPPY'S PLAYHOUSE BATHROOM,6.0,8/2/11 10:34,2.1,12378
562046,85227,SET OF 6 3D KIT CARDS FOR KIDS,12.0,8/2/11 10:34,0.85,12378
562046,22746,POPPY'S PLAYHOUSE LIVINGROOM,6.0,8/2/11 10:34,2.1,12378
562046,22748,POPPY'S PLAYHOUSE KITCHEN,6.0,8/2/11 10:34,2.1,12378
562046,22550,HOLIDAY FUN LUDO,4.0,8/2/11 10:34,3.75,12378
562046,22619,SET OF 6 SOLDIER SKITTLES,8.0,8/2/11 10:34,3.75,12378
562046,23229,VINTAGE DONKEY TAIL GAME,6.0,8/2/11 10:34,3.75,12378
562046,23080,RED METAL BOX TOP SECRET,2.0,8/2/11 10:34,8.25,12378
562046,84568,GIRLS ALPHABET IRON ON PATCHES,288.0,8/2/11 10:34,0.21,12378
562046,22332,SKULLS PARTY BAG + STICKER SET,8.0,8/2/11 10:34,1.65,12378
562046,,PINK PARTY BAGS,6.0,8/2/11 10:34,2.1,12378
562046,22333,RETROSPOT PARTY BAG + STICKER SET,16.0,8/2/11 10:34,1.65,12378
562046,22334,DINOSAUR PARTY BAG + STICKER SET,8.0,8/2/11 10:34,1.65,12378
562046,21935,SUKI  SHOULDER BAG,10.0,8/2/11 10:34,1.65,12378
562046,22374,AIRLINE BAG VINTAGE JET SET RED,4.0,8/2/11 10:34,4.25,12378
562046,22371,AIRLINE BAG VINTAGE TOKYO 78,4.0,8/2/11 10:34,4.25,12378
562046,21039,RED RETROSPOT SHOPPING BAG,12.0,8/2/11 10:34,2.55,12378
562046,23000,TRAVEL CARD WALLET TRANSPORT,24.0,8/2/11 10:34,0.42,12378
562046,20750,RED RETROSPOT MINI CASES,4.0,8/2/11 10:34,7.95,12378
562046,20682,RED RETROSPOT CHILDRENS UMBRELLA,6.0,8/2/11 10:34,3.25,12378
562046,20686,DOLLY MIXTURE CHILDREN'S UMBRELLA,6.0,8/2/11 10:34,3.25,12378
562046,21707,FOLDING UMBRELLA BLACKBLUE POLKADOT,4.0,8/2/11 10:34,4.95,12378
562046,21709,FOLDING UMBRELLA CHOCOLATE POLKADOT,4.0,8/2/11 10:34,4.95,12378
562046,21706,FOLDING UMBRELLA RED/WHITE POLKADOT,4.0,8/2/11 10:34,4.95,12378
562046,,BLACK/BLUE POLKADOT UMBRELLA,3.0,8/2/11 10:34,5.95,12378
562046,22449,SILK PURSE BABUSHKA PINK,6.0,8/2/11 10:34,3.35,12378
562046,,PINK ROSE WASHBAG,4.0,8/2/11 10:34,3.75,12378
562046,22687,DOORMAT CHRISTMAS VILLAGE,2.0,8/2/11 10:34,7.95,12378
562046,22737,RIBBON REEL CHRISTMAS PRESENT,10.0,8/2/11 10:34,1.65,12378
562046,22739,RIBBON REEL CHRISTMAS SOCK BAUBLE,10.0,8/2/11 10:34,1.65,12378
562046,22075,6 RIBBONS ELEGANT CHRISTMAS,12.0,8/2/11 10:34,1.65,12378
562046,23319,BOX OF 6 MINI 50'S CRACKERS,12.0,8/2/11 10:34,2.49,12378
562046,22589,CARDHOLDER GINGHAM STAR,6.0,8/2/11 10:34,2.55,12378
562046,23267,SET OF 4 SANTA PLACE SETTINGS,12.0,8/2/11 10:34,1.25,12378
562046,23101,SILVER STARS TABLE DECORATION,12.0,8/2/11 10:34,0.83,12378
562046,23102,SILVER HEARTS TABLE DECORATION,12.0,8/2/11 10:34,0.83,12378
562046,23129,HEART SHAPED HOLLY WREATH,4.0,8/2/11 10:34,4.15,12378
562046,23223,CHRISTMAS TREE HANGING SILVER,12.0,8/2/11 10:34,0.83,12378
562046,23221,REINDEER HEART DECORATION SILVER,12.0,8/2/11 10:34,0.83,12378
562046,22945,CHRISTMAS METAL TAGS ASSORTED,12.0,8/2/11 10:34,0.85,12378
562046,21098,CHRISTMAS TOILET ROLL,24.0,8/2/11 10:34,1.25,12378
562046,23311,VINTAGE CHRISTMAS STOCKING,12.0,8/2/11 10:34,2.55,12378
562046,23268,SET OF 2 CERAMIC CHRISTMAS REINDEER,12.0,8/2/11 10:34,1.45,12378
562046,23270,SET OF 2 CERAMIC PAINTED HEARTS,12.0,8/2/11 10:34,1.45,12378
562046,22942,CHRISTMAS LIGHTS 10 SANTAS,2.0,8/2/11 10:34,8.5,12378
562046,22943,CHRISTMAS LIGHTS 10 VINTAGE BAUBLES,3.0,8/2/11 10:34,4.95,12378
562046,85048,15CM CHRISTMAS GLASS BALL 20 LIGHTS,2.0,8/2/11 10:34,7.95,12378
562046,22957,SET 3 PAPER VINTAGE CHICK PAPER EGG,6.0,8/2/11 10:34,2.95,12378
562046,22857,ASSORTED EASTER GIFT TAGS,12.0,8/2/11 10:34,0.85,12378
562046,22148,EASTER CRAFT 4 CHICKS,12.0,8/2/11 10:34,1.95,12378
562046,22254,FELT TOADSTOOL LARGE,12.0,8/2/11 10:34,1.25,12378
562046,22255,FELT TOADSTOOL  SMALL,12.0,8/2/11 10:34,0.85,12378
562046,22729,ALARM CLOCK BAKELIKE ORANGE,4.0,8/2/11 10:34,3.75,12378
562046,22189,CREAM HEART CARD HOLDER,4.0,8/2/11 10:34,3.95,12378
562046,22588,CARD HOLDER GINGHAM HEART,6.0,8/2/11 10:34,2.89,12378
562046,22435,SET OF 9 HEART SHAPED BALLOONS,12.0,8/2/11 10:34,1.25,12378
562046,22434,BALLOON PUMP WITH 10 BALLOONS,8.0,8/2/11 10:34,1.95,12378
562046,22436,12 COLOURED PARTY BALLOONS,20.0,8/2/11 10:34,0.65,12378
562046,22930,BAKING MOULD HEART MILK CHOCOLATE,6.0,8/2/11 10:34,2.55,12378
562046,,TEA TIME OVEN GLOVE,10.0,8/2/11 10:34,1.25,12378
562046,21154,RED RETROSPOT OVEN GLOVE,10.0,8/2/11 10:34,1.25,12378
562046,21212,PACK OF 72 RETROSPOT CAKE CASES,24.0,8/2/11 10:34,0.55,12378
562046,20754,RETROSPOT RED WASHING UP GLOVES,6.0,8/2/11 10:34,2.1,12378
562046,22852,DOG BOWL VINTAGE CREAM,4.0,8/2/11 10:34,4.25,12378
562046,23183,MOTHER'S KITCHEN SPOON REST,6.0,8/2/11 10:34,3.75,12378
562046,22981,PANTRY APPLE CORER,12.0,8/2/11 10:34,1.45,12378
562046,22982,PANTRY PASTRY BRUSH,12.0,8/2/11 10:34,1.25,12378
562046,84828,JUNGLE POPSICLES ICE LOLLY MOULDS,12.0,8/2/11 10:34,1.25,12378
562046,84378,SET OF 3 HEART COOKIE CUTTERS,12.0,8/2/11 10:34,1.25,12378
562046,22965,3 TRADITIONAl BISCUIT CUTTERS  SET,6.0,8/2/11 10:34,2.1,12378
562046,84380,SET OF 3 BUTTERFLY COOKIE CUTTERS,12.0,8/2/11 10:34,1.25,12378
562046,22966,GINGERBREAD MAN COOKIE CUTTER,12.0,8/2/11 10:34,1.25,12378
562046,22964,3 PIECE SPACEBOY COOKIE CUTTER SET,6.0,8/2/11 10:34,2.1,12378
562046,20725,LUNCH BAG RED RETROSPOT,20.0,8/2/11 10:34,1.65,12378
562046,20728,LUNCH BAG CARS BLUE,10.0,8/2/11 10:34,1.65,12378
562046,21561,DINOSAUR LUNCH BOX WITH CUTLERY,6.0,8/2/11 10:34,2.55,12378
562046,21558,SKULL LUNCH BOX WITH CUTLERY,6.0,8/2/11 10:34,2.55,12378
562046,22326,ROUND SNACK BOXES SET OF4 WOODLAND,12.0,8/2/11 10:34,2.95,12378
562046,21559,STRAWBERRY LUNCH BOX WITH CUTLERY,6.0,8/2/11 10:34,2.55,12378
562046,22328,ROUND SNACK BOXES SET OF 4 FRUITS,6.0,8/2/11 10:34,2.95,12378
562046,22628,PICNIC BOXES SET OF 3 RETROSPOT,4.0,8/2/11 10:34,4.95,12378
562046,22329,ROUND CONTAINER SET OF 5 RETROSPOT,12.0,8/2/11 10:34,1.65,12378
562046,22629,SPACEBOY LUNCH BOX,12.0,8/2/11 10:34,1.95,12378
562046,22383,LUNCH BAG SUKI DESIGN,10.0,8/2/11 10:34,1.65,12378
562046,22384,LUNCH BAG PINK POLKADOT,10.0,8/2/11 10:34,1.65,12378
562046,22631,CIRCUS PARADE LUNCH BOX,12.0,8/2/11 10:34,1.95,12378
562046,23206,LUNCH BAG APPLE DESIGN,10.0,8/2/11 10:34,1.65,12378
562046,22659,LUNCH BOX I LOVE LONDON,12.0,8/2/11 10:34,1.95,12378
562046,23207,LUNCH BAG ALPHABET DESIGN,10.0,8/2/11 10:34,1.65,12378
562046,23209,LUNCH BAG DOILEY PATTERN,10.0,8/2/11 10:34,1.65,12378
562046,22990,COTTON APRON PANTRY DESIGN,2.0,8/2/11 10:34,4.95,12378
562046,,TEA TIME KITCHEN APRON,3.0,8/2/11 10:34,5.95,12378
562046,,PINK FAIRY CAKE CHILDRENS APRON,16.0,8/2/11 10:34,1.95,12378
562046,23252,VINTAGE RED ENAMEL TRIM JUG,4.0,8/2/11 10:34,3.75,12378
562046,23251,VINTAGE RED ENAMEL TRIM MUG,12.0,8/2/11 10:34,1.25,12378
562046,23250,VINTAGE RED TRIM ENAMEL BOWL,12.0,8/2/11 10:34,1.25,12378
562046,23249,VINTAGE RED ENAMEL TRIM PLATE,12.0,8/2/11 10:34,1.65,12378
562046,22839,3 TIER CAKE TIN GREEN AND CREAM,1.0,8/2/11 10:34,14.95,12378
562046,22838,3 TIER CAKE TIN RED AND CREAM,1.0,8/2/11 10:34,14.95,12378
562046,22841,ROUND CAKE TIN VINTAGE GREEN,2.0,8/2/11 10:34,7.95,12378
562046,22840,ROUND CAKE TIN VINTAGE RED,2.0,8/2/11 10:34,7.95,12378
562046,22846,BREAD BIN DINER STYLE RED,1.0,8/2/11 10:34,16.95,12378
562046,21086,SET/6 RED SPOTTY PAPER CUPS,48.0,8/2/11 10:34,0.65,12378
562046,21936,RED RETROSPOT PICNIC BAG,5.0,8/2/11 10:34,2.95,12378
562046,21094,SET/6 RED SPOTTY PAPER PLATES,48.0,8/2/11 10:34,0.85,12378
562046,21988,PACK OF 6 SKULL PAPER PLATES,12.0,8/2/11 10:34,0.85,12378
562046,21987,PACK OF 6 SKULL PAPER CUPS,12.0,8/2/11 10:34,0.65,12378
562046,21080,SET/20 RED RETROSPOT PAPER NAPKINS,48.0,8/2/11 10:34,0.85,12378
562046,22851,SET 20 NAPKINS FAIRY CAKES DESIGN,12.0,8/2/11 10:34,0.85,12378
562046,22907,PACK OF 20 NAPKINS PANTRY DESIGN,12.0,8/2/11 10:34,0.85,12378
562046,21078,SET/20 STRAWBERRY PAPER NAPKINS,12.0,8/2/11 10:34,0.85,12378
562046,21989,PACK OF 20 SKULL PAPER NAPKINS,24.0,8/2/11 10:34,0.85,12378
562046,23253,16 PIECE CUTLERY SET PANTRY DESIGN,2.0,8/2/11 10:34,15.95,12378
562046,23119,PACK OF 6 LARGE FRUIT STRAWS,12.0,8/2/11 10:34,0.62,12378
562046,21242,RED RETROSPOT PLATE,24.0,8/2/11 10:34,1.69,12378
562046,21244,BLUE POLKADOT PLATE,16.0,8/2/11 10:34,1.69,12378
562046,21245,GREEN POLKADOT PLATE,8.0,8/2/11 10:34,1.69,12378
562046,21243,PINK  POLKADOT PLATE,16.0,8/2/11 10:34,1.69,12378
562046,21238,RED RETROSPOT CUP,24.0,8/2/11 10:34,0.85,12378
562046,23285,PINK VINTAGE SPOT BEAKER,24.0,8/2/11 10:34,0.85,12378
562046,23286,BLUE VINTAGE SPOT BEAKER,24.0,8/2/11 10:34,0.85,12378
562046,23287,RED VINTAGE SPOT BEAKER,24.0,8/2/11 10:34,0.85,12378
562046,21240,BLUE POLKADOT CUP,8.0,8/2/11 10:34,0.85,12378
562046,21239,PINK  POLKADOT CUP,8.0,8/2/11 10:34,0.85,12378
562046,23288,GREEN VINTAGE SPOT BEAKER,16.0,8/2/11 10:34,0.85,12378
562046,23346,SPACEBOY BEAKER,12.0,8/2/11 10:34,1.25,12378
562046,23347,I LOVE LONDON BEAKER,12.0,8/2/11 10:34,1.25,12378
562046,20674,GREEN POLKADOT BOWL,8.0,8/2/11 10:34,1.25,12378
562046,20675,BLUE POLKADOT BOWL,8.0,8/2/11 10:34,1.25,12378
562046,20677,PINK POLKADOT BOWL,16.0,8/2/11 10:34,1.25,12378
562046,20676,RED RETROSPOT BOWL,24.0,8/2/11 10:34,1.25,12378
562046,21537,RED RETROSPOT PUDDING BOWL,4.0,8/2/11 10:34,4.25,12378
562046,84988,SET OF 72 PINK HEART PAPER DOILIES,12.0,8/2/11 10:34,1.45,12378
562046,84987,SET OF 36 TEATIME PAPER DOILIES,12.0,8/2/11 10:34,1.45,12378
562046,21844,RED RETROSPOT MUG,12.0,8/2/11 10:34,2.95,12378
562046,,CHILDRENS CUTLERY POLKADOT PINK,4.0,8/2/11 10:34,4.15,12378
562046,,CHILDRENS CUTLERY RETROSPOT RED,4.0,8/2/11 10:34,4.15,12378
562046,23256,CHILDRENS CUTLERY SPACEBOY,4.0,8/2/11 10:34,4.15,12378
562046,23255,CHILDRENS CUTLERY CIRCUS PARADE,4.0,8/2/11 10:34,4.15,12378
562046,23254,CHILDRENS CUTLERY DOLLY GIRL,4.0,8/2/11 10:34,4.15,12378
562046,22820,GIFT BAG BIRTHDAY,12.0,8/2/11 10:34,0.65,12378
562046,22583,PACK OF 6 HANDBAG GIFT BOXES,6.0,8/2/11 10:34,2.55,12378
562046,22584,PACK OF 6 PANNETONE GIFT BOXES,6.0,8/2/11 10:34,2.55,12378
562046,21288,STRIPEY CHOCOLATE NESTING BOXES,6.0,8/2/11 10:34,2.95,12378
562046,22585,PACK OF 6 BIRDY GIFT TAGS,12.0,8/2/11 10:34,1.25,12378
562046,23231,WRAP DOILEY DESIGN,25.0,8/2/11 10:34,0.42,12378
562046,23550,WRAP ALPHABET POSTER,25.0,8/2/11 10:34,0.42,12378
562046,,WRAP SUKI AND FRIENDS,25.0,8/2/11 10:34,0.42,12378
562046,22605,WOODEN CROQUET GARDEN SET,1.0,8/2/11 10:34,14.95,12378
562046,22365,DOORMAT RESPECTABLE HOUSE,2.0,8/2/11 10:34,7.95,12378
562046,20685,DOORMAT RED RETROSPOT,2.0,8/2/11 10:34,7.95,12378
562046,22692,DOORMAT WELCOME TO OUR HOME,4.0,8/2/11 10:34,7.95,12378
562046,48138,DOORMAT UNION FLAG,2.0,8/2/11 10:34,7.95,12378
562046,22822,CREAM WALL PLANTER HEART SHAPED,4.0,8/2/11 10:34,5.95,12378
562046,22478,BIRDHOUSE GARDEN MARKER,10.0,8/2/11 10:34,1.25,12378
562046,,PINK POLKADOT GARDEN PARASOL,2.0,8/2/11 10:34,7.95,12378
562046,22430,ENAMEL WATERING CAN CREAM,4.0,8/2/11 10:34,4.95,12378
562046,22431,WATERING CAN BLUE ELEPHANT,6.0,8/2/11 10:34,1.95,12378
562046,22432,WATERING CAN PINK BUNNY,6.0,8/2/11 10:34,1.95,12378
562046,22693,GROW A FLYTRAP OR SUNFLOWER IN TIN,24.0,8/2/11 10:34,1.25,12378
562046,22742,MAKE YOUR OWN PLAYTIME CARD KIT,6.0,8/2/11 10:34,2.95,12378
562046,22743,MAKE YOUR OWN FLOWERPOWER CARD KIT,6.0,8/2/11 10:34,2.95,12378
562046,22074,6 RIBBONS SHIMMERING PINKS,12.0,8/2/11 10:34,1.65,12378
562046,,CHOCOLATE BOX RIBBONS,12.0,8/2/11 10:34,1.25,12378
562046,22452,MEASURING TAPE BABUSHKA PINK,6.0,8/2/11 10:34,2.95,12378
562046,22271,FELTCRAFT DOLL ROSIE,6.0,8/2/11 10:34,2.95,12378
562046,22273,FELTCRAFT DOLL MOLLY,6.0,8/2/11 10:34,2.95,12378
562046,22669,RED BABY BUNTING,5.0,8/2/11 10:34,2.95,12378
562046,,BLUE HAPPY BIRTHDAY BUNTING,3.0,8/2/11 10:34,5.45,12378
562046,,PINK HAPPY BIRTHDAY BUNTING,3.0,8/2/11 10:34,5.45,12378
562046,23298,SPOTTY BUNTING,6.0,8/2/11 10:34,4.95,12378
562046,21668,RED STRIPE CERAMIC DRAWER KNOB,12.0,8/2/11 10:34,1.25,12378
562046,21671,RED SPOT CERAMIC DRAWER KNOB,12.0,8/2/11 10:34,1.25,12378
562046,21672,WHITE SPOT RED CERAMIC DRAWER KNOB,12.0,8/2/11 10:34,1.25,12378
562046,22770,MIRROR CORNICE,2.0,8/2/11 10:34,14.95,12378
562046,22325,MOBILE VINTAGE HEARTS,9.0,8/2/11 10:34,4.95,12378
562046,22318,FIVE HEART HANGING DECORATION,6.0,8/2/11 10:34,2.95,12378
562046,22320,BIRDS MOBILE VINTAGE DESIGN,9.0,8/2/11 10:34,5.95,12378
562046,21114,LAVENDER SCENTED FABRIC HEART,10.0,8/2/11 10:34,1.25,12378
562046,22602,RETROSPOT WOODEN HEART DECORATION,12.0,8/2/11 10:34,0.85,12378
562046,21208,PASTEL COLOUR HONEYCOMB FAN,12.0,8/2/11 10:34,0.39,12378
562046,22670,FRENCH WC SIGN BLUE METAL,12.0,8/2/11 10:34,1.25,12378
562046,82551,LAUNDRY 15C METAL SIGN,12.0,8/2/11 10:34,1.45,12378
562046,22728,ALARM CLOCK BAKELIKE PINK,4.0,8/2/11 10:34,3.75,12378
562046,22726,ALARM CLOCK BAKELIKE GREEN,4.0,8/2/11 10:34,3.75,12378
562046,23316,RED REFECTORY CLOCK,2.0,8/2/11 10:34,9.95,12378
562046,23317,BLUE REFECTORY CLOCK,2.0,8/2/11 10:34,9.95,12378
562046,22914,BLUE COAT RACK PARIS FASHION,3.0,8/2/11 10:34,4.95,12378
562046,23147,SINGLE ANTIQUE ROSE HOOK IVORY,12.0,8/2/11 10:34,1.45,12378
562046,23148,MINIATURE ANTIQUE ROSE HOOK IVORY,12.0,8/2/11 10:34,0.83,12378
562046,84792,ENCHANTED BIRD COATHANGER 5 HOOK,4.0,8/2/11 10:34,4.65,12378
562046,21201,TROPICAL  HONEYCOMB PAPER GARLAND,12.0,8/2/11 10:34,2.55,12378
562046,21188,3D HEARTS  HONEYCOMB PAPER GARLAND,12.0,8/2/11 10:34,2.95,12378
562046,21205,MULTICOLOUR 3D BALLS GARLAND,6.0,8/2/11 10:34,2.55,12378
562046,23108,SET OF 10 LED DOLLY LIGHTS,6.0,8/2/11 10:34,6.25,12378
562046,23109,PACK OF SIX LED TEA LIGHTS,24.0,8/2/11 10:34,2.89,12378
562046,22779,WOODEN OWLS LIGHT GARLAND,4.0,8/2/11 10:34,4.25,12378
562046,22615,PACK OF 12 CIRCUS PARADE TISSUES,24.0,8/2/11 10:34,0.29,12378
562046,21967,PACK OF 12 SKULL TISSUES,24.0,8/2/11 10:34,0.29,12378
562046,21985,PACK OF 12 HEARTS DESIGN TISSUES,24.0,8/2/11 10:34,0.29,12378
562046,21982,PACK OF 12 SUKI TISSUES,24.0,8/2/11 10:34,0.29,12378
562046,21981,PACK OF 12 WOODLAND TISSUES,24.0,8/2/11 10:34,0.29,12378
562046,22760,"TRAY, BREAKFAST IN BED",4.0,8/2/11 10:34,12.75,12378
562046,22313,OFFICE MUG WARMER PINK,6.0,8/2/11 10:34,2.95,12378
562046,22314,OFFICE MUG WARMER CHOC+BLUE,6.0,8/2/11 10:34,2.95,12378
562046,21731,RED TOADSTOOL LED NIGHT LIGHT,12.0,8/2/11 10:34,1.65,12378
562046,23156,SET OF 5 MINI GROCERY MAGNETS,12.0,8/2/11 10:34,2.08,12378
562046,23155,KNICKERBOCKERGLORY MAGNET ASSORTED,12.0,8/2/11 10:34,0.83,12378
562046,23159,SET OF 5 PANCAKE DAY MAGNETS,12.0,8/2/11 10:34,2.08,12378
562046,23157,SET OF 6 NATIVITY MAGNETS,12.0,8/2/11 10:34,2.08,12378
562046,21556,CERAMIC STRAWBERRY MONEY BOX,6.0,8/2/11 10:34,2.55,12378
562046,23176,ABC TREASURE BOOK BOX,8.0,8/2/11 10:34,2.25,12378
562046,23193,BUFFALO BILL TREASURE BOOK BOX,8.0,8/2/11 10:34,2.25,12378
562046,23194,GYMKHANA TREASURE BOOK BOX,8.0,8/2/11 10:34,2.25,12378
562046,23177,TREASURE ISLAND BOOK BOX,8.0,8/2/11 10:34,2.25,12378
562046,23077,DOUGHNUT LIP GLOSS,20.0,8/2/11 10:34,1.25,12378
562046,22535,MAGIC DRAWING SLATE BUNNIES,24.0,8/2/11 10:34,0.42,12378
562046,22532,MAGIC DRAWING SLATE LEAP FROG,24.0,8/2/11 10:34,0.42,12378
562046,22745,POPPY'S PLAYHOUSE BEDROOM,6.0,8/2/11 10:34,2.1,12378
,,CAROUSEL DESIGN WASHBAG,-5.0,8/2/11 16:23,1.95,12457
,23029,DRAWER KNOB CRACKLE GLAZE GREEN,-4.0,8/2/11 16:26,1.65,13505
,23245,SET OF 3 REGENCY CAKE TINS,-1.0,8/2/11 16:26,4.95,13505
,22699,ROSES REGENCY TEACUP AND SAUCER,-6.0,8/2/11 16:26,2.95,13505
,23256,CHILDRENS CUTLERY SPACEBOY,-4.0,8/3/11 11:23,4.15,13520
562882,23108,SET OF 10 LED DOLLY LIGHTS,4.0,8/10/11 11:23,6.25,12384
562882,20750,RED RETROSPOT MINI CASES,2.0,8/10/11 11:23,7.95,12384
562882,22377,BOTTLE BAG RETROSPOT,5.0,8/10/11 11:23,2.1,12384
562882,22252,BIRDCAGE DECORATION TEALIGHT HOLDER,12.0,8/10/11 11:23,1.25,12384
562882,22628,PICNIC BOXES SET OF 3 RETROSPOT,4.0,8/10/11 11:23,4.95,12384
562882,22328,ROUND SNACK BOXES SET OF 4 FRUITS,6.0,8/10/11 11:23,2.95,12384
562882,23245,SET OF 3 REGENCY CAKE TINS,4.0,8/10/11 11:23,4.95,12384
562882,22215,CAKE STAND WHITE TWO TIER LACE,2.0,8/10/11 11:23,8.5,12384
562882,22423,REGENCY CAKESTAND 3 TIER,1.0,8/10/11 11:23,12.75,12384
562882,23173,REGENCY TEAPOT ROSES,2.0,8/10/11 11:23,9.95,12384
562882,,CHERRY BLOSSOM  DECORATIVE FLASK,4.0,8/10/11 11:23,3.75,12384
562882,23295,SET OF 12 MINI LOAF BAKING CASES,8.0,8/10/11 11:23,0.83,12384
562882,22326,ROUND SNACK BOXES SET OF4 WOODLAND,6.0,8/10/11 11:23,2.95,12384
562882,,POSTAGE,2.0,8/10/11 11:23,40.0,12384
