537026,84375,SET OF 20 KIDS COOKIE CUTTERS,12.0,12/3/10 16:35,2.1,12395
537026,21217,RED RETROSPOT ROUND CAKE TINS,2.0,12/3/10 16:35,9.95,12395
537026,21212,PACK OF 72 RETROSPOT CAKE CASES,120.0,12/3/10 16:35,0.42,12395
537026,21977,PACK OF 60 PINK PAISLEY CAKE CASES,120.0,12/3/10 16:35,0.42,12395
537026,22417,PACK OF 60 SPACEBOY CAKE CASES,120.0,12/3/10 16:35,0.42,12395
537026,21975,PACK OF 60 DINOSAUR CAKE CASES,48.0,12/3/10 16:35,0.55,12395
537026,21976,PACK OF 60 MUSHROOM CAKE CASES,48.0,12/3/10 16:35,0.55,12395
537026,22551,PLASTERS IN TIN SPACEBOY,12.0,12/3/10 16:35,1.65,12395
537026,,JUMBO BAG RED RETROSPOT,10.0,12/3/10 16:35,1.95,12395
537026,22355,CHARLOTTE BAG SUKI DESIGN,10.0,12/3/10 16:35,0.85,12395
537026,84992,72 SWEETHEART FAIRY CAKE CASES,24.0,12/3/10 16:35,0.55,12395
537026,,POSTAGE,2.0,12/3/10 16:35,18.0,12395
539391,22801,ANTIQUE GLASS PEDESTAL BOWL,4.0,12/17/10 11:51,3.75,12417
539391,22845,VINTAGE CREAM CAT FOOD CONTAINER,4.0,12/17/10 11:51,6.35,12417
539391,22060,LARGE CAKE STAND HANGING HEARTS,4.0,12/17/10 11:51,9.95,12417
539391,22423,REGENCY CAKESTAND 3 TIER,4.0,12/17/10 11:51,12.75,12417
539391,22619,SET OF 6 SOLDIER SKITTLES,4.0,12/17/10 11:51,3.75,12417
539391,21135,VICTORIAN  METAL POSTCARD SPRING,16.0,12/17/10 11:51,1.69,12417
539391,21717,EASTER TIN BUCKET,8.0,12/17/10 11:51,2.55,12417
539391,22451,SILK PURSE BABUSHKA RED,6.0,12/17/10 11:51,3.35,12417
539391,22770,MIRROR CORNICE,2.0,12/17/10 11:51,14.95,12417
539391,22666,RECIPE BOX PANTRY YELLOW DESIGN,6.0,12/17/10 11:51,2.95,12417
539391,,POSTAGE,2.0,12/17/10 11:51,15.0,12417
539447,22630,DOLLY GIRL LUNCH BOX,12.0,12/17/10 16:00,1.95,12395
539447,21880,RED RETROSPOT TAPE,24.0,12/17/10 16:00,0.19,12395
539447,21879,HEARTS GIFT TAPE,24.0,12/17/10 16:00,0.19,12395
539447,22390,PAPERWEIGHT CHILDHOOD MEMORIES,12.0,12/17/10 16:00,0.85,12395
539447,22504,CABIN BAG VINTAGE RETROSPOT,3.0,12/17/10 16:00,12.75,12395
539447,22740,POLKADOT PEN,48.0,12/17/10 16:00,0.85,12395
539447,22754,SMALL RED BABUSHKA NOTEBOOK,12.0,12/17/10 16:00,0.85,12395
539447,22755,SMALL PURPLE BABUSHKA NOTEBOOK,12.0,12/17/10 16:00,0.85,12395
539447,22667,RECIPE BOX RETROSPOT,12.0,12/17/10 16:00,2.95,12395
539447,22666,RECIPE BOX PANTRY YELLOW DESIGN,6.0,12/17/10 16:00,2.95,12395
539447,84906,PINK B'FLY C/COVER W BOBBLES,2.0,12/17/10 16:00,5.95,12395
539447,,POLYESTER FILLER PAD 30CMx30CM,2.0,12/17/10 16:00,1.25,12395
539447,22629,SPACEBOY LUNCH BOX,12.0,12/17/10 16:00,1.95,12395
539447,22355,CHARLOTTE BAG SUKI DESIGN,10.0,12/17/10 16:00,0.85,12395
539447,22356,CHARLOTTE BAG PINK POLKADOT,10.0,12/17/10 16:00,0.85,12395
539447,20719,WOODLAND CHARLOTTE BAG,10.0,12/17/10 16:00,0.85,12395
539447,20724,RED RETROSPOT CHARLOTTE BAG,10.0,12/17/10 16:00,0.85,12395
539447,,POSTAGE,3.0,12/17/10 16:00,18.0,12395
539447,21258,VICTORIAN SEWING BOX LARGE,1.0,12/17/10 16:00,12.75,12395
539676,20685,DOORMAT RED RETROSPOT,2.0,12/21/10 10:54,7.95,12423
539676,22390,PAPERWEIGHT CHILDHOOD MEMORIES,12.0,12/21/10 10:54,0.85,12423
539676,22396,MAGNETS PACK OF 4 RETRO PHOTO,24.0,12/21/10 10:54,0.42,12423
539676,,IVORY LOVE BIRD CANDLE,24.0,12/21/10 10:54,0.42,12423
539676,,PINK LOVE BIRD CANDLE,24.0,12/21/10 10:54,0.42,12423
539676,,S/4 VALENTINE DECOUPAGE HEART BOX,24.0,12/21/10 10:54,1.25,12423
539676,20723,STRAWBERRY CHARLOTTE BAG,10.0,12/21/10 10:54,0.85,12423
539676,22661,CHARLOTTE BAG DOLLY GIRL DESIGN,10.0,12/21/10 10:54,0.85,12423
539676,21135,VICTORIAN  METAL POSTCARD SPRING,8.0,12/21/10 10:54,1.69,12423
539676,22098,BOUDOIR SQUARE TISSUE BOX,12.0,12/21/10 10:54,1.25,12423
539676,21749,LARGE RED RETROSPOT WINDMILL,6.0,12/21/10 10:54,2.1,12423
539676,22859,EASTER TIN BUNNY BOUQUET,6.0,12/21/10 10:54,1.65,12423
539676,,SET/3 POLKADOT STACKING TINS,3.0,12/21/10 10:54,4.95,12423
539676,84879,ASSORTED COLOUR BIRD ORNAMENT,8.0,12/21/10 10:54,1.69,12423
539676,,SET/6 PINK BIRD T-LIGHT CANDLES,12.0,12/21/10 10:54,0.85,12423
539676,,POSTAGE,3.0,12/21/10 10:54,15.0,12423
539840,21121,SET/10 RED POLKADOT PARTY CANDLES,24.0,12/22/10 14:28,1.25,12383
539840,21122,SET/10 PINK POLKADOT PARTY CANDLES,24.0,12/22/10 14:28,1.25,12383
539840,21124,SET/10 BLUE POLKADOT PARTY CANDLES,24.0,12/22/10 14:28,1.25,12383
539840,21125,SET 6 FOOTBALL CELEBRATION CANDLES,12.0,12/22/10 14:28,1.25,12383
539840,21126,SET OF 6 GIRLS CELEBRATION CANDLES,12.0,12/22/10 14:28,1.25,12383
539840,21123,SET/10 IVORY POLKADOT PARTY CANDLES,24.0,12/22/10 14:28,1.25,12383
539840,21918,SET 12 KIDS COLOUR  CHALK STICKS,24.0,12/22/10 14:28,0.42,12383
539840,22539,MINI JIGSAW DOLLY GIRL,24.0,12/22/10 14:28,0.42,12383
539840,22544,MINI JIGSAW SPACEBOY,24.0,12/22/10 14:28,0.42,12383
539840,22540,MINI JIGSAW CIRCUS PARADE,24.0,12/22/10 14:28,0.42,12383
539840,22547,MINI JIGSAW DINOSAUR,24.0,12/22/10 14:28,0.42,12383
539840,21703,BAG 125g SWIRLY MARBLES,12.0,12/22/10 14:28,0.42,12383
539840,20973,12 PENCIL SMALL TUBE WOODLAND,24.0,12/22/10 14:28,0.65,12383
539840,20974,12 PENCILS SMALL TUBE SKULL,24.0,12/22/10 14:28,0.65,12383
539840,20975,12 PENCILS SMALL TUBE RED RETROSPOT,24.0,12/22/10 14:28,0.65,12383
539840,16045,POPART WOODEN PENCILS ASST,100.0,12/22/10 14:28,0.12,12383
539840,22489,PACK OF 12 TRADITIONAL CRAYONS,24.0,12/22/10 14:28,0.42,12383
539840,84692,BOX OF 24 COCKTAIL PARASOLS,25.0,12/22/10 14:28,0.42,12383
539840,21212,PACK OF 72 RETROSPOT CAKE CASES,24.0,12/22/10 14:28,0.55,12383
539840,21213,PACK OF 72 SKULL CAKE CASES,24.0,12/22/10 14:28,0.55,12383
539840,22417,PACK OF 60 SPACEBOY CAKE CASES,24.0,12/22/10 14:28,0.55,12383
539840,21975,PACK OF 60 DINOSAUR CAKE CASES,24.0,12/22/10 14:28,0.55,12383
539840,22491,PACK OF 12 COLOURED PENCILS,12.0,12/22/10 14:28,0.85,12383
539840,22492,MINI PAINT SET VINTAGE,36.0,12/22/10 14:28,0.65,12383
539840,22080,RIBBON REEL POLKADOTS,10.0,12/22/10 14:28,1.65,12383
539840,22082,RIBBON REEL STRIPES DESIGN,10.0,12/22/10 14:28,1.65,12383
539840,22722,SET OF 6 SPICE TINS PANTRY DESIGN,12.0,12/22/10 14:28,3.95,12383
539840,22315,200 RED + WHITE BENDY STRAWS,12.0,12/22/10 14:28,1.25,12383
539840,22090,PAPER BUNTING RETROSPOT,6.0,12/22/10 14:28,2.95,12383
539840,21086,SET/6 RED SPOTTY PAPER CUPS,12.0,12/22/10 14:28,0.65,12383
539840,21987,PACK OF 6 SKULL PAPER CUPS,12.0,12/22/10 14:28,0.65,12383
539840,21094,SET/6 RED SPOTTY PAPER PLATES,12.0,12/22/10 14:28,0.85,12383
539840,21988,PACK OF 6 SKULL PAPER PLATES,12.0,12/22/10 14:28,0.85,12383
539840,21080,SET/20 RED RETROSPOT PAPER NAPKINS,12.0,12/22/10 14:28,0.85,12383
539840,21989,PACK OF 20 SKULL PAPER NAPKINS,12.0,12/22/10 14:28,0.85,12383
539840,22316,200 BENDY SKULL STRAWS,12.0,12/22/10 14:28,1.25,12383
539840,,POSTAGE,3.0,12/22/10 14:28,15.0,12383
,22666,RECIPE BOX PANTRY YELLOW DESIGN,-1.0,1/5/11 11:21,2.95,12395
,22060,LARGE CAKE STAND HANGING HEARTS,-1.0,1/6/11 17:57,9.95,12417
,22666,RECIPE BOX PANTRY YELLOW DESIGN,-1.0,1/6/11 17:57,2.95,12417
,22845,VINTAGE CREAM CAT FOOD CONTAINER,-3.0,1/6/11 17:57,6.35,12417
540971,22540,MINI JIGSAW CIRCUS PARADE,48.0,1/12/11 14:10,0.42,12383
540971,22543,MINI JIGSAW BAKE A CAKE,24.0,1/12/11 14:10,0.42,12383
540971,22544,MINI JIGSAW SPACEBOY,48.0,1/12/11 14:10,0.42,12383
540971,22547,MINI JIGSAW DINOSAUR,48.0,1/12/11 14:10,0.42,12383
540971,22492,MINI PAINT SET VINTAGE,36.0,1/12/11 14:10,0.65,12383
540971,22489,PACK OF 12 TRADITIONAL CRAYONS,144.0,1/12/11 14:10,0.36,12383
540971,22551,PLASTERS IN TIN SPACEBOY,12.0,1/12/11 14:10,1.65,12383
540971,22553,PLASTERS IN TIN SKULLS,12.0,1/12/11 14:10,1.65,12383
540971,22556,PLASTERS IN TIN CIRCUS PARADE,12.0,1/12/11 14:10,1.65,12383
540971,22554,PLASTERS IN TIN WOODLAND ANIMALS,12.0,1/12/11 14:10,1.65,12383
540971,,POSTAGE,4.0,1/12/11 14:10,15.0,12383
540971,21218,RED SPOTTY BISCUIT TIN,12.0,1/12/11 14:10,3.75,12383
540971,22625,RED KITCHEN SCALES,2.0,1/12/11 14:10,8.5,12383
540971,22930,BAKING MOULD HEART MILK CHOCOLATE,6.0,1/12/11 14:10,2.55,12383
540971,22933,BAKING MOULD EASTER EGG MILK CHOC,6.0,1/12/11 14:10,2.95,12383
540971,22965,3 TRADITIONAl BISCUIT CUTTERS  SET,6.0,1/12/11 14:10,2.1,12383
540971,84375,SET OF 20 KIDS COOKIE CUTTERS,24.0,1/12/11 14:10,2.1,12383
540971,22966,GINGERBREAD MAN COOKIE CUTTER,24.0,1/12/11 14:10,1.25,12383
540971,20677,PINK POLKADOT BOWL,8.0,1/12/11 14:10,1.25,12383
540971,20676,RED RETROSPOT BOWL,8.0,1/12/11 14:10,1.25,12383
540971,20675,BLUE POLKADOT BOWL,8.0,1/12/11 14:10,1.25,12383
540971,22630,DOLLY GIRL LUNCH BOX,12.0,1/12/11 14:10,1.95,12383
540971,22631,CIRCUS PARADE LUNCH BOX,12.0,1/12/11 14:10,1.95,12383
540971,22629,SPACEBOY LUNCH BOX,12.0,1/12/11 14:10,1.95,12383
540971,22624,IVORY KITCHEN SCALES,2.0,1/12/11 14:10,8.5,12383
540971,21244,BLUE POLKADOT PLATE,8.0,1/12/11 14:10,1.69,12383
540971,21243,PINK  POLKADOT PLATE,8.0,1/12/11 14:10,1.69,12383
540971,21242,RED RETROSPOT PLATE,8.0,1/12/11 14:10,1.69,12383
540971,21240,BLUE POLKADOT CUP,8.0,1/12/11 14:10,0.85,12383
540971,21239,PINK  POLKADOT CUP,8.0,1/12/11 14:10,0.85,12383
540971,21238,RED RETROSPOT CUP,8.0,1/12/11 14:10,0.85,12383
,21218,RED SPOTTY BISCUIT TIN,-3.0,1/19/11 14:36,3.75,12383
541675,20712,JUMBO BAG WOODLAND ANIMALS,10.0,1/20/11 13:49,1.95,12402
541675,22663,JUMBO BAG DOLLY GIRL DESIGN,10.0,1/20/11 13:49,1.95,12402
541675,,JUMBO BAG STRAWBERRY,10.0,1/20/11 13:49,1.95,12402
541675,21929,JUMBO BAG PINK VINTAGE PAISLEY,10.0,1/20/11 13:49,1.95,12402
541675,21928,JUMBO BAG SCANDINAVIAN PAISLEY,10.0,1/20/11 13:49,1.95,12402
541675,22630,DOLLY GIRL LUNCH BOX,12.0,1/20/11 13:49,1.95,12402
541675,22326,ROUND SNACK BOXES SET OF4 WOODLAND,12.0,1/20/11 13:49,2.95,12402
541675,22957,SET 3 PAPER VINTAGE CHICK PAPER EGG,6.0,1/20/11 13:49,2.95,12402
541675,22859,EASTER TIN BUNNY BOUQUET,6.0,1/20/11 13:49,1.65,12402
541675,22432,WATERING CAN PINK BUNNY,6.0,1/20/11 13:49,1.95,12402
541675,,POSTAGE,2.0,1/20/11 13:49,15.0,12402
541991,22624,IVORY KITCHEN SCALES,2.0,1/25/11 9:11,8.5,12417
541991,22722,SET OF 6 SPICE TINS PANTRY DESIGN,4.0,1/25/11 9:11,3.95,12417
541991,22915,ASSORTED BOTTLE TOP  MAGNETS,12.0,1/25/11 9:11,0.42,12417
541991,22957,SET 3 PAPER VINTAGE CHICK PAPER EGG,6.0,1/25/11 9:11,2.95,12417
541991,22720,SET OF 3 CAKE TINS PANTRY DESIGN,3.0,1/25/11 9:11,4.95,12417
541991,21672,WHITE SPOT RED CERAMIC DRAWER KNOB,36.0,1/25/11 9:11,1.25,12417
541991,22236,CAKE STAND 3 TIER MAGIC GARDEN,3.0,1/25/11 9:11,12.75,12417
541991,,RED 3 PIECE RETROSPOT CUTLERY SET,6.0,1/25/11 9:11,3.75,12417
541991,21578,WOODLAND DESIGN  COTTON TOTE BAG,6.0,1/25/11 9:11,2.25,12417
541991,,PINK NEW BAROQUE FLOCK CANDLESTICK,3.0,1/25/11 9:11,4.65,12417
541991,22960,JAM MAKING SET WITH JARS,6.0,1/25/11 9:11,4.25,12417
541991,22962,JAM JAR WITH PINK LID,12.0,1/25/11 9:11,0.85,12417
541991,21257,VICTORIAN SEWING BOX MEDIUM,2.0,1/25/11 9:11,7.95,12417
541991,84819,DANISH ROSE ROUND SEWING BOX,3.0,1/25/11 9:11,4.25,12417
541991,,BLUE SAVANNAH PICNIC HAMPER FOR 2,2.0,1/25/11 9:11,12.75,12417
541991,,POSTAGE,2.0,1/25/11 9:11,15.0,12417
543117,22846,BREAD BIN DINER STYLE RED,4.0,2/3/11 13:30,14.95,12464
543117,22847,BREAD BIN DINER STYLE IVORY,4.0,2/3/11 13:30,14.95,12464
543117,22467,GUMBALL COAT RACK,6.0,2/3/11 13:30,2.55,12464
543117,22625,RED KITCHEN SCALES,2.0,2/3/11 13:30,8.5,12464
543117,22624,IVORY KITCHEN SCALES,2.0,2/3/11 13:30,8.5,12464
543117,,POSTAGE,3.0,2/3/11 13:30,15.0,12464
543537,,EDWARDIAN PARASOL BLACK,3.0,2/9/11 13:50,5.95,12401
543537,22423,REGENCY CAKESTAND 3 TIER,2.0,2/9/11 13:50,12.75,12401
543537,21843,RED RETROSPOT CAKE STAND,1.0,2/9/11 13:50,10.95,12401
543537,,CHERRY BLOSSOM DECORATIVE FLASK,4.0,2/9/11 13:50,3.75,12401
543537,,POSTAGE,1.0,2/9/11 13:50,15.0,12401
543733,22539,MINI JIGSAW DOLLY GIRL,24.0,2/11/11 12:16,0.42,12395
543733,22544,MINI JIGSAW SPACEBOY,24.0,2/11/11 12:16,0.42,12395
543733,22545,MINI JIGSAW BUNNIES,24.0,2/11/11 12:16,0.42,12395
543733,22540,MINI JIGSAW CIRCUS PARADE,48.0,2/11/11 12:16,0.42,12395
543733,22547,MINI JIGSAW DINOSAUR,24.0,2/11/11 12:16,0.42,12395
543733,22556,PLASTERS IN TIN CIRCUS PARADE,12.0,2/11/11 12:16,1.65,12395
543733,22147,FELTCRAFT BUTTERFLY HEARTS,12.0,2/11/11 12:16,1.45,12395
543733,22352,LUNCH BOX WITH CUTLERY RETROSPOT,6.0,2/11/11 12:16,2.55,12395
543733,21559,STRAWBERRY LUNCH BOX WITH CUTLERY,6.0,2/11/11 12:16,2.55,12395
543733,,SET/3 POLKADOT STACKING TINS,3.0,2/11/11 12:16,4.95,12395
543733,21218,RED SPOTTY BISCUIT TIN,6.0,2/11/11 12:16,3.75,12395
543733,22740,POLKADOT PEN,48.0,2/11/11 12:16,0.85,12395
543733,22531,MAGIC DRAWING SLATE CIRCUS PARADE,24.0,2/11/11 12:16,0.42,12395
543733,,POSTAGE,1.0,2/11/11 12:16,15.0,12395
544193,22382,LUNCH BAG SPACEBOY DESIGN,10.0,2/17/11 8:23,1.65,12431
544193,22326,ROUND SNACK BOXES SET OF4 WOODLAND,6.0,2/17/11 8:23,2.95,12431
544193,21080,SET/20 RED RETROSPOT PAPER NAPKINS,12.0,2/17/11 8:23,0.85,12431
544193,22131,FOOD CONTAINER SET 3 LOVE HEART,6.0,2/17/11 8:23,1.95,12431
544193,21527,RED RETROSPOT TRADITIONAL TEAPOT,2.0,2/17/11 8:23,7.95,12431
544193,21537,RED RETROSPOT PUDDING BOWL,4.0,2/17/11 8:23,4.25,12431
544193,22328,ROUND SNACK BOXES SET OF 4 FRUITS,6.0,2/17/11 8:23,2.95,12431
544193,22329,ROUND CONTAINER SET OF 5 RETROSPOT,12.0,2/17/11 8:23,1.65,12431
544193,22352,LUNCH BOX WITH CUTLERY RETROSPOT,6.0,2/17/11 8:23,2.55,12431
544193,22951,60 CAKE CASES DOLLY GIRL DESIGN,24.0,2/17/11 8:23,0.55,12431
544193,21240,BLUE POLKADOT CUP,8.0,2/17/11 8:23,0.85,12431
544193,21524,DOORMAT SPOTTY HOME SWEET HOME,2.0,2/17/11 8:23,7.95,12431
544193,22204,MILK PAN BLUE POLKADOT,4.0,2/17/11 8:23,3.75,12431
544193,21217,RED RETROSPOT ROUND CAKE TINS,1.0,2/17/11 8:23,9.95,12431
544193,,SET/3 DECOUPAGE STACKING TINS,3.0,2/17/11 8:23,4.95,12431
544193,,SET/3 POLKADOT STACKING TINS,3.0,2/17/11 8:23,4.95,12431
544193,21428,SET3 BOOK BOX GREEN GINGHAM FLOWER,4.0,2/17/11 8:23,4.25,12431
544193,,S/4 VALENTINE DECOUPAGE HEART BOX,6.0,2/17/11 8:23,2.95,12431
544193,22354,RETROSPOT PADDED SEAT CUSHION,5.0,2/17/11 8:23,3.75,12431
544193,21533,RETROSPOT LARGE MILK JUG,6.0,2/17/11 8:23,4.95,12431
544193,21239,PINK  POLKADOT CUP,8.0,2/17/11 8:23,0.85,12431
544193,20677,PINK POLKADOT BOWL,8.0,2/17/11 8:23,1.25,12431
544193,20675,BLUE POLKADOT BOWL,8.0,2/17/11 8:23,1.25,12431
544193,22975,SPACEBOY CHILDRENS EGG CUP,12.0,2/17/11 8:23,1.25,12431
544193,22976,CIRCUS PARADE CHILDRENS EGG CUP,12.0,2/17/11 8:23,1.25,12431
544193,22977,DOLLY GIRL CHILDRENS EGG CUP,12.0,2/17/11 8:23,1.25,12431
544193,22988,SOLDIERS EGG CUP,12.0,2/17/11 8:23,1.25,12431
544193,,ENGLISH ROSE GARDEN SECATEURS,12.0,2/17/11 8:23,1.95,12431
544193,22846,BREAD BIN DINER STYLE RED,1.0,2/17/11 8:23,16.95,12431
544193,22971,QUEENS GUARD COFFEE MUG,6.0,2/17/11 8:23,2.55,12431
544193,22629,SPACEBOY LUNCH BOX,12.0,2/17/11 8:23,1.95,12431
544193,22631,CIRCUS PARADE LUNCH BOX,12.0,2/17/11 8:23,1.95,12431
544193,22356,CHARLOTTE BAG PINK POLKADOT,10.0,2/17/11 8:23,0.85,12431
544193,20724,RED RETROSPOT CHARLOTTE BAG,10.0,2/17/11 8:23,0.85,12431
544193,21000,ROSE DU SUD COSMETICS BAG,6.0,2/17/11 8:23,4.25,12431
544193,21001,ROSE DU SUD WASHBAG,3.0,2/17/11 8:23,5.95,12431
544193,,POSTAGE,5.0,2/17/11 8:23,15.0,12431
544203,21913,VINTAGE SEASIDE JIGSAW PUZZLES,4.0,2/17/11 10:30,3.75,12362
544203,22431,WATERING CAN BLUE ELEPHANT,6.0,2/17/11 10:30,1.95,12362
544203,22432,WATERING CAN PINK BUNNY,6.0,2/17/11 10:30,1.95,12362
544203,21746,SMALL RED RETROSPOT WINDMILL,12.0,2/17/11 10:30,1.25,12362
544203,21747,SMALL SKULL WINDMILL,12.0,2/17/11 10:30,1.25,12362
544203,22272,FELTCRAFT DOLL MARIA,6.0,2/17/11 10:30,2.95,12362
544203,22273,FELTCRAFT DOLL MOLLY,6.0,2/17/11 10:30,2.95,12362
544203,22565,FELTCRAFT HAIRBANDS PINK AND WHITE,12.0,2/17/11 10:30,0.85,12362
544203,22090,PAPER BUNTING RETROSPOT,6.0,2/17/11 10:30,2.95,12362
544203,,TEA TIME PARTY BUNTING,4.0,2/17/11 10:30,4.95,12362
544203,,PACK 3 FIRE ENGINE/CAR PATCHES,12.0,2/17/11 10:30,1.25,12362
544203,,PACK 3 IRON ON DOG PATCHES,12.0,2/17/11 10:30,1.25,12362
544203,21715,GIRLS VINTAGE TIN SEASIDE BUCKET,8.0,2/17/11 10:30,2.55,12362
544203,21716,BOYS VINTAGE TIN SEASIDE BUCKET,8.0,2/17/11 10:30,2.55,12362
544203,21718,RED METAL BEACH SPADE,12.0,2/17/11 10:30,1.25,12362
544203,22551,PLASTERS IN TIN SPACEBOY,12.0,2/17/11 10:30,1.65,12362
544203,22554,PLASTERS IN TIN WOODLAND ANIMALS,12.0,2/17/11 10:30,1.65,12362
544203,20694,FLORAL PINK MONSTER,4.0,2/17/11 10:30,3.75,12362
544203,20699,MOUSEY LONG LEGS SOFT TOY,6.0,2/17/11 10:30,2.55,12362
544203,20728,LUNCH BAG CARS BLUE,10.0,2/17/11 10:30,1.65,12362
544203,20726,LUNCH BAG WOODLAND,10.0,2/17/11 10:30,1.65,12362
544203,20725,LUNCH BAG RED RETROSPOT,10.0,2/17/11 10:30,1.65,12362
544203,21561,DINOSAUR LUNCH BOX WITH CUTLERY,6.0,2/17/11 10:30,2.55,12362
544203,21559,STRAWBERRY LUNCH BOX WITH CUTLERY,6.0,2/17/11 10:30,2.55,12362
544203,22629,SPACEBOY LUNCH BOX,12.0,2/17/11 10:30,1.95,12362
544203,22630,DOLLY GIRL LUNCH BOX,12.0,2/17/11 10:30,1.95,12362
544203,,POSTAGE,3.0,2/17/11 10:30,15.0,12362
,,SET/3 POLKADOT STACKING TINS,-3.0,2/18/11 15:16,4.95,12395
544474,20724,RED RETROSPOT CHARLOTTE BAG,10.0,2/21/11 9:52,0.85,12423
544474,22907,PACK OF 20 NAPKINS PANTRY DESIGN,12.0,2/21/11 9:52,0.85,12423
544474,22962,JAM JAR WITH PINK LID,12.0,2/21/11 9:52,0.85,12423
544474,22398,MAGNETS PACK OF 4 SWALLOWS,12.0,2/21/11 9:52,1.25,12423
544474,22252,BIRDCAGE DECORATION TEALIGHT HOLDER,12.0,2/21/11 9:52,1.25,12423
544474,22969,HOMEMADE JAM SCENTED CANDLES,12.0,2/21/11 9:52,1.45,12423
544474,,S/4 PINK FLOWER CANDLES IN BOWL,12.0,2/21/11 9:52,1.65,12423
544474,,STRAWBRY SCENTED VOTIVE CANDLE,24.0,2/21/11 9:52,0.29,12423
544474,,ORANGE VOTIVE CANDLE,24.0,2/21/11 9:52,0.29,12423
544474,22893,MINI CAKE STAND T-LIGHT HOLDER,24.0,2/21/11 9:52,0.42,12423
544474,22326,ROUND SNACK BOXES SET OF4 WOODLAND,6.0,2/21/11 9:52,2.95,12423
544474,22328,ROUND SNACK BOXES SET OF 4 FRUITS,6.0,2/21/11 9:52,2.95,12423
544474,22720,SET OF 3 CAKE TINS PANTRY DESIGN,3.0,2/21/11 9:52,4.95,12423
544474,21980,PACK OF 12 RED RETROSPOT TISSUES,24.0,2/21/11 9:52,0.29,12423
544474,,POSTAGE,1.0,2/21/11 9:52,15.0,12423
,22629,SPACEBOY LUNCH BOX,-1.0,2/24/11 13:05,1.95,12362
,22273,FELTCRAFT DOLL MOLLY,-1.0,2/24/11 13:05,2.95,12362
545017,22630,DOLLY GIRL LUNCH BOX,12.0,2/25/11 13:51,1.95,12361
545017,22326,ROUND SNACK BOXES SET OF4 WOODLAND,6.0,2/25/11 13:51,2.95,12361
545017,20726,LUNCH BAG WOODLAND,10.0,2/25/11 13:51,1.65,12361
545017,20725,LUNCH BAG RED RETROSPOT,10.0,2/25/11 13:51,1.65,12361
545017,22328,ROUND SNACK BOXES SET OF 4 FRUITS,6.0,2/25/11 13:51,2.95,12361
545017,22382,LUNCH BAG SPACEBOY DESIGN,10.0,2/25/11 13:51,1.65,12361
545017,22629,SPACEBOY LUNCH BOX,12.0,2/25/11 13:51,1.95,12361
545017,22631,CIRCUS PARADE LUNCH BOX,12.0,2/25/11 13:51,1.95,12361
545017,22555,PLASTERS IN TIN STRONGMAN,12.0,2/25/11 13:51,1.65,12361
545017,,POSTAGE,1.0,2/25/11 13:51,15.0,12361
545140,,POSTAGE,2.0,2/28/11 12:08,15.0,12464
545140,22467,GUMBALL COAT RACK,6.0,2/28/11 12:08,2.55,12464
545140,22846,BREAD BIN DINER STYLE RED,7.0,2/28/11 12:08,14.95,12464
545314,,RETRO PLASTIC DAISY TRAY,15.0,3/1/11 14:11,0.42,12866
545314,,CHILDRENS CUTLERY RETROSPOT RED,6.0,3/1/11 14:11,4.15,12866
545314,22376,AIRLINE BAG VINTAGE JET SET WHITE,4.0,3/1/11 14:11,4.25,12866
545314,21039,RED RETROSPOT SHOPPING BAG,6.0,3/1/11 14:11,2.55,12866
545314,20718,RED RETROSPOT SHOPPER BAG,10.0,3/1/11 14:11,1.25,12866
545314,21242,RED RETROSPOT PLATE,8.0,3/1/11 14:11,1.69,12866
545314,21238,RED RETROSPOT CUP,8.0,3/1/11 14:11,0.85,12866
545314,20676,RED RETROSPOT BOWL,8.0,3/1/11 14:11,1.25,12866
545314,21246,RED RETROSPOT BIG BOWL,6.0,3/1/11 14:11,4.95,12866
545314,21843,RED RETROSPOT CAKE STAND,3.0,3/1/11 14:11,10.95,12866
545314,21537,RED RETROSPOT PUDDING BOWL,8.0,3/1/11 14:11,4.25,12866
545314,21715,GIRLS VINTAGE TIN SEASIDE BUCKET,8.0,3/1/11 14:11,2.55,12866
545314,21716,BOYS VINTAGE TIN SEASIDE BUCKET,8.0,3/1/11 14:11,2.55,12866
545314,21718,RED METAL BEACH SPADE,12.0,3/1/11 14:11,1.25,12866
545314,20685,DOORMAT RED RETROSPOT,2.0,3/1/11 14:11,7.95,12866
545314,22414,DOORMAT NEIGHBOURHOOD WITCH,2.0,3/1/11 14:11,7.95,12866
545314,21749,LARGE RED RETROSPOT WINDMILL,6.0,3/1/11 14:11,2.1,12866
545314,22457,NATURAL SLATE HEART CHALKBOARD,6.0,3/1/11 14:11,2.95,12866
545314,21394,RED POLKADOT BEAKER,6.0,3/1/11 14:11,1.95,12866
545314,22628,PICNIC BOXES SET OF 3 RETROSPOT,4.0,3/1/11 14:11,4.95,12866
545314,22329,ROUND CONTAINER SET OF 5 RETROSPOT,12.0,3/1/11 14:11,1.65,12866
545314,21218,RED SPOTTY BISCUIT TIN,6.0,3/1/11 14:11,3.75,12866
545314,21217,RED RETROSPOT ROUND CAKE TINS,5.0,3/1/11 14:11,9.95,12866
545314,22073,RED RETROSPOT STORAGE JAR,4.0,3/1/11 14:11,3.75,12866
545314,22180,RETROSPOT LAMP,4.0,3/1/11 14:11,9.95,12866
545314,,POSTAGE,4.0,3/1/11 14:11,15.0,12866
545536,22993,SET OF 4 PANTRY JELLY MOULDS,12.0,3/3/11 14:12,1.25,12417
545536,23231,WRAP DOILEY DESIGN,25.0,3/3/11 14:12,0.42,12417
545536,22504,CABIN BAG VINTAGE RETROSPOT,1.0,3/3/11 14:12,29.95,12417
545536,22168,ORGANISER WOOD ANTIQUE WHITE,2.0,3/3/11 14:12,8.5,12417
545536,22770,MIRROR CORNICE,4.0,3/3/11 14:12,14.95,12417
545536,22169,FAMILY ALBUM WHITE PICTURE FRAME,2.0,3/3/11 14:12,8.5,12417
545536,22975,SPACEBOY CHILDRENS EGG CUP,12.0,3/3/11 14:12,1.25,12417
545536,22261,FELT EGG COSY WHITE RABBIT,12.0,3/3/11 14:12,0.85,12417
545536,21937,STRAWBERRY   PICNIC BAG,5.0,3/3/11 14:12,2.95,12417
545536,22501,PICNIC BASKET WICKER LARGE,2.0,3/3/11 14:12,9.95,12417
545536,21535,RED RETROSPOT SMALL MILK JUG,6.0,3/3/11 14:12,2.55,12417
545536,21531,RED RETROSPOT SUGAR JAM BOWL,6.0,3/3/11 14:12,2.55,12417
545536,84969,BOX OF 6 ASSORTED COLOUR TEASPOONS,6.0,3/3/11 14:12,4.25,12417
545536,21318,GLASS CHALICE BLUE SMALL,12.0,3/3/11 14:12,1.65,12417
545536,22223,CAKE PLATE LOVEBIRD PINK,6.0,3/3/11 14:12,4.95,12417
545536,21467,CHERRY CROCHET FOOD COVER,6.0,3/3/11 14:12,3.75,12417
545536,84820,DANISH ROSE TRINKET TRAYS,2.0,3/3/11 14:12,5.95,12417
545536,22794,SWEETHEART WIRE MAGAZINE RACK,2.0,3/3/11 14:12,7.95,12417
545536,,POSTAGE,3.0,3/3/11 14:12,15.0,12417
,21318,GLASS CHALICE BLUE SMALL,-6.0,3/10/11 11:19,1.65,12417
,22168,ORGANISER WOOD ANTIQUE WHITE,-1.0,3/10/11 11:19,8.5,12417
546434,22333,RETROSPOT PARTY BAG + STICKER SET,8.0,3/14/11 8:41,1.65,12383
546434,22168,ORGANISER WOOD ANTIQUE WHITE,2.0,3/14/11 8:41,8.5,12383
546434,22487,WHITE WOOD GARDEN PLANT LADDER,1.0,3/14/11 8:41,9.95,12383
546434,22760,"TRAY, BREAKFAST IN BED",6.0,3/14/11 8:41,10.95,12383
546434,,PINK & WHITE BREAKFAST TRAY,8.0,3/14/11 8:41,2.95,12383
546434,,BLUE & WHITE BREAKFAST TRAY,8.0,3/14/11 8:41,2.95,12383
546434,22975,SPACEBOY CHILDRENS EGG CUP,12.0,3/14/11 8:41,1.25,12383
546434,22977,DOLLY GIRL CHILDRENS EGG CUP,12.0,3/14/11 8:41,1.25,12383
546434,22326,ROUND SNACK BOXES SET OF4 WOODLAND,6.0,3/14/11 8:41,2.95,12383
546434,22328,ROUND SNACK BOXES SET OF 4 FRUITS,6.0,3/14/11 8:41,2.95,12383
546434,,CHILDRENS CUTLERY RETROSPOT RED,4.0,3/14/11 8:41,4.15,12383
546434,,CHILDRENS CUTLERY POLKADOT PINK,4.0,3/14/11 8:41,4.15,12383
546434,21242,RED RETROSPOT PLATE,8.0,3/14/11 8:41,1.69,12383
546434,22501,PICNIC BASKET WICKER LARGE,2.0,3/14/11 8:41,9.95,12383
546434,,POSTAGE,4.0,3/14/11 8:41,18.0,12383
547061,,TEA TIME OVEN GLOVE,20.0,3/20/11 13:21,1.25,12407
547061,22851,SET 20 NAPKINS FAIRY CAKES DESIGN,12.0,3/20/11 13:21,0.85,12407
547061,84987,SET OF 36 TEATIME PAPER DOILIES,12.0,3/20/11 13:21,1.45,12407
547061,,FAIRY CAKES NOTEBOOK A7 SIZE,16.0,3/20/11 13:21,0.42,12407
547061,22951,60 CAKE CASES DOLLY GIRL DESIGN,24.0,3/20/11 13:21,0.55,12407
547061,37448,CERAMIC CAKE DESIGN SPOTTED MUG,12.0,3/20/11 13:21,1.49,12407
547061,,PINK FAIRY CAKE CHILDRENS APRON,8.0,3/20/11 13:21,1.95,12407
547061,21109,LARGE CAKE TOWEL CHOCOLATE SPOTS,2.0,3/20/11 13:21,6.75,12407
547061,21975,PACK OF 60 DINOSAUR CAKE CASES,24.0,3/20/11 13:21,0.55,12407
547061,21976,PACK OF 60 MUSHROOM CAKE CASES,24.0,3/20/11 13:21,0.55,12407
547061,22417,PACK OF 60 SPACEBOY CAKE CASES,24.0,3/20/11 13:21,0.55,12407
547061,21972,SET OF 36 DINOSAUR PAPER DOILIES,12.0,3/20/11 13:21,1.45,12407
547061,22416,SET OF 36 DOILIES SPACEBOY DESIGN,12.0,3/20/11 13:21,1.45,12407
547061,22949,36 DOILIES DOLLY GIRL,12.0,3/20/11 13:21,1.45,12407
547061,,POSTAGE,1.0,3/20/11 13:21,15.0,12407
547109,,RED RETROSPOT UMBRELLA,3.0,3/21/11 11:46,5.95,12423
547109,23007,SPACEBOY BABY GIFT SET,1.0,3/21/11 11:46,16.95,12423
547109,23008,DOLLY GIRL BABY GIFT SET,1.0,3/21/11 11:46,16.95,12423
547109,22967,SET 3 SONG BIRD PAPER EGGS ASSORTED,6.0,3/21/11 11:46,2.95,12423
547109,22957,SET 3 PAPER VINTAGE CHICK PAPER EGG,6.0,3/21/11 11:46,2.95,12423
547109,22859,EASTER TIN BUNNY BOUQUET,6.0,3/21/11 11:46,1.65,12423
547109,22232,JIGSAW TOADSTOOLS 3 PIECE,8.0,3/21/11 11:46,1.65,12423
547109,22248,DECORATION  PINK CHICK MAGIC GARDEN,16.0,3/21/11 11:46,0.85,12423
547109,22742,MAKE YOUR OWN PLAYTIME CARD KIT,6.0,3/21/11 11:46,2.95,12423
547109,22367,CHILDRENS APRON SPACEBOY DESIGN,8.0,3/21/11 11:46,1.95,12423
547109,21156,RETROSPOT CHILDRENS APRON,8.0,3/21/11 11:46,1.95,12423
547109,20725,LUNCH BAG RED RETROSPOT,10.0,3/21/11 11:46,1.65,12423
547109,22382,LUNCH BAG SPACEBOY DESIGN,10.0,3/21/11 11:46,1.65,12423
547109,22328,ROUND SNACK BOXES SET OF 4 FRUITS,6.0,3/21/11 11:46,2.95,12423
547109,22628,PICNIC BOXES SET OF 3 RETROSPOT,4.0,3/21/11 11:46,4.95,12423
547109,22329,ROUND CONTAINER SET OF 5 RETROSPOT,12.0,3/21/11 11:46,1.65,12423
547109,22303,COFFEE MUG APPLES DESIGN,6.0,3/21/11 11:46,2.55,12423
547109,,JUMBO BAG RED RETROSPOT,10.0,3/21/11 11:46,1.95,12423
547109,22385,JUMBO BAG SPACEBOY DESIGN,10.0,3/21/11 11:46,1.95,12423
547109,,POSTAGE,2.0,3/21/11 11:46,15.0,12423
547412,21212,PACK OF 72 RETROSPOT CAKE CASES,24.0,3/23/11 9:42,0.55,12399
547412,21975,PACK OF 60 DINOSAUR CAKE CASES,24.0,3/23/11 9:42,0.55,12399
547412,21976,PACK OF 60 MUSHROOM CAKE CASES,24.0,3/23/11 9:42,0.55,12399
547412,22417,PACK OF 60 SPACEBOY CAKE CASES,24.0,3/23/11 9:42,0.55,12399
547412,21094,SET/6 RED SPOTTY PAPER PLATES,24.0,3/23/11 9:42,0.85,12399
547412,21080,SET/20 RED RETROSPOT PAPER NAPKINS,24.0,3/23/11 9:42,0.85,12399
547412,21086,SET/6 RED SPOTTY PAPER CUPS,24.0,3/23/11 9:42,0.65,12399
547412,21915,RED  HARMONICA IN BOX,12.0,3/23/11 9:42,1.25,12399
547412,21914,BLUE HARMONICA IN BOX,12.0,3/23/11 9:42,1.25,12399
547412,21703,BAG 125g SWIRLY MARBLES,24.0,3/23/11 9:42,0.42,12399
547412,21936,RED RETROSPOT PICNIC BAG,5.0,3/23/11 9:42,2.95,12399
547412,22416,SET OF 36 DOILIES SPACEBOY DESIGN,12.0,3/23/11 9:42,1.45,12399
547412,21210,SET OF 72 RETROSPOT PAPER  DOILIES,12.0,3/23/11 9:42,1.45,12399
547412,84988,SET OF 72 PINK HEART PAPER DOILIES,12.0,3/23/11 9:42,1.45,12399
547412,22534,MAGIC DRAWING SLATE SPACEBOY,24.0,3/23/11 9:42,0.42,12399
547412,22531,MAGIC DRAWING SLATE CIRCUS PARADE,24.0,3/23/11 9:42,0.42,12399
547412,20725,LUNCH BAG RED RETROSPOT,10.0,3/23/11 9:42,1.65,12399
547412,22537,MAGIC DRAWING SLATE DINOSAUR,24.0,3/23/11 9:42,0.42,12399
547412,22547,MINI JIGSAW DINOSAUR,24.0,3/23/11 9:42,0.42,12399
547412,,POSTAGE,1.0,3/23/11 9:42,15.0,12399
547517,22661,CHARLOTTE BAG DOLLY GIRL DESIGN,20.0,3/23/11 14:33,0.85,12395
547517,22356,CHARLOTTE BAG PINK POLKADOT,10.0,3/23/11 14:33,0.85,12395
547517,22355,CHARLOTTE BAG SUKI DESIGN,100.0,3/23/11 14:33,0.72,12395
547517,20719,WOODLAND CHARLOTTE BAG,10.0,3/23/11 14:33,0.85,12395
547517,20724,RED RETROSPOT CHARLOTTE BAG,100.0,3/23/11 14:33,0.72,12395
547517,21731,RED TOADSTOOL LED NIGHT LIGHT,12.0,3/23/11 14:33,1.65,12395
547517,84375,SET OF 20 KIDS COOKIE CUTTERS,12.0,3/23/11 14:33,2.1,12395
547517,22740,POLKADOT PEN,48.0,3/23/11 14:33,0.85,12395
547517,22326,ROUND SNACK BOXES SET OF4 WOODLAND,6.0,3/23/11 14:33,2.95,12395
547517,,POSTAGE,3.0,3/23/11 14:33,15.0,12395
547684,22099,CARAVAN SQUARE TISSUE BOX,12.0,3/24/11 14:46,1.25,12408
547684,22098,BOUDOIR SQUARE TISSUE BOX,12.0,3/24/11 14:46,1.25,12408
547684,23000,TRAVEL CARD WALLET TRANSPORT,24.0,3/24/11 14:46,0.42,12408
547684,23177,TREASURE ISLAND BOOK BOX,8.0,3/24/11 14:46,2.25,12408
547684,23176,ABC TREASURE BOOK BOX,8.0,3/24/11 14:46,2.25,12408
547684,22630,DOLLY GIRL LUNCH BOX,12.0,3/24/11 14:46,1.95,12408
547684,22551,PLASTERS IN TIN SPACEBOY,12.0,3/24/11 14:46,1.65,12408
547684,22748,POPPY'S PLAYHOUSE KITCHEN,6.0,3/24/11 14:46,2.1,12408
547684,22746,POPPY'S PLAYHOUSE LIVINGROOM,6.0,3/24/11 14:46,2.1,12408
547684,22745,POPPY'S PLAYHOUSE BEDROOM,6.0,3/24/11 14:46,2.1,12408
547684,22614,PACK OF 12 SPACEBOY TISSUES,24.0,3/24/11 14:46,0.29,12408
547684,23008,DOLLY GIRL BABY GIFT SET,3.0,3/24/11 14:46,16.95,12408
547684,23007,SPACEBOY BABY GIFT SET,3.0,3/24/11 14:46,16.95,12408
547684,22726,ALARM CLOCK BAKELIKE GREEN,12.0,3/24/11 14:46,3.75,12408
547684,22729,ALARM CLOCK BAKELIKE ORANGE,12.0,3/24/11 14:46,3.75,12408
547684,22727,ALARM CLOCK BAKELIKE RED,16.0,3/24/11 14:46,3.75,12408
547684,22725,ALARM CLOCK BAKELIKE CHOCOLATE,12.0,3/24/11 14:46,3.75,12408
547684,22728,ALARM CLOCK BAKELIKE PINK,4.0,3/24/11 14:46,3.75,12408
547684,22663,JUMBO BAG DOLLY GIRL DESIGN,10.0,3/24/11 14:46,1.95,12408
547684,20719,WOODLAND CHARLOTTE BAG,10.0,3/24/11 14:46,0.85,12408
547684,20724,RED RETROSPOT CHARLOTTE BAG,10.0,3/24/11 14:46,0.85,12408
547684,20723,STRAWBERRY CHARLOTTE BAG,10.0,3/24/11 14:46,0.85,12408
547684,21937,STRAWBERRY   PICNIC BAG,5.0,3/24/11 14:46,2.95,12408
547684,,JUMBO BAG STRAWBERRY,10.0,3/24/11 14:46,1.95,12408
547684,20712,JUMBO BAG WOODLAND ANIMALS,10.0,3/24/11 14:46,1.95,12408
547684,,JUMBO  BAG BAROQUE BLACK WHITE,10.0,3/24/11 14:46,1.95,12408
547684,,JUMBO BAG RED RETROSPOT,10.0,3/24/11 14:46,1.95,12408
547684,84012,MAGIC SHEEP WOOL GROWING FROM PAPER,12.0,3/24/11 14:46,2.55,12408
547684,84006,MAGIC TREE -PAPER FLOWERS,12.0,3/24/11 14:46,0.85,12408
547684,22245,"HOOK, 1 HANGER ,MAGIC GARDEN",12.0,3/24/11 14:46,0.85,12408
547684,22466,FAIRY TALE COTTAGE NIGHTLIGHT,12.0,3/24/11 14:46,1.95,12408
547684,,POSTAGE,5.0,3/24/11 14:46,15.0,12408
547685,22328,ROUND SNACK BOXES SET OF 4 FRUITS,6.0,3/24/11 14:47,2.95,12408
547685,22628,PICNIC BOXES SET OF 3 RETROSPOT,4.0,3/24/11 14:47,4.95,12408
547685,22666,RECIPE BOX PANTRY YELLOW DESIGN,6.0,3/24/11 14:47,2.95,12408
547685,20713,JUMBO BAG OWLS,10.0,3/24/11 14:47,1.95,12408
549249,22419,LIPSTICK PEN RED,12.0,4/7/11 12:04,0.42,12423
549249,22420,LIPSTICK PEN BABY PINK,12.0,4/7/11 12:04,0.42,12423
549249,23154,SET OF 4 JAM JAR MAGNETS,12.0,4/7/11 12:04,2.08,12423
549249,22352,LUNCH BOX WITH CUTLERY RETROSPOT,6.0,4/7/11 12:04,2.55,12423
549249,22399,MAGNETS PACK OF 4 CHILDHOOD MEMORY,12.0,4/7/11 12:04,1.25,12423
549249,,RETRO PLASTIC POLKA TRAY,15.0,4/7/11 12:04,0.42,12423
549249,,RETRO PLASTIC ELEPHANT TRAY,12.0,4/7/11 12:04,0.85,12423
549249,,RETRO PLASTIC 70'S TRAY,15.0,4/7/11 12:04,0.42,12423
549249,22432,WATERING CAN PINK BUNNY,6.0,4/7/11 12:04,1.95,12423
549249,22994,TRAVEL CARD WALLET RETROSPOT,24.0,4/7/11 12:04,0.42,12423
549249,23004,TRAVEL CARD WALLET PANTRY,24.0,4/7/11 12:04,0.42,12423
549249,21990,MODERN FLORAL STATIONERY SET,6.0,4/7/11 12:04,2.95,12423
549249,22329,ROUND CONTAINER SET OF 5 RETROSPOT,12.0,4/7/11 12:04,1.65,12423
549249,22326,ROUND SNACK BOXES SET OF4 WOODLAND,6.0,4/7/11 12:04,2.95,12423
549249,,SMALL DOLLY MIX DESIGN ORANGE BOWL,24.0,4/7/11 12:04,0.42,12423
549249,,SMALL MARSHMALLOWS PINK BOWL,24.0,4/7/11 12:04,0.42,12423
549249,23078,ICE CREAM PEN LIP GLOSS,24.0,4/7/11 12:04,1.25,12423
549249,,POSTAGE,2.0,4/7/11 12:04,15.0,12423
,22727,ALARM CLOCK BAKELIKE RED,-1.0,4/7/11 12:20,3.75,12408
,22725,ALARM CLOCK BAKELIKE CHOCOLATE,-1.0,4/7/11 12:20,3.75,12408
,20712,JUMBO BAG WOODLAND ANIMALS,-1.0,4/7/11 12:20,2.08,12408
,22466,FAIRY TALE COTTAGE NIGHTLIGHT,-1.0,4/7/11 12:20,1.95,12408
,22328,ROUND SNACK BOXES SET OF 4 FRUITS,-1.0,4/7/11 12:20,2.95,12408
,22628,PICNIC BOXES SET OF 3 RETROSPOT,-3.0,4/8/11 17:08,4.95,12408
549559,20712,JUMBO BAG WOODLAND ANIMALS,10.0,4/10/11 13:25,1.95,12447
549559,,JUMBO BAG RED RETROSPOT,10.0,4/10/11 13:25,1.95,12447
549559,20749,ASSORTED COLOUR MINI CASES,2.0,4/10/11 13:25,7.95,12447
549559,20750,RED RETROSPOT MINI CASES,2.0,4/10/11 13:25,7.95,12447
549559,21217,RED RETROSPOT ROUND CAKE TINS,2.0,4/10/11 13:25,9.95,12447
549559,22551,PLASTERS IN TIN SPACEBOY,12.0,4/10/11 13:25,1.65,12447
549559,22554,PLASTERS IN TIN WOODLAND ANIMALS,12.0,4/10/11 13:25,1.65,12447
549559,22556,PLASTERS IN TIN CIRCUS PARADE,12.0,4/10/11 13:25,1.65,12447
549559,22555,PLASTERS IN TIN STRONGMAN,12.0,4/10/11 13:25,1.65,12447
549559,21533,RETROSPOT LARGE MILK JUG,3.0,4/10/11 13:25,4.95,12447
549559,21535,RED RETROSPOT SMALL MILK JUG,6.0,4/10/11 13:25,2.55,12447
549559,21531,RED RETROSPOT SUGAR JAM BOWL,6.0,4/10/11 13:25,2.55,12447
549559,21238,RED RETROSPOT CUP,8.0,4/10/11 13:25,0.85,12447
549559,21242,RED RETROSPOT PLATE,8.0,4/10/11 13:25,1.69,12447
549559,21245,GREEN POLKADOT PLATE,8.0,4/10/11 13:25,1.69,12447
549559,20674,GREEN POLKADOT BOWL,8.0,4/10/11 13:25,1.25,12447
549559,20676,RED RETROSPOT BOWL,8.0,4/10/11 13:25,1.25,12447
549559,21246,RED RETROSPOT BIG BOWL,6.0,4/10/11 13:25,4.95,12447
549559,22303,COFFEE MUG APPLES DESIGN,6.0,4/10/11 13:25,2.55,12447
549559,22302,COFFEE MUG PEARS  DESIGN,6.0,4/10/11 13:25,2.55,12447
549559,22326,ROUND SNACK BOXES SET OF4 WOODLAND,6.0,4/10/11 13:25,2.95,12447
549559,22328,ROUND SNACK BOXES SET OF 4 FRUITS,6.0,4/10/11 13:25,2.95,12447
549559,22628,PICNIC BOXES SET OF 3 RETROSPOT,4.0,4/10/11 13:25,4.95,12447
549559,22631,CIRCUS PARADE LUNCH BOX,12.0,4/10/11 13:25,1.95,12447
549559,22659,LUNCH BOX I LOVE LONDON,12.0,4/10/11 13:25,1.95,12447
549559,,POSTAGE,3.0,4/10/11 13:25,15.0,12447
549825,21578,WOODLAND DESIGN  COTTON TOTE BAG,6.0,4/12/11 12:47,2.25,12463
549825,20963,APPLE BATH SPONGE,10.0,4/12/11 12:47,1.25,12463
549825,21107,CREAM SLICE FLANNEL PINK SPOT,6.0,4/12/11 12:47,2.95,12463
549825,85175,CACTI T-LIGHT CANDLES,16.0,4/12/11 12:47,0.42,12463
549825,21791,VINTAGE HEADS AND TAILS CARD GAME,12.0,4/12/11 12:47,1.25,12463
549825,22302,COFFEE MUG PEARS  DESIGN,6.0,4/12/11 12:47,2.55,12463
549825,22303,COFFEE MUG APPLES DESIGN,6.0,4/12/11 12:47,2.55,12463
549825,,SET/3 DECOUPAGE STACKING TINS,3.0,4/12/11 12:47,4.95,12463
549825,21494,ROTATING LEAVES T-LIGHT HOLDER,12.0,4/12/11 12:47,1.25,12463
549825,22326,ROUND SNACK BOXES SET OF4 WOODLAND,6.0,4/12/11 12:47,2.95,12463
549825,22629,SPACEBOY LUNCH BOX,12.0,4/12/11 12:47,1.95,12463
549825,22630,DOLLY GIRL LUNCH BOX,12.0,4/12/11 12:47,1.95,12463
549825,23176,ABC TREASURE BOOK BOX,8.0,4/12/11 12:47,2.25,12463
549825,23076,ICE CREAM SUNDAE LIP GLOSS,24.0,4/12/11 12:47,1.25,12463
549825,,SINGLE HEART ZINC T-LIGHT HOLDER,12.0,4/12/11 12:47,0.95,12463
549825,21232,STRAWBERRY CERAMIC TRINKET BOX,12.0,4/12/11 12:47,1.25,12463
549825,20726,LUNCH BAG WOODLAND,10.0,4/12/11 12:47,1.65,12463
549825,21110,LARGE CAKE TOWEL PINK SPOTS,2.0,4/12/11 12:47,6.75,12463
549825,21731,RED TOADSTOOL LED NIGHT LIGHT,12.0,4/12/11 12:47,1.65,12463
549825,,POSTAGE,2.0,4/12/11 12:47,18.0,12463
,,POSTAGE,-2.0,4/12/11 12:55,3.0,12463
550284,22029,SPACEBOY BIRTHDAY CARD,12.0,4/15/11 14:10,0.42,12383
550284,22716,CARD CIRCUS PARADE,12.0,4/15/11 14:10,0.42,12383
550284,21508,VINTAGE KID DOLLY CARD,12.0,4/15/11 14:10,0.42,12383
550284,22717,CARD DOG AND BALL,12.0,4/15/11 14:10,0.42,12383
550284,,CHILDRENS CUTLERY POLKADOT GREEN,4.0,4/15/11 14:10,4.15,12383
550284,,CHILDRENS CUTLERY RETROSPOT RED,4.0,4/15/11 14:10,4.15,12383
550284,,CHILDRENS CUTLERY POLKADOT PINK,4.0,4/15/11 14:10,4.15,12383
550284,22894,TABLECLOTH RED APPLES DESIGN,2.0,4/15/11 14:10,9.95,12383
550284,22981,PANTRY APPLE CORER,12.0,4/15/11 14:10,1.45,12383
550284,22487,WHITE WOOD GARDEN PLANT LADDER,2.0,4/15/11 14:10,9.95,12383
550284,,POSTAGE,1.0,4/15/11 14:10,15.0,12383
550440,21977,PACK OF 60 PINK PAISLEY CAKE CASES,48.0,4/18/11 12:25,0.55,12407
550440,21212,PACK OF 72 RETROSPOT CAKE CASES,48.0,4/18/11 12:25,0.55,12407
550440,22951,60 CAKE CASES DOLLY GIRL DESIGN,24.0,4/18/11 12:25,0.55,12407
550440,23077,DOUGHNUT LIP GLOSS,20.0,4/18/11 12:25,1.25,12407
550440,22644,CERAMIC CHERRY CAKE MONEY BANK,12.0,4/18/11 12:25,1.45,12407
550440,37501,TEA TIME TEA SET IN GIFT BOX,3.0,4/18/11 12:25,6.95,12407
550440,21108,FAIRY CAKE FLANNEL ASSORTED COLOUR,9.0,4/18/11 12:25,2.55,12407
550440,23159,SET OF 5 PANCAKE DAY MAGNETS,12.0,4/18/11 12:25,2.08,12407
550440,22851,SET 20 NAPKINS FAIRY CAKES DESIGN,12.0,4/18/11 12:25,0.85,12407
550440,,TEA TIME OVEN GLOVE,10.0,4/18/11 12:25,1.25,12407
550440,22635,CHILDS BREAKFAST SET DOLLY GIRL,4.0,4/18/11 12:25,9.95,12407
550440,,POSTAGE,2.0,4/18/11 12:25,15.0,12407
551346,21866,UNION JACK FLAG LUGGAGE TAG,12.0,4/28/11 9:12,1.25,12362
551346,20750,RED RETROSPOT MINI CASES,2.0,4/28/11 9:12,7.95,12362
551346,22276,WASH BAG VINTAGE ROSE PAISLEY,6.0,4/28/11 9:12,2.55,12362
551346,20665,RED RETROSPOT PURSE,6.0,4/28/11 9:12,2.95,12362
551346,21576,LETS GO SHOPPING COTTON TOTE BAG,6.0,4/28/11 9:12,2.25,12362
551346,22372,AIRLINE BAG VINTAGE WORLD CHAMPION,4.0,4/28/11 9:12,4.25,12362
551346,47566,PARTY BUNTING,4.0,4/28/11 9:12,4.95,12362
551346,22613,PACK OF 20 SPACEBOY NAPKINS,12.0,4/28/11 9:12,0.85,12362
551346,22629,SPACEBOY LUNCH BOX,12.0,4/28/11 9:12,1.95,12362
551346,22382,LUNCH BAG SPACEBOY DESIGN,20.0,4/28/11 9:12,1.65,12362
551346,22383,LUNCH BAG SUKI DESIGN,10.0,4/28/11 9:12,1.65,12362
551346,22630,DOLLY GIRL LUNCH BOX,12.0,4/28/11 9:12,1.95,12362
551346,23208,LUNCH BAG VINTAGE LEAF DESIGN,10.0,4/28/11 9:12,1.65,12362
551346,23206,LUNCH BAG APPLE DESIGN,10.0,4/28/11 9:12,1.65,12362
551346,22662,LUNCH BAG DOLLY GIRL DESIGN,10.0,4/28/11 9:12,1.65,12362
551346,21561,DINOSAUR LUNCH BOX WITH CUTLERY,6.0,4/28/11 9:12,2.55,12362
551346,21918,SET 12 KIDS COLOUR  CHALK STICKS,24.0,4/28/11 9:12,0.42,12362
551346,21829,DINOSAUR KEYRINGS ASSORTED,36.0,4/28/11 9:12,0.21,12362
551346,37495,FAIRY CAKE BIRTHDAY CANDLE SET,4.0,4/28/11 9:12,3.75,12362
551346,22405,MONEY BOX POCKET MONEY DESIGN,12.0,4/28/11 9:12,1.25,12362
551346,21222,SET/4 BADGES BEETLES,10.0,4/28/11 9:12,1.25,12362
551346,84580,MOUSE TOY WITH PINK T-SHIRT,4.0,4/28/11 9:12,3.75,12362
551346,84581,DOG TOY WITH PINK CROCHET SKIRT,4.0,4/28/11 9:12,3.75,12362
551346,23256,CHILDRENS CUTLERY SPACEBOY,4.0,4/28/11 9:12,4.15,12362
551346,23254,CHILDRENS CUTLERY DOLLY GIRL,4.0,4/28/11 9:12,4.15,12362
551346,,PINK FAIRY CAKE CHILDRENS APRON,8.0,4/28/11 9:12,1.95,12362
551346,22367,CHILDRENS APRON SPACEBOY DESIGN,8.0,4/28/11 9:12,1.95,12362
551346,22908,PACK OF 20 NAPKINS RED APPLES,12.0,4/28/11 9:12,0.85,12362
551346,,POSTAGE,3.0,4/28/11 9:12,15.0,12362
551985,23256,CHILDRENS CUTLERY SPACEBOY,4.0,5/5/11 14:38,4.15,12395
551985,23254,CHILDRENS CUTLERY DOLLY GIRL,4.0,5/5/11 14:38,4.15,12395
551985,23255,CHILDRENS CUTLERY CIRCUS PARADE,4.0,5/5/11 14:38,4.15,12395
551985,22423,REGENCY CAKESTAND 3 TIER,1.0,5/5/11 14:38,12.75,12395
551985,22712,CARD DOLLY GIRL,12.0,5/5/11 14:38,0.42,12395
551985,22029,SPACEBOY BIRTHDAY CARD,12.0,5/5/11 14:38,0.42,12395
551985,22817,CARD SUKI BIRTHDAY,12.0,5/5/11 14:38,0.42,12395
551985,22329,ROUND CONTAINER SET OF 5 RETROSPOT,12.0,5/5/11 14:38,1.65,12395
551985,22628,PICNIC BOXES SET OF 3 RETROSPOT,4.0,5/5/11 14:38,4.95,12395
551985,22326,ROUND SNACK BOXES SET OF4 WOODLAND,6.0,5/5/11 14:38,2.95,12395
551985,,POSTAGE,1.0,5/5/11 14:38,15.0,12395
552188,22629,SPACEBOY LUNCH BOX,12.0,5/6/11 14:01,1.95,12394
552188,22551,PLASTERS IN TIN SPACEBOY,12.0,5/6/11 14:01,1.65,12394
552188,22630,DOLLY GIRL LUNCH BOX,12.0,5/6/11 14:01,1.95,12394
552188,22557,PLASTERS IN TIN VINTAGE PAISLEY,12.0,5/6/11 14:01,1.65,12394
552188,21240,BLUE POLKADOT CUP,8.0,5/6/11 14:01,0.85,12394
552188,20675,BLUE POLKADOT BOWL,8.0,5/6/11 14:01,1.25,12394
552188,20674,GREEN POLKADOT BOWL,8.0,5/6/11 14:01,1.25,12394
552188,20676,RED RETROSPOT BOWL,8.0,5/6/11 14:01,1.25,12394
552188,21245,GREEN POLKADOT PLATE,8.0,5/6/11 14:01,1.69,12394
552188,21244,BLUE POLKADOT PLATE,8.0,5/6/11 14:01,1.69,12394
552188,21242,RED RETROSPOT PLATE,16.0,5/6/11 14:01,1.69,12394
552188,23256,CHILDRENS CUTLERY SPACEBOY,8.0,5/6/11 14:01,4.15,12394
552188,23255,CHILDRENS CUTLERY CIRCUS PARADE,4.0,5/6/11 14:01,4.15,12394
552188,23254,CHILDRENS CUTLERY DOLLY GIRL,4.0,5/6/11 14:01,4.15,12394
552188,21238,RED RETROSPOT CUP,8.0,5/6/11 14:01,0.85,12394
552188,22631,CIRCUS PARADE LUNCH BOX,12.0,5/6/11 14:01,1.95,12394
552188,22556,PLASTERS IN TIN CIRCUS PARADE,12.0,5/6/11 14:01,1.65,12394
552188,22634,CHILDS BREAKFAST SET SPACEBOY,2.0,5/6/11 14:01,9.95,12394
552188,21452,TOADSTOOL MONEY BOX,6.0,5/6/11 14:01,2.95,12394
552188,22555,PLASTERS IN TIN STRONGMAN,12.0,5/6/11 14:01,1.65,12394
552188,,POSTAGE,2.0,5/6/11 14:01,15.0,12394
552543,21212,PACK OF 72 RETROSPOT CAKE CASES,48.0,5/10/11 10:22,0.55,12399
552543,21213,PACK OF 72 SKULL CAKE CASES,48.0,5/10/11 10:22,0.55,12399
552543,22417,PACK OF 60 SPACEBOY CAKE CASES,48.0,5/10/11 10:22,0.55,12399
552543,22951,60 CAKE CASES DOLLY GIRL DESIGN,48.0,5/10/11 10:22,0.55,12399
552543,21975,PACK OF 60 DINOSAUR CAKE CASES,48.0,5/10/11 10:22,0.55,12399
552543,21976,PACK OF 60 MUSHROOM CAKE CASES,48.0,5/10/11 10:22,0.55,12399
552543,84991,60 TEATIME FAIRY CAKE CASES,48.0,5/10/11 10:22,0.55,12399
552543,20726,LUNCH BAG WOODLAND,10.0,5/10/11 10:22,1.65,12399
552543,22662,LUNCH BAG DOLLY GIRL DESIGN,10.0,5/10/11 10:22,1.65,12399
552543,20727,LUNCH BAG  BLACK SKULL.,10.0,5/10/11 10:22,1.65,12399
552543,21915,RED  HARMONICA IN BOX,12.0,5/10/11 10:22,1.25,12399
552543,21914,BLUE HARMONICA IN BOX,12.0,5/10/11 10:22,1.25,12399
552543,22382,LUNCH BAG SPACEBOY DESIGN,10.0,5/10/11 10:22,1.65,12399
552543,22434,BALLOON PUMP WITH 10 BALLOONS,16.0,5/10/11 10:22,1.95,12399
552543,20725,LUNCH BAG RED RETROSPOT,10.0,5/10/11 10:22,1.65,12399
552543,21936,RED RETROSPOT PICNIC BAG,5.0,5/10/11 10:22,2.95,12399
552543,23209,LUNCH BAG DOILEY PATTERN,10.0,5/10/11 10:22,1.65,12399
552543,23203,JUMBO BAG DOILEY PATTERNS,10.0,5/10/11 10:22,2.08,12399
552543,23298,SPOTTY BUNTING,9.0,5/10/11 10:22,4.95,12399
552543,22620,4 TRADITIONAL SPINNING TOPS,12.0,5/10/11 10:22,1.45,12399
552543,22440,BALLOON WATER BOMB PACK OF 35,20.0,5/10/11 10:22,0.42,12399
552543,,POSTAGE,2.0,5/10/11 10:22,15.0,12399
552884,22727,ALARM CLOCK BAKELIKE RED,4.0,5/12/11 10:15,3.75,12395
552884,22728,ALARM CLOCK BAKELIKE PINK,4.0,5/12/11 10:15,3.75,12395
552884,22729,ALARM CLOCK BAKELIKE ORANGE,4.0,5/12/11 10:15,3.75,12395
552884,22730,ALARM CLOCK BAKELIKE IVORY,4.0,5/12/11 10:15,3.75,12395
552884,22666,RECIPE BOX PANTRY YELLOW DESIGN,6.0,5/12/11 10:15,2.95,12395
552884,84380,SET OF 3 BUTTERFLY COOKIE CUTTERS,12.0,5/12/11 10:15,1.25,12395
552884,22968,ROSE COTTAGE KEEPSAKE BOX,2.0,5/12/11 10:15,9.95,12395
552884,22029,SPACEBOY BIRTHDAY CARD,12.0,5/12/11 10:15,0.42,12395
552884,22712,CARD DOLLY GIRL,12.0,5/12/11 10:15,0.42,12395
552884,22817,CARD SUKI BIRTHDAY,12.0,5/12/11 10:15,0.42,12395
552884,23256,CHILDRENS CUTLERY SPACEBOY,4.0,5/12/11 10:15,4.15,12395
552884,21218,RED SPOTTY BISCUIT TIN,6.0,5/12/11 10:15,3.75,12395
552884,,POSTAGE,1.0,5/12/11 10:15,15.0,12395
553415,23148,MINIATURE ANTIQUE ROSE HOOK IVORY,12.0,5/17/11 10:02,0.83,12463
553415,,RETRO PLASTIC ELEPHANT TRAY,12.0,5/17/11 10:02,0.85,12463
553415,23084,RABBIT NIGHT LIGHT,6.0,5/17/11 10:02,2.08,12463
553415,23281,FOLDING BUTTERFLY MIRROR RED,12.0,5/17/11 10:02,0.83,12463
553415,23173,REGENCY TEAPOT ROSES,2.0,5/17/11 10:02,9.95,12463
553415,22326,ROUND SNACK BOXES SET OF4 WOODLAND,6.0,5/17/11 10:02,2.95,12463
553415,22629,SPACEBOY LUNCH BOX,12.0,5/17/11 10:02,1.95,12463
553415,22630,DOLLY GIRL LUNCH BOX,12.0,5/17/11 10:02,1.95,12463
553415,72741,GRAND CHOCOLATECANDLE,9.0,5/17/11 10:02,1.45,12463
553415,22077,6 RIBBONS RUSTIC CHARM,12.0,5/17/11 10:02,1.65,12463
553415,22423,REGENCY CAKESTAND 3 TIER,1.0,5/17/11 10:02,12.75,12463
553415,22661,CHARLOTTE BAG DOLLY GIRL DESIGN,10.0,5/17/11 10:02,0.85,12463
553415,22923,FRIDGE MAGNETS LES ENFANTS ASSORTED,12.0,5/17/11 10:02,0.85,12463
553415,22399,MAGNETS PACK OF 4 CHILDHOOD MEMORY,12.0,5/17/11 10:02,1.25,12463
553415,21731,RED TOADSTOOL LED NIGHT LIGHT,12.0,5/17/11 10:02,1.65,12463
553415,21165,BEWARE OF THE CAT METAL SIGN,12.0,5/17/11 10:02,1.69,12463
553415,21494,ROTATING LEAVES T-LIGHT HOLDER,12.0,5/17/11 10:02,1.25,12463
553415,,POSTAGE,2.0,5/17/11 10:02,18.0,12463
554147,23065,LARGE DECO JEWELLERY STAND,1.0,5/23/11 10:48,12.5,12423
554147,23066,SMALL DECO JEWELLERY STAND,2.0,5/23/11 10:48,8.25,12423
554147,15039,SANDALWOOD FAN,10.0,5/23/11 10:48,0.85,12423
554147,21705,BAG 500g SWIRLY MARBLES,12.0,5/23/11 10:48,1.65,12423
554147,21238,RED RETROSPOT CUP,8.0,5/23/11 10:48,0.85,12423
554147,22303,COFFEE MUG APPLES DESIGN,6.0,5/23/11 10:48,2.55,12423
554147,22302,COFFEE MUG PEARS  DESIGN,6.0,5/23/11 10:48,2.55,12423
554147,22352,LUNCH BOX WITH CUTLERY RETROSPOT,6.0,5/23/11 10:48,2.55,12423
554147,22319,HAIRCLIPS FORTIES FABRIC ASSORTED,12.0,5/23/11 10:48,0.65,12423
554147,22328,ROUND SNACK BOXES SET OF 4 FRUITS,6.0,5/23/11 10:48,2.95,12423
554147,22629,SPACEBOY LUNCH BOX,12.0,5/23/11 10:48,1.95,12423
554147,22968,ROSE COTTAGE KEEPSAKE BOX,2.0,5/23/11 10:48,9.95,12423
554147,22037,ROBOT BIRTHDAY CARD,12.0,5/23/11 10:48,0.42,12423
554147,22969,HOMEMADE JAM SCENTED CANDLES,12.0,5/23/11 10:48,1.45,12423
554147,,POSTAGE,2.0,5/23/11 10:48,15.0,12423
554147,21746,SMALL RED RETROSPOT WINDMILL,12.0,5/23/11 10:48,1.25,12423
554147,23084,RABBIT NIGHT LIGHT,6.0,5/23/11 10:48,2.08,12423
554147,21749,LARGE RED RETROSPOT WINDMILL,6.0,5/23/11 10:48,2.1,12423
554147,23199,JUMBO BAG APPLES,10.0,5/23/11 10:48,2.08,12423
554147,23256,CHILDRENS CUTLERY SPACEBOY,4.0,5/23/11 10:48,4.15,12423
554147,23254,CHILDRENS CUTLERY DOLLY GIRL,4.0,5/23/11 10:48,4.15,12423
554147,23204,CHARLOTTE BAG APPLES DESIGN,10.0,5/23/11 10:48,0.85,12423
554159,,POSTAGE,2.0,5/23/11 11:48,15.0,12464
554159,22467,GUMBALL COAT RACK,6.0,5/23/11 11:48,2.55,12464
554159,22847,BREAD BIN DINER STYLE IVORY,3.0,5/23/11 11:48,16.95,12464
554159,22846,BREAD BIN DINER STYLE RED,3.0,5/23/11 11:48,16.95,12464
554161,22625,RED KITCHEN SCALES,2.0,5/23/11 11:49,8.5,12464
554161,22624,IVORY KITCHEN SCALES,2.0,5/23/11 11:49,8.5,12464
,72741,GRAND CHOCOLATECANDLE,-2.0,5/24/11 17:30,1.45,12463
,21494,ROTATING LEAVES T-LIGHT HOLDER,-2.0,5/24/11 17:30,1.25,12463
554938,23203,JUMBO BAG DOILEY PATTERNS,10.0,5/27/11 13:34,2.08,12876
554938,23190,BUNDLE OF 3 SCHOOL EXERCISE BOOKS,12.0,5/27/11 13:34,1.65,12876
554938,,ENVELOPE 50 BLOSSOM IMAGES,12.0,5/27/11 13:34,0.42,12876
554938,,BLOSSOM IMAGES GIFT WRAP SET,72.0,5/27/11 13:34,0.65,12876
554938,21931,JUMBO STORAGE BAG SUKI,10.0,5/27/11 13:34,2.08,12876
554938,20712,JUMBO BAG WOODLAND ANIMALS,10.0,5/27/11 13:34,2.08,12876
554938,21929,JUMBO BAG PINK VINTAGE PAISLEY,10.0,5/27/11 13:34,2.08,12876
554938,20719,WOODLAND CHARLOTTE BAG,20.0,5/27/11 13:34,0.85,12876
554938,22355,CHARLOTTE BAG SUKI DESIGN,20.0,5/27/11 13:34,0.85,12876
554938,20723,STRAWBERRY CHARLOTTE BAG,20.0,5/27/11 13:34,0.85,12876
554938,20724,RED RETROSPOT CHARLOTTE BAG,20.0,5/27/11 13:34,0.85,12876
554938,22356,CHARLOTTE BAG PINK POLKADOT,20.0,5/27/11 13:34,0.85,12876
554938,23204,CHARLOTTE BAG APPLES DESIGN,20.0,5/27/11 13:34,0.85,12876
554938,22027,TEA PARTY BIRTHDAY CARD,12.0,5/27/11 13:34,0.42,12876
554938,21881,CUTE CATS TAPE,12.0,5/27/11 13:34,0.65,12876
554938,21880,RED RETROSPOT TAPE,12.0,5/27/11 13:34,0.65,12876
554938,21884,CAKES AND BOWS GIFT  TAPE,12.0,5/27/11 13:34,0.65,12876
554938,21731,RED TOADSTOOL LED NIGHT LIGHT,12.0,5/27/11 13:34,1.65,12876
554938,21481,FAWN BLUE HOT WATER BOTTLE,36.0,5/27/11 13:34,2.55,12876
554938,22139,RETROSPOT TEA SET CERAMIC 11 PC,3.0,5/27/11 13:34,4.95,12876
554938,21556,CERAMIC STRAWBERRY MONEY BOX,6.0,5/27/11 13:34,2.55,12876
554938,21843,RED RETROSPOT CAKE STAND,2.0,5/27/11 13:34,10.95,12876
554938,22423,REGENCY CAKESTAND 3 TIER,2.0,5/27/11 13:34,12.75,12876
554938,22965,3 TRADITIONAl BISCUIT CUTTERS  SET,6.0,5/27/11 13:34,2.1,12876
554938,22961,JAM MAKING SET PRINTED,12.0,5/27/11 13:34,1.45,12876
554938,21976,PACK OF 60 MUSHROOM CAKE CASES,48.0,5/27/11 13:34,0.55,12876
554938,21975,PACK OF 60 DINOSAUR CAKE CASES,24.0,5/27/11 13:34,0.55,12876
554938,22417,PACK OF 60 SPACEBOY CAKE CASES,24.0,5/27/11 13:34,0.55,12876
554938,21212,PACK OF 72 RETROSPOT CAKE CASES,24.0,5/27/11 13:34,0.55,12876
554938,22951,60 CAKE CASES DOLLY GIRL DESIGN,48.0,5/27/11 13:34,0.55,12876
554938,84991,60 TEATIME FAIRY CAKE CASES,48.0,5/27/11 13:34,0.55,12876
554938,84992,72 SWEETHEART FAIRY CAKE CASES,24.0,5/27/11 13:34,0.55,12876
554938,,BLOSSOM  IMAGES NOTEBOOK SET,24.0,5/27/11 13:34,1.25,12876
554938,,POSTAGE,4.0,5/27/11 13:34,15.0,12876
555161,23281,FOLDING BUTTERFLY MIRROR RED,12.0,6/1/11 9:26,0.83,12423
555161,23204,CHARLOTTE BAG APPLES DESIGN,10.0,6/1/11 9:26,0.85,12423
555161,20724,RED RETROSPOT CHARLOTTE BAG,10.0,6/1/11 9:26,0.85,12423
555161,23084,RABBIT NIGHT LIGHT,24.0,6/1/11 9:26,1.79,12423
555161,,POSTAGE,1.0,6/1/11 9:26,15.0,12423
555572,21935,SUKI  SHOULDER BAG,10.0,6/5/11 15:37,1.65,12449
555572,22355,CHARLOTTE BAG SUKI DESIGN,10.0,6/5/11 15:37,0.85,12449
555572,20724,RED RETROSPOT CHARLOTTE BAG,10.0,6/5/11 15:37,0.85,12449
555572,20750,RED RETROSPOT MINI CASES,2.0,6/5/11 15:37,7.95,12449
555572,20665,RED RETROSPOT PURSE,6.0,6/5/11 15:37,2.95,12449
555572,22449,SILK PURSE BABUSHKA PINK,6.0,6/5/11 15:37,3.35,12449
555572,22729,ALARM CLOCK BAKELIKE ORANGE,4.0,6/5/11 15:37,3.75,12449
555572,22728,ALARM CLOCK BAKELIKE PINK,4.0,6/5/11 15:37,3.75,12449
555572,22727,ALARM CLOCK BAKELIKE RED,4.0,6/5/11 15:37,3.75,12449
555572,21908,CHOCOLATE THIS WAY METAL SIGN,12.0,6/5/11 15:37,2.1,12449
555572,21216,"SET 3 RETROSPOT TEA,COFFEE,SUGAR",4.0,6/5/11 15:37,4.95,12449
555572,,RETRO PLASTIC ELEPHANT TRAY,12.0,6/5/11 15:37,0.85,12449
555572,,RETRO PLASTIC POLKA TRAY,12.0,6/5/11 15:37,0.85,12449
555572,,RETRO PLASTIC 70'S TRAY,15.0,6/5/11 15:37,0.42,12449
555572,22625,RED KITCHEN SCALES,2.0,6/5/11 15:37,8.5,12449
555572,22627,MINT KITCHEN SCALES,2.0,6/5/11 15:37,8.5,12449
555572,22626,BLACK KITCHEN SCALES,2.0,6/5/11 15:37,8.5,12449
555572,21217,RED RETROSPOT ROUND CAKE TINS,2.0,6/5/11 15:37,9.95,12449
555572,,CHARLIE AND LOLA FIGURES TINS,12.0,6/5/11 15:37,1.95,12449
555572,,PINK/PURPLE RETRO RADIO,6.0,6/5/11 15:37,2.95,12449
555572,23159,SET OF 5 PANCAKE DAY MAGNETS,12.0,6/5/11 15:37,2.08,12449
555572,20979,36 PENCILS TUBE RED RETROSPOT,16.0,6/5/11 15:37,1.25,12449
555572,22753,SMALL YELLOW BABUSHKA NOTEBOOK,12.0,6/5/11 15:37,0.85,12449
555572,22757,LARGE RED BABUSHKA NOTEBOOK,12.0,6/5/11 15:37,1.25,12449
555572,22758,LARGE PURPLE BABUSHKA NOTEBOOK,12.0,6/5/11 15:37,1.25,12449
555572,20766,GARDEN PATH SKETCHBOOK,4.0,6/5/11 15:37,3.75,12449
555572,20764,ABSTRACT CIRCLES SKETCHBOOK,4.0,6/5/11 15:37,3.75,12449
555572,21888,BINGO SET,4.0,6/5/11 15:37,3.75,12449
555572,21915,RED  HARMONICA IN BOX,12.0,6/5/11 15:37,1.25,12449
555572,23202,JUMBO BAG VINTAGE LEAF,10.0,6/5/11 15:37,2.08,12449
555572,22413,METAL SIGN TAKE IT OR LEAVE IT,6.0,6/5/11 15:37,2.95,12449
555572,21770,OPEN CLOSED METAL SIGN,2.0,6/5/11 15:37,4.95,12449
555572,22090,PAPER BUNTING RETROSPOT,6.0,6/5/11 15:37,2.95,12449
555572,21218,RED SPOTTY BISCUIT TIN,6.0,6/5/11 15:37,3.75,12449
555572,21906,PHARMACIE FIRST AID TIN,2.0,6/5/11 15:37,6.75,12449
555572,22326,ROUND SNACK BOXES SET OF4 WOODLAND,6.0,6/5/11 15:37,2.95,12449
555572,22328,ROUND SNACK BOXES SET OF 4 FRUITS,6.0,6/5/11 15:37,2.95,12449
555572,22629,SPACEBOY LUNCH BOX,12.0,6/5/11 15:37,1.95,12449
555572,22630,DOLLY GIRL LUNCH BOX,12.0,6/5/11 15:37,1.95,12449
555572,22631,CIRCUS PARADE LUNCH BOX,12.0,6/5/11 15:37,1.95,12449
555572,22382,LUNCH BAG SPACEBOY DESIGN,10.0,6/5/11 15:37,1.65,12449
555572,20726,LUNCH BAG WOODLAND,10.0,6/5/11 15:37,1.65,12449
555572,18007,ESSENTIAL BALM 3.5g TIN IN ENVELOPE,24.0,6/5/11 15:37,0.18,12449
555572,22471,TV DINNER TRAY AIR HOSTESS,3.0,6/5/11 15:37,4.95,12449
555572,23177,TREASURE ISLAND BOOK BOX,8.0,6/5/11 15:37,2.25,12449
555572,21791,VINTAGE HEADS AND TAILS CARD GAME,12.0,6/5/11 15:37,1.25,12449
555572,22548,HEADS AND TAILS SPORTING FUN,12.0,6/5/11 15:37,1.25,12449
555572,,POSTAGE,6.0,6/5/11 15:37,15.0,12449
555574,23170,REGENCY TEA PLATE ROSES,12.0,6/5/11 15:46,1.65,12417
555574,23173,REGENCY TEAPOT ROSES,2.0,6/5/11 15:46,9.95,12417
555574,23007,SPACEBOY BABY GIFT SET,1.0,6/5/11 15:46,16.95,12417
555574,23256,CHILDRENS CUTLERY SPACEBOY,4.0,6/5/11 15:46,4.15,12417
555574,23111,PARISIENNE SEWING BOX,2.0,6/5/11 15:46,12.5,12417
555574,23118,PARISIENNE JEWELLERY DRAWER,2.0,6/5/11 15:46,7.5,12417
555574,23080,RED METAL BOX TOP SECRET,4.0,6/5/11 15:46,8.25,12417
555574,23108,SET OF 10 LED DOLLY LIGHTS,2.0,6/5/11 15:46,6.25,12417
555574,22699,ROSES REGENCY TEACUP AND SAUCER,12.0,6/5/11 15:46,2.95,12417
555574,23010,CIRCUS PARADE BABY GIFT SET,1.0,6/5/11 15:46,16.95,12417
555574,21084,SET/6 COLLAGE PAPER CUPS,24.0,6/5/11 15:46,0.19,12417
555574,21090,SET/6 COLLAGE PAPER PLATES,12.0,6/5/11 15:46,0.39,12417
555574,22666,RECIPE BOX PANTRY YELLOW DESIGN,6.0,6/5/11 15:46,2.95,12417
555574,23174,REGENCY SUGAR BOWL GREEN,4.0,6/5/11 15:46,4.15,12417
555574,23175,REGENCY MILK JUG PINK,4.0,6/5/11 15:46,3.25,12417
555574,23210,WHITE ROCKING HORSE HAND PAINTED,24.0,6/5/11 15:46,1.25,12417
555574,22624,IVORY KITCHEN SCALES,2.0,6/5/11 15:46,8.5,12417
555574,22990,COTTON APRON PANTRY DESIGN,2.0,6/5/11 15:46,4.95,12417
555574,21042,RED RETROSPOT APRON,3.0,6/5/11 15:46,5.95,12417
555574,23008,DOLLY GIRL BABY GIFT SET,1.0,6/5/11 15:46,16.95,12417
555574,21430,SET/3 RED GINGHAM ROSE STORAGE BOX,4.0,6/5/11 15:46,3.75,12417
555574,22623,BOX OF VINTAGE JIGSAW BLOCKS,3.0,6/5/11 15:46,5.95,12417
555574,,POSTAGE,3.0,6/5/11 15:46,15.0,12417
555739,23206,LUNCH BAG APPLE DESIGN,10.0,6/7/11 9:49,1.65,12380
555739,23256,CHILDRENS CUTLERY SPACEBOY,4.0,6/7/11 9:49,4.15,12380
555739,23199,JUMBO BAG APPLES,10.0,6/7/11 9:49,2.08,12380
555739,23204,CHARLOTTE BAG APPLES DESIGN,10.0,6/7/11 9:49,0.85,12380
555739,20712,JUMBO BAG WOODLAND ANIMALS,10.0,6/7/11 9:49,2.08,12380
555739,23254,CHILDRENS CUTLERY DOLLY GIRL,8.0,6/7/11 9:49,4.15,12380
555739,22379,RECYCLING BAG RETROSPOT,5.0,6/7/11 9:49,2.1,12380
555739,22381,TOY TIDY PINK POLKADOT,5.0,6/7/11 9:49,2.1,12380
555739,22380,TOY TIDY SPACEBOY,5.0,6/7/11 9:49,2.1,12380
555739,22386,JUMBO BAG PINK POLKADOT,10.0,6/7/11 9:49,2.08,12380
555739,22385,JUMBO BAG SPACEBOY DESIGN,10.0,6/7/11 9:49,2.08,12380
555739,,JUMBO BAG RED RETROSPOT,10.0,6/7/11 9:49,2.08,12380
555739,,JUMBO BAG STRAWBERRY,10.0,6/7/11 9:49,2.08,12380
555739,22356,CHARLOTTE BAG PINK POLKADOT,10.0,6/7/11 9:49,0.85,12380
555739,22355,CHARLOTTE BAG SUKI DESIGN,10.0,6/7/11 9:49,0.85,12380
555739,20719,WOODLAND CHARLOTTE BAG,10.0,6/7/11 9:49,0.85,12380
555739,20724,RED RETROSPOT CHARLOTTE BAG,10.0,6/7/11 9:49,0.85,12380
555739,20723,STRAWBERRY CHARLOTTE BAG,10.0,6/7/11 9:49,0.85,12380
555739,21578,WOODLAND DESIGN  COTTON TOTE BAG,6.0,6/7/11 9:49,2.25,12380
555739,21936,RED RETROSPOT PICNIC BAG,5.0,6/7/11 9:49,2.95,12380
555739,21937,STRAWBERRY   PICNIC BAG,10.0,6/7/11 9:49,2.95,12380
555739,20725,LUNCH BAG RED RETROSPOT,10.0,6/7/11 9:49,1.65,12380
555739,20728,LUNCH BAG CARS BLUE,10.0,6/7/11 9:49,1.65,12380
555739,20726,LUNCH BAG WOODLAND,10.0,6/7/11 9:49,1.65,12380
555739,22326,ROUND SNACK BOXES SET OF4 WOODLAND,6.0,6/7/11 9:49,2.95,12380
555739,22382,LUNCH BAG SPACEBOY DESIGN,10.0,6/7/11 9:49,1.65,12380
555739,22383,LUNCH BAG SUKI DESIGN,10.0,6/7/11 9:49,1.65,12380
555739,22384,LUNCH BAG PINK POLKADOT,10.0,6/7/11 9:49,1.65,12380
555739,,CHILDRENS CUTLERY RETROSPOT RED,4.0,6/7/11 9:49,4.15,12380
555739,,CHILDRENS CUTLERY POLKADOT PINK,4.0,6/7/11 9:49,4.15,12380
555739,22362,GLASS JAR PEACOCK BATH SALTS,6.0,6/7/11 9:49,2.95,12380
555739,22363,GLASS JAR MARMALADE,6.0,6/7/11 9:49,2.95,12380
555739,20685,DOORMAT RED RETROSPOT,2.0,6/7/11 9:49,7.95,12380
555739,22399,MAGNETS PACK OF 4 CHILDHOOD MEMORY,12.0,6/7/11 9:49,1.25,12380
555739,22398,MAGNETS PACK OF 4 SWALLOWS,12.0,6/7/11 9:49,1.25,12380
555739,,POSTAGE,3.0,6/7/11 9:49,15.0,12380
555928,22487,WHITE WOOD GARDEN PLANT LADDER,4.0,6/8/11 8:02,8.5,12383
555928,22760,"TRAY, BREAKFAST IN BED",1.0,6/8/11 8:02,12.75,12383
555928,23094,LE GRAND TRAY CHIC SET,1.0,6/8/11 8:02,12.5,12383
555928,79000,MOROCCAN TEA GLASS,12.0,6/8/11 8:02,0.85,12383
555928,,POSTAGE,2.0,6/8/11 8:02,15.0,12383
556203,22492,MINI PAINT SET VINTAGE,108.0,6/9/11 13:09,0.65,12399
556203,23084,RABBIT NIGHT LIGHT,12.0,6/9/11 13:09,2.08,12399
556203,23221,REINDEER HEART DECORATION SILVER,12.0,6/9/11 13:09,0.83,12399
556203,23220,REINDEER HEART DECORATION GOLD,12.0,6/9/11 13:09,0.83,12399
556203,,POSTAGE,1.0,6/9/11 13:09,15.0,12399
557147,23244,ROUND STORAGE TIN VINTAGE LEAF,12.0,6/17/11 10:51,1.95,12408
557147,23235,STORAGE TIN VINTAGE LEAF,12.0,6/17/11 10:51,2.89,12408
557147,23237,SET OF 4 KNICK KNACK TINS LEAVES,6.0,6/17/11 10:51,4.15,12408
557147,23241,TREASURE TIN GYMKHANA DESIGN,6.0,6/17/11 10:51,2.08,12408
557147,22666,RECIPE BOX PANTRY YELLOW DESIGN,6.0,6/17/11 10:51,2.95,12408
557147,22348,TEA BAG PLATE RED RETROSPOT,12.0,6/17/11 10:51,0.85,12408
557147,22328,ROUND SNACK BOXES SET OF 4 FRUITS,12.0,6/17/11 10:51,2.95,12408
557147,22374,AIRLINE BAG VINTAGE JET SET RED,4.0,6/17/11 10:51,4.25,12408
557147,23199,JUMBO BAG APPLES,10.0,6/17/11 10:51,2.08,12408
557147,23204,CHARLOTTE BAG APPLES DESIGN,20.0,6/17/11 10:51,0.85,12408
557147,23283,DOORMAT VINTAGE LEAVES DESIGN,2.0,6/17/11 10:51,7.95,12408
557147,20719,WOODLAND CHARLOTTE BAG,20.0,6/17/11 10:51,0.85,12408
557147,20723,STRAWBERRY CHARLOTTE BAG,20.0,6/17/11 10:51,0.85,12408
557147,20724,RED RETROSPOT CHARLOTTE BAG,20.0,6/17/11 10:51,0.85,12408
557147,23084,RABBIT NIGHT LIGHT,6.0,6/17/11 10:51,2.08,12408
557147,23202,JUMBO BAG VINTAGE LEAF,10.0,6/17/11 10:51,2.08,12408
557147,23208,LUNCH BAG VINTAGE LEAF DESIGN,10.0,6/17/11 10:51,1.65,12408
557147,22908,PACK OF 20 NAPKINS RED APPLES,12.0,6/17/11 10:51,0.85,12408
557147,22629,SPACEBOY LUNCH BOX,24.0,6/17/11 10:51,1.95,12408
557147,22630,DOLLY GIRL LUNCH BOX,24.0,6/17/11 10:51,1.95,12408
557147,22974,CHILDRENS DOLLY GIRL MUG,12.0,6/17/11 10:51,1.65,12408
557147,22303,COFFEE MUG APPLES DESIGN,6.0,6/17/11 10:51,2.55,12408
557147,22972,CHILDREN'S SPACEBOY MUG,12.0,6/17/11 10:51,1.65,12408
557147,37475,SET/4 COLOURFUL MIXING BOWLS,6.0,6/17/11 10:51,8.49,12408
557147,22326,ROUND SNACK BOXES SET OF4 WOODLAND,6.0,6/17/11 10:51,2.95,12408
557147,21990,MODERN FLORAL STATIONERY SET,12.0,6/17/11 10:51,1.25,12408
557147,,ICON PLACEMAT POP ART ELVIS,24.0,6/17/11 10:51,0.12,12408
557147,,SCOTTIE DOGS BABY BIB,48.0,6/17/11 10:51,0.39,12408
557147,,POSTAGE,4.0,6/17/11 10:51,15.0,12408
557232,22326,ROUND SNACK BOXES SET OF4 WOODLAND,12.0,6/17/11 14:28,2.95,12463
557232,23190,BUNDLE OF 3 SCHOOL EXERCISE BOOKS,12.0,6/17/11 14:28,1.65,12463
557232,21990,MODERN FLORAL STATIONERY SET,12.0,6/17/11 14:28,1.25,12463
557232,,SMALL MARSHMALLOWS PINK BOWL,16.0,6/17/11 14:28,0.42,12463
557232,,BLOSSOM IMAGES GIFT WRAP SET,12.0,6/17/11 14:28,0.65,12463
557232,,ENVELOPE 50 BLOSSOM IMAGES,12.0,6/17/11 14:28,0.42,12463
557232,23245,SET OF 3 REGENCY CAKE TINS,4.0,6/17/11 14:28,4.95,12463
557232,23240,SET OF 4 KNICK KNACK TINS DOILEY,6.0,6/17/11 14:28,4.15,12463
557232,23289,DOLLY GIRL CHILDRENS BOWL,8.0,6/17/11 14:28,1.25,12463
557232,23290,SPACEBOY CHILDRENS BOWL,8.0,6/17/11 14:28,1.25,12463
557232,23291,DOLLY GIRL CHILDRENS CUP,8.0,6/17/11 14:28,1.25,12463
557232,23292,SPACE BOY CHILDRENS CUP,8.0,6/17/11 14:28,1.25,12463
557232,23203,JUMBO BAG DOILEY PATTERNS,10.0,6/17/11 14:28,2.08,12463
557232,20914,SET/5 RED RETROSPOT LID GLASS BOWLS,6.0,6/17/11 14:28,2.95,12463
557232,20726,LUNCH BAG WOODLAND,10.0,6/17/11 14:28,1.65,12463
557232,21880,RED RETROSPOT TAPE,12.0,6/17/11 14:28,0.65,12463
557232,21881,CUTE CATS TAPE,12.0,6/17/11 14:28,0.65,12463
557232,21883,STARS GIFT TAPE,12.0,6/17/11 14:28,0.65,12463
557232,22374,AIRLINE BAG VINTAGE JET SET RED,4.0,6/17/11 14:28,4.25,12463
557232,23281,FOLDING BUTTERFLY MIRROR RED,12.0,6/17/11 14:28,0.83,12463
557232,85173,SET/6 FROG PRINCE T-LIGHT CANDLES,6.0,6/17/11 14:28,2.55,12463
557232,,BISCUITS SMALL BOWL LIGHT BLUE,16.0,6/17/11 14:28,0.42,12463
557232,,POSTAGE,2.0,6/17/11 14:28,18.0,12463
557789,20750,RED RETROSPOT MINI CASES,12.0,6/22/11 16:32,6.35,12379
557789,20665,RED RETROSPOT PURSE,6.0,6/22/11 16:32,2.95,12379
557789,20674,GREEN POLKADOT BOWL,8.0,6/22/11 16:32,1.25,12379
557789,20676,RED RETROSPOT BOWL,8.0,6/22/11 16:32,1.25,12379
557789,21246,RED RETROSPOT BIG BOWL,6.0,6/22/11 16:32,4.95,12379
557789,22303,COFFEE MUG APPLES DESIGN,6.0,6/22/11 16:32,2.55,12379
557789,22301,COFFEE MUG CAT + BIRD DESIGN,6.0,6/22/11 16:32,2.55,12379
557789,22302,COFFEE MUG PEARS  DESIGN,6.0,6/22/11 16:32,2.55,12379
557789,,CHILDRENS CUTLERY RETROSPOT RED,4.0,6/22/11 16:32,4.15,12379
557789,22908,PACK OF 20 NAPKINS RED APPLES,12.0,6/22/11 16:32,0.85,12379
557789,22740,POLKADOT PEN,48.0,6/22/11 16:32,0.85,12379
557789,23236,DOILEY STORAGE TIN,6.0,6/22/11 16:32,2.89,12379
557789,21080,SET/20 RED RETROSPOT PAPER NAPKINS,12.0,6/22/11 16:32,0.85,12379
557789,22352,LUNCH BOX WITH CUTLERY RETROSPOT,6.0,6/22/11 16:32,2.55,12379
557789,23238,SET OF 4 KNICK KNACK TINS LONDON,6.0,6/22/11 16:32,4.15,12379
557789,22659,LUNCH BOX I LOVE LONDON,12.0,6/22/11 16:32,1.95,12379
557789,22631,CIRCUS PARADE LUNCH BOX,12.0,6/22/11 16:32,1.95,12379
557789,22619,SET OF 6 SOLDIER SKITTLES,8.0,6/22/11 16:32,3.75,12379
557789,21212,PACK OF 72 RETROSPOT CAKE CASES,24.0,6/22/11 16:32,0.55,12379
557789,,POSTAGE,3.0,6/22/11 16:32,15.0,12379
557885,21212,PACK OF 72 RETROSPOT CAKE CASES,24.0,6/23/11 13:37,0.55,12465
557885,21975,PACK OF 60 DINOSAUR CAKE CASES,24.0,6/23/11 13:37,0.55,12465
557885,23308,SET OF 60 VINTAGE LEAF CAKE CASES,24.0,6/23/11 13:37,0.55,12465
557885,84378,SET OF 3 HEART COOKIE CUTTERS,12.0,6/23/11 13:37,1.25,12465
557885,84380,SET OF 3 BUTTERFLY COOKIE CUTTERS,12.0,6/23/11 13:37,1.25,12465
557885,84375,SET OF 20 KIDS COOKIE CUTTERS,12.0,6/23/11 13:37,2.1,12465
557885,22964,3 PIECE SPACEBOY COOKIE CUTTER SET,6.0,6/23/11 13:37,2.1,12465
557885,22352,LUNCH BOX WITH CUTLERY RETROSPOT,6.0,6/23/11 13:37,2.55,12465
557885,22667,RECIPE BOX RETROSPOT,6.0,6/23/11 13:37,2.95,12465
557885,21156,RETROSPOT CHILDRENS APRON,8.0,6/23/11 13:37,1.95,12465
557885,20724,RED RETROSPOT CHARLOTTE BAG,10.0,6/23/11 13:37,0.85,12465
557885,22819,"BIRTHDAY CARD, RETRO SPOT",12.0,6/23/11 13:37,0.42,12465
557885,22740,POLKADOT PEN,48.0,6/23/11 13:37,0.85,12465
557885,21561,DINOSAUR LUNCH BOX WITH CUTLERY,6.0,6/23/11 13:37,2.55,12465
557885,22555,PLASTERS IN TIN STRONGMAN,12.0,6/23/11 13:37,1.65,12465
557885,22554,PLASTERS IN TIN WOODLAND ANIMALS,12.0,6/23/11 13:37,1.65,12465
557885,,CHILDRENS CUTLERY RETROSPOT RED,4.0,6/23/11 13:37,4.15,12465
557885,22556,PLASTERS IN TIN CIRCUS PARADE,12.0,6/23/11 13:37,1.65,12465
557885,23108,SET OF 10 LED DOLLY LIGHTS,2.0,6/23/11 13:37,6.25,12465
557885,20665,RED RETROSPOT PURSE,6.0,6/23/11 13:37,2.95,12465
557885,21059,PARTY INVITES DINOSAURS,12.0,6/23/11 13:37,0.85,12465
557885,22371,AIRLINE BAG VINTAGE TOKYO 78,4.0,6/23/11 13:37,4.25,12465
557885,22376,AIRLINE BAG VINTAGE JET SET WHITE,4.0,6/23/11 13:37,4.25,12465
557885,22180,RETROSPOT LAMP,2.0,6/23/11 13:37,9.95,12465
557885,20971,PINK BLUE FELT CRAFT TRINKET BOX,12.0,6/23/11 13:37,1.25,12465
557885,,POSTAGE,2.0,6/23/11 13:37,15.0,12465
,22974,CHILDRENS DOLLY GIRL MUG,-1.0,6/29/11 15:38,1.65,12408
558623,22326,ROUND SNACK BOXES SET OF4 WOODLAND,6.0,6/30/11 16:52,2.95,12395
558623,22661,CHARLOTTE BAG DOLLY GIRL DESIGN,20.0,6/30/11 16:52,0.85,12395
558623,21559,STRAWBERRY LUNCH BOX WITH CUTLERY,6.0,6/30/11 16:52,2.55,12395
558623,21561,DINOSAUR LUNCH BOX WITH CUTLERY,6.0,6/30/11 16:52,2.55,12395
558623,23307,SET OF 60 PANTRY DESIGN CAKE CASES,24.0,6/30/11 16:52,0.55,12395
558623,22726,ALARM CLOCK BAKELIKE GREEN,4.0,6/30/11 16:52,3.75,12395
558623,22729,ALARM CLOCK BAKELIKE ORANGE,4.0,6/30/11 16:52,3.75,12395
558623,20719,WOODLAND CHARLOTTE BAG,20.0,6/30/11 16:52,0.85,12395
558623,,POSTAGE,1.0,6/30/11 16:52,15.0,12395
558623,22630,DOLLY GIRL LUNCH BOX,12.0,6/30/11 16:52,1.95,12395
559058,22644,CERAMIC CHERRY CAKE MONEY BANK,24.0,7/6/11 9:49,1.45,12407
559058,21108,FAIRY CAKE FLANNEL ASSORTED COLOUR,18.0,7/6/11 9:49,2.55,12407
559058,21843,RED RETROSPOT CAKE STAND,2.0,7/6/11 9:49,10.95,12407
559058,22138,BAKING SET 9 PIECE RETROSPOT,3.0,7/6/11 9:49,4.95,12407
559058,22617,BAKING SET SPACEBOY DESIGN,3.0,7/6/11 9:49,4.95,12407
559058,23159,SET OF 5 PANCAKE DAY MAGNETS,12.0,7/6/11 9:49,2.08,12407
559058,23245,SET OF 3 REGENCY CAKE TINS,4.0,7/6/11 9:49,4.95,12407
559058,37448,CERAMIC CAKE DESIGN SPOTTED MUG,24.0,7/6/11 9:49,1.49,12407
559058,,FAIRY CAKES NOTEBOOK A7 SIZE,16.0,7/6/11 9:49,0.42,12407
559058,,FAIRY CAKES NOTEBOOK A6 SIZE,16.0,7/6/11 9:49,0.65,12407
559058,47580,TEA TIME DES TEA COSY,6.0,7/6/11 9:49,2.55,12407
559058,22634,CHILDS BREAKFAST SET SPACEBOY,2.0,7/6/11 9:49,9.95,12407
559058,21107,CREAM SLICE FLANNEL PINK SPOT,6.0,7/6/11 9:49,2.95,12407
559058,21106,CREAM SLICE FLANNEL CHOCOLATE SPOT,6.0,7/6/11 9:49,2.95,12407
559058,,SMALL CHOCOLATES PINK BOWL,16.0,7/6/11 9:49,0.42,12407
559058,,BISCUITS SMALL BOWL LIGHT BLUE,16.0,7/6/11 9:49,0.42,12407
559058,,SMALL DOLLY MIX DESIGN ORANGE BOWL,16.0,7/6/11 9:49,0.42,12407
559058,,SMALL MARSHMALLOWS PINK BOWL,16.0,7/6/11 9:49,0.42,12407
559058,22064,PINK DOUGHNUT TRINKET POT,12.0,7/6/11 9:49,1.65,12407
559058,22067,CHOC TRUFFLE GOLD TRINKET POT,12.0,7/6/11 9:49,1.65,12407
559058,35924,HANGING FAIRY CAKE DECORATION,6.0,7/6/11 9:49,2.1,12407
559058,22649,STRAWBERRY FAIRY CAKE TEAPOT,8.0,7/6/11 9:49,4.95,12407
559058,37447,CERAMIC CAKE DESIGN SPOTTED PLATE,12.0,7/6/11 9:49,1.49,12407
559058,23308,SET OF 60 VINTAGE LEAF CAKE CASES,24.0,7/6/11 9:49,0.55,12407
559058,,LAVENDER SCENT CAKE CANDLE,24.0,7/6/11 9:49,0.29,12407
559058,37495,FAIRY CAKE BIRTHDAY CANDLE SET,4.0,7/6/11 9:49,3.75,12407
559058,16048,TEATIME ROUND PENCIL SHARPENER,24.0,7/6/11 9:49,0.12,12407
559058,23076,ICE CREAM SUNDAE LIP GLOSS,24.0,7/6/11 9:49,1.25,12407
559058,23077,DOUGHNUT LIP GLOSS,40.0,7/6/11 9:49,1.25,12407
559058,22027,TEA PARTY BIRTHDAY CARD,72.0,7/6/11 9:49,0.36,12407
559058,22646,CERAMIC STRAWBERRY CAKE MONEY BANK,24.0,7/6/11 9:49,1.45,12407
559058,21975,PACK OF 60 DINOSAUR CAKE CASES,24.0,7/6/11 9:49,0.55,12407
559058,,POSTAGE,6.0,7/6/11 9:49,15.0,12407
,22659,LUNCH BOX I LOVE LONDON,-1.0,7/7/11 10:26,1.95,12379
559295,23245,SET OF 3 REGENCY CAKE TINS,4.0,7/7/11 12:32,4.95,12362
559295,22423,REGENCY CAKESTAND 3 TIER,1.0,7/7/11 12:32,12.75,12362
559295,22776,SWEETHEART CAKESTAND 3 TIER,1.0,7/7/11 12:32,9.95,12362
559295,22799,SWEETHEART WIRE FRUIT BOWL,2.0,7/7/11 12:32,8.5,12362
559295,21671,RED SPOT CERAMIC DRAWER KNOB,12.0,7/7/11 12:32,1.25,12362
559295,22509,SEWING BOX RETROSPOT DESIGN,1.0,7/7/11 12:32,16.95,12362
559295,20914,SET/5 RED RETROSPOT LID GLASS BOWLS,6.0,7/7/11 12:32,2.95,12362
559295,22727,ALARM CLOCK BAKELIKE RED,4.0,7/7/11 12:32,3.75,12362
559295,22151,PLACE SETTING WHITE HEART,24.0,7/7/11 12:32,0.42,12362
559295,23170,REGENCY TEA PLATE ROSES,12.0,7/7/11 12:32,1.65,12362
559295,22699,ROSES REGENCY TEACUP AND SAUCER,6.0,7/7/11 12:32,2.95,12362
559295,22712,CARD DOLLY GIRL,12.0,7/7/11 12:32,0.42,12362
559295,22029,SPACEBOY BIRTHDAY CARD,12.0,7/7/11 12:32,0.42,12362
559295,22557,PLASTERS IN TIN VINTAGE PAISLEY,12.0,7/7/11 12:32,1.65,12362
559295,22554,PLASTERS IN TIN WOODLAND ANIMALS,12.0,7/7/11 12:32,1.65,12362
559295,22326,ROUND SNACK BOXES SET OF4 WOODLAND,6.0,7/7/11 12:32,2.95,12362
559295,22551,PLASTERS IN TIN SPACEBOY,12.0,7/7/11 12:32,1.65,12362
559295,22139,RETROSPOT TEA SET CERAMIC 11 PC,3.0,7/7/11 12:32,4.95,12362
559295,,POSTAGE,2.0,7/7/11 12:32,15.0,12362
559890,22467,GUMBALL COAT RACK,12.0,7/13/11 11:58,2.55,12464
559890,,POSTAGE,1.0,7/13/11 11:58,15.0,12464
561507,22617,BAKING SET SPACEBOY DESIGN,3.0,7/27/11 14:21,4.95,12397
561507,22544,MINI JIGSAW SPACEBOY,24.0,7/27/11 14:21,0.42,12397
561507,22539,MINI JIGSAW DOLLY GIRL,24.0,7/27/11 14:21,0.42,12397
561507,22540,MINI JIGSAW CIRCUS PARADE,24.0,7/27/11 14:21,0.42,12397
561507,22489,PACK OF 12 TRADITIONAL CRAYONS,24.0,7/27/11 14:21,0.42,12397
561507,22505,MEMO BOARD COTTAGE DESIGN,4.0,7/27/11 14:21,4.95,12397
561507,21430,SET/3 RED GINGHAM ROSE STORAGE BOX,4.0,7/27/11 14:21,3.75,12397
561507,23241,TREASURE TIN GYMKHANA DESIGN,6.0,7/27/11 14:21,2.08,12397
561507,23236,DOILEY STORAGE TIN,6.0,7/27/11 14:21,2.89,12397
561507,23240,SET OF 4 KNICK KNACK TINS DOILEY,6.0,7/27/11 14:21,4.15,12397
561507,21918,SET 12 KIDS COLOUR  CHALK STICKS,24.0,7/27/11 14:21,0.42,12397
561507,22399,MAGNETS PACK OF 4 CHILDHOOD MEMORY,12.0,7/27/11 14:21,1.25,12397
561507,23007,SPACEBOY BABY GIFT SET,2.0,7/27/11 14:21,16.95,12397
561507,23010,CIRCUS PARADE BABY GIFT SET,2.0,7/27/11 14:21,16.95,12397
561507,23008,DOLLY GIRL BABY GIFT SET,2.0,7/27/11 14:21,16.95,12397
561507,22551,PLASTERS IN TIN SPACEBOY,12.0,7/27/11 14:21,1.65,12397
561507,22556,PLASTERS IN TIN CIRCUS PARADE,12.0,7/27/11 14:21,1.65,12397
561507,22554,PLASTERS IN TIN WOODLAND ANIMALS,12.0,7/27/11 14:21,1.65,12397
561507,22614,PACK OF 12 SPACEBOY TISSUES,24.0,7/27/11 14:21,0.29,12397
561507,22180,RETROSPOT LAMP,2.0,7/27/11 14:21,9.95,12397
561507,22899,CHILDREN'S APRON DOLLY GIRL,6.0,7/27/11 14:21,2.1,12397
561507,23243,SET OF TEA COFFEE SUGAR TINS PANTRY,4.0,7/27/11 14:21,4.95,12397
561507,22720,SET OF 3 CAKE TINS PANTRY DESIGN,3.0,7/27/11 14:21,4.95,12397
561507,22838,3 TIER CAKE TIN RED AND CREAM,1.0,7/27/11 14:21,14.95,12397
561507,20725,LUNCH BAG RED RETROSPOT,10.0,7/27/11 14:21,1.65,12397
561507,20726,LUNCH BAG WOODLAND,10.0,7/27/11 14:21,1.65,12397
561507,22326,ROUND SNACK BOXES SET OF4 WOODLAND,6.0,7/27/11 14:21,2.95,12397
561507,21559,STRAWBERRY LUNCH BOX WITH CUTLERY,6.0,7/27/11 14:21,2.55,12397
561507,22328,ROUND SNACK BOXES SET OF 4 FRUITS,6.0,7/27/11 14:21,2.95,12397
561507,22382,LUNCH BAG SPACEBOY DESIGN,10.0,7/27/11 14:21,1.65,12397
561507,22630,DOLLY GIRL LUNCH BOX,12.0,7/27/11 14:21,1.95,12397
561507,22631,CIRCUS PARADE LUNCH BOX,12.0,7/27/11 14:21,1.95,12397
561507,23206,LUNCH BAG APPLE DESIGN,10.0,7/27/11 14:21,1.65,12397
561507,23209,LUNCH BAG DOILEY PATTERN,10.0,7/27/11 14:21,1.65,12397
561507,22423,REGENCY CAKESTAND 3 TIER,3.0,7/27/11 14:21,12.75,12397
561507,23346,SPACEBOY BEAKER,12.0,7/27/11 14:21,1.25,12397
561507,23345,DOLLY GIRL BEAKER,12.0,7/27/11 14:21,1.25,12397
561507,22131,FOOD CONTAINER SET 3 LOVE HEART,6.0,7/27/11 14:21,1.95,12397
561507,,SET OF 4 ENGLISH ROSE PLACEMATS,4.0,7/27/11 14:21,3.75,12397
561507,22636,CHILDS BREAKFAST SET CIRCUS PARADE,2.0,7/27/11 14:21,8.5,12397
561507,22320,BIRDS MOBILE VINTAGE DESIGN,3.0,7/27/11 14:21,5.95,12397
561507,22727,ALARM CLOCK BAKELIKE RED,4.0,7/27/11 14:21,3.75,12397
561507,22726,ALARM CLOCK BAKELIKE GREEN,4.0,7/27/11 14:21,3.75,12397
561507,22492,MINI PAINT SET VINTAGE,36.0,7/27/11 14:21,0.65,12397
561507,22652,TRAVEL SEWING KIT,10.0,7/27/11 14:21,1.65,12397
561507,22029,SPACEBOY BIRTHDAY CARD,12.0,7/27/11 14:21,0.42,12397
561507,22716,CARD CIRCUS PARADE,12.0,7/27/11 14:21,0.42,12397
561507,22969,HOMEMADE JAM SCENTED CANDLES,12.0,7/27/11 14:21,1.45,12397
561507,22662,LUNCH BAG DOLLY GIRL DESIGN,10.0,7/27/11 14:21,1.65,12397
561507,22961,JAM MAKING SET PRINTED,12.0,7/27/11 14:21,1.45,12397
561507,23245,SET OF 3 REGENCY CAKE TINS,4.0,7/27/11 14:21,4.95,12397
561507,23289,DOLLY GIRL CHILDRENS BOWL,8.0,7/27/11 14:21,1.25,12397
561507,23290,SPACEBOY CHILDRENS BOWL,8.0,7/27/11 14:21,1.25,12397
561507,23291,DOLLY GIRL CHILDRENS CUP,8.0,7/27/11 14:21,1.25,12397
561507,23292,SPACEBOY CHILDRENS CUP,8.0,7/27/11 14:21,1.25,12397
561507,23293,SET OF 12 FAIRY CAKE BAKING CASES,8.0,7/27/11 14:21,0.83,12397
561507,20837,FRENCH FLORAL CUSHION COVER,12.0,7/27/11 14:21,0.83,12397
561507,20838,FRENCH LATTICE CUSHION COVER,12.0,7/27/11 14:21,0.85,12397
561507,20840,FRENCH FLORAL CUSHION COVER,12.0,7/27/11 14:21,0.85,12397
561507,22099,CARAVAN SQUARE TISSUE BOX,36.0,7/27/11 14:21,0.39,12397
561507,21452,TOADSTOOL MONEY BOX,6.0,7/27/11 14:21,2.95,12397
561507,22646,CERAMIC STRAWBERRY CAKE MONEY BANK,12.0,7/27/11 14:21,1.45,12397
561507,22644,CERAMIC CHERRY CAKE MONEY BANK,12.0,7/27/11 14:21,1.45,12397
561507,21055,TOOL BOX SOFT TOY,2.0,7/27/11 14:21,8.95,12397
561507,22483,RED GINGHAM TEDDY BEAR,6.0,7/27/11 14:21,2.95,12397
561507,22530,MAGIC DRAWING SLATE DOLLY GIRL,24.0,7/27/11 14:21,0.42,12397
561507,22534,MAGIC DRAWING SLATE SPACEBOY,24.0,7/27/11 14:21,0.42,12397
561507,22138,BAKING SET 9 PIECE RETROSPOT,3.0,7/27/11 14:21,4.95,12397
561507,22139,RETROSPOT TEA SET CERAMIC 11 PC,3.0,7/27/11 14:21,4.95,12397
561507,,POSTAGE,7.0,7/27/11 14:21,15.0,12397
561662,,FAIRY CAKES NOTEBOOK A7 SIZE,272.0,7/28/11 16:28,0.32,12407
561662,21884,CAKES AND BOWS GIFT  TAPE,12.0,7/28/11 16:28,0.65,12407
561662,48185,DOORMAT FAIRY CAKE,10.0,7/28/11 16:28,6.75,12407
561662,,POSTAGE,2.0,7/28/11 16:28,15.0,12407
562034,20979,36 PENCILS TUBE RED RETROSPOT,16.0,8/2/11 9:14,1.25,12449
562034,20977,36 PENCILS TUBE WOODLAND,16.0,8/2/11 9:14,1.25,12449
562034,22759,SET OF 3 NOTEBOOKS IN PARCEL,12.0,8/2/11 9:14,1.65,12449
562034,20770,ABSTRACT CIRCLE JOURNAL,6.0,8/2/11 9:14,2.55,12449
562034,20764,ABSTRACT CIRCLES SKETCHBOOK,4.0,8/2/11 9:14,3.75,12449
562034,23241,TREASURE TIN GYMKHANA DESIGN,6.0,8/2/11 9:14,2.08,12449
562034,23236,DOILEY STORAGE TIN,6.0,8/2/11 9:14,2.89,12449
562034,23240,SET OF 4 KNICK KNACK TINS DOILEY,6.0,8/2/11 9:14,4.15,12449
562034,21915,RED  HARMONICA IN BOX,12.0,8/2/11 9:14,1.25,12449
562034,23229,VINTAGE DONKEY TAIL GAME,6.0,8/2/11 9:14,3.75,12449
562034,21889,WOODEN BOX OF DOMINOES,12.0,8/2/11 9:14,1.25,12449
562034,21912,VINTAGE SNAKES & LADDERS,4.0,8/2/11 9:14,3.75,12449
562034,22635,CHILDS BREAKFAST SET DOLLY GIRL,2.0,8/2/11 9:14,9.95,12449
562034,20665,RED RETROSPOT PURSE,6.0,8/2/11 9:14,2.95,12449
562034,21770,OPEN CLOSED METAL SIGN,8.0,8/2/11 9:14,4.95,12449
562034,22727,ALARM CLOCK BAKELIKE RED,8.0,8/2/11 9:14,3.75,12449
562034,22726,ALARM CLOCK BAKELIKE GREEN,8.0,8/2/11 9:14,3.75,12449
562034,22729,ALARM CLOCK BAKELIKE ORANGE,4.0,8/2/11 9:14,3.75,12449
562034,22725,ALARM CLOCK BAKELIKE CHOCOLATE,4.0,8/2/11 9:14,3.75,12449
562034,,WHITE TRAVEL ALARM CLOCK,6.0,8/2/11 9:14,2.55,12449
562034,22192,BLUE DINER WALL CLOCK,2.0,8/2/11 9:14,8.5,12449
562034,22193,RED DINER WALL CLOCK,2.0,8/2/11 9:14,8.5,12449
562034,22191,IVORY DINER WALL CLOCK,2.0,8/2/11 9:14,8.5,12449
562034,23342,MINT DINER WALL CLOCK,2.0,8/2/11 9:14,8.5,12449
562034,21216,"SET 3 RETROSPOT TEA,COFFEE,SUGAR",4.0,8/2/11 9:14,4.95,12449
562034,22627,MINT KITCHEN SCALES,4.0,8/2/11 9:14,8.5,12449
562034,22624,IVORY KITCHEN SCALES,2.0,8/2/11 9:14,8.5,12449
562034,22625,RED KITCHEN SCALES,2.0,8/2/11 9:14,8.5,12449
562034,,RETRO PLASTIC POLKA TRAY,15.0,8/2/11 9:14,0.42,12449
562034,,RETRO PLASTIC 70'S TRAY,15.0,8/2/11 9:14,0.42,12449
562034,23245,SET OF 3 REGENCY CAKE TINS,4.0,8/2/11 9:14,4.95,12449
562034,21217,RED RETROSPOT ROUND CAKE TINS,1.0,8/2/11 9:14,9.95,12449
562034,22326,ROUND SNACK BOXES SET OF4 WOODLAND,12.0,8/2/11 9:14,2.95,12449
562034,22328,ROUND SNACK BOXES SET OF 4 FRUITS,6.0,8/2/11 9:14,2.95,12449
562034,21559,STRAWBERRY LUNCH BOX WITH CUTLERY,6.0,8/2/11 9:14,2.55,12449
562034,23244,ROUND STORAGE TIN VINTAGE LEAF,6.0,8/2/11 9:14,1.95,12449
562034,37467,PIG MUG IN TWO COLOUR DESIGNS,12.0,8/2/11 9:14,0.39,12449
562034,,RETRO PLASTIC POLKA TRAY,12.0,8/2/11 9:14,0.85,12449
562034,,POSTAGE,6.0,8/2/11 9:14,15.0,12449
562445,23013,GLASS APOTHECARY BOTTLE TONIC,4.0,8/4/11 18:51,3.95,12417
562445,23014,GLASS APOTHECARY BOTTLE ELIXIR,4.0,8/4/11 18:51,3.95,12417
562445,23245,SET OF 3 REGENCY CAKE TINS,4.0,8/4/11 18:51,4.95,12417
562445,23267,SET OF 4 SANTA PLACE SETTINGS,12.0,8/4/11 18:51,1.25,12417
562445,23286,BLUE VINTAGE SPOT BEAKER,8.0,8/4/11 18:51,0.85,12417
562445,23287,RED VINTAGE SPOT BEAKER,8.0,8/4/11 18:51,0.85,12417
562445,23315,IVORY REFECTORY CLOCK,2.0,8/4/11 18:51,9.95,12417
562445,23546,WRAP PAISLEY PARK,50.0,8/4/11 18:51,0.42,12417
562445,23548,WRAP MAGIC FOREST,25.0,8/4/11 18:51,0.42,12417
562445,22840,ROUND CAKE TIN VINTAGE RED,2.0,8/4/11 18:51,7.95,12417
562445,22852,DOG BOWL VINTAGE CREAM,4.0,8/4/11 18:51,4.25,12417
562445,21770,OPEN CLOSED METAL SIGN,2.0,8/4/11 18:51,4.95,12417
562445,22398,MAGNETS PACK OF 4 SWALLOWS,12.0,8/4/11 18:51,0.39,12417
562445,22915,ASSORTED BOTTLE TOP  MAGNETS,24.0,8/4/11 18:51,0.42,12417
562445,22702,BLACK AND WHITE CAT BOWL,6.0,8/4/11 18:51,2.1,12417
562445,22624,IVORY KITCHEN SCALES,4.0,8/4/11 18:51,8.5,12417
562445,21843,RED RETROSPOT CAKE STAND,1.0,8/4/11 18:51,10.95,12417
562445,20682,RED RETROSPOT CHILDRENS UMBRELLA,6.0,8/4/11 18:51,3.25,12417
562445,,BLACK/BLUE POLKADOT UMBRELLA,3.0,8/4/11 18:51,5.95,12417
562445,21481,FAWN BLUE HOT WATER BOTTLE,6.0,8/4/11 18:51,2.95,12417
562445,,POSTAGE,3.0,8/4/11 18:51,18.0,12417
