573511,23480,MINI LIGHTS WOODLAND MUSHROOMS,12.0,10/31/11 12:25,3.75,12347
573511,21265,PINK GOOSE FEATHER TREE 60CM,12.0,10/31/11 12:25,1.95,12347
573511,21636,MADRAS NOTEBOOK MEDIUM,12.0,10/31/11 12:25,0.75,12347
573511,22372,AIRLINE BAG VINTAGE WORLD CHAMPION,4.0,10/31/11 12:25,4.25,12347
573511,22375,AIRLINE BAG VINTAGE JET SET BROWN,8.0,10/31/11 12:25,4.25,12347
573511,22371,AIRLINE BAG VINTAGE TOKYO 78,12.0,10/31/11 12:25,3.95,12347
573511,22374,AIRLINE BAG VINTAGE JET SET RED,8.0,10/31/11 12:25,4.25,12347
573511,22252,BIRDCAGE DECORATION TEALIGHT HOLDER,12.0,10/31/11 12:25,1.25,12347
573511,22945,CHRISTMAS METAL TAGS ASSORTED,12.0,10/31/11 12:25,0.85,12347
573511,22423,REGENCY CAKESTAND 3 TIER,6.0,10/31/11 12:25,12.75,12347
573511,23173,REGENCY TEAPOT ROSES,2.0,10/31/11 12:25,9.95,12347
573511,47580,TEA TIME DES TEA COSY,6.0,10/31/11 12:25,2.55,12347
573511,,TEA TIME KITCHEN APRON,6.0,10/31/11 12:25,5.95,12347
573511,,TEA TIME OVEN GLOVE,10.0,10/31/11 12:25,1.25,12347
573511,22698,PINK REGENCY TEACUP AND SAUCER,12.0,10/31/11 12:25,2.95,12347
573511,22697,GREEN REGENCY TEACUP AND SAUCER,12.0,10/31/11 12:25,2.95,12347
573511,,3D DOG PICTURE PLAYING CARDS,36.0,10/31/11 12:25,2.95,12347
573511,23084,RABBIT NIGHT LIGHT,48.0,10/31/11 12:25,1.79,12347
573511,21731,RED TOADSTOOL LED NIGHT LIGHT,12.0,10/31/11 12:25,1.65,12347
573511,23177,TREASURE ISLAND BOOK BOX,8.0,10/31/11 12:25,2.25,12347
573511,21791,VINTAGE HEADS AND TAILS CARD GAME,12.0,10/31/11 12:25,1.25,12347
573511,23508,MINI PLAYING CARDS DOLLY GIRL,20.0,10/31/11 12:25,0.42,12347
573511,23506,MINI PLAYING CARDS SPACEBOY,20.0,10/31/11 12:25,0.42,12347
573511,23503,PLAYING CARDS KEEP CALM & CARRY ON,12.0,10/31/11 12:25,1.25,12347
573511,22992,REVOLVER WOODEN RULER,12.0,10/31/11 12:25,1.95,12347
573511,22561,WOODEN SCHOOL COLOURING SET,12.0,10/31/11 12:25,1.65,12347
573511,22492,MINI PAINT SET VINTAGE,36.0,10/31/11 12:25,0.65,12347
573511,22621,TRADITIONAL KNITTING NANCY,12.0,10/31/11 12:25,1.65,12347
573511,23146,TRIPLE HOOK ANTIQUE IVORY ROSE,8.0,10/31/11 12:25,3.29,12347
573511,23421,PANTRY HOOK SPATULA,12.0,10/31/11 12:25,2.08,12347
573511,23422,PANTRY HOOK BALLOON WHISK,12.0,10/31/11 12:25,2.08,12347
573511,23420,PANTRY HOOK TEA STRAINER,12.0,10/31/11 12:25,2.08,12347
573511,22699,ROSES REGENCY TEACUP AND SAUCER,18.0,10/31/11 12:25,2.95,12347
573511,22725,ALARM CLOCK BAKELIKE CHOCOLATE,8.0,10/31/11 12:25,3.75,12347
573511,22728,ALARM CLOCK BAKELIKE PINK,8.0,10/31/11 12:25,3.75,12347
573511,22726,ALARM CLOCK BAKELIKE GREEN,8.0,10/31/11 12:25,3.75,12347
573511,22727,ALARM CLOCK BAKELIKE RED,12.0,10/31/11 12:25,3.75,12347
573511,21976,PACK OF 60 MUSHROOM CAKE CASES,24.0,10/31/11 12:25,0.55,12347
573511,22417,PACK OF 60 SPACEBOY CAKE CASES,24.0,10/31/11 12:25,0.55,12347
573511,23308,SET OF 60 VINTAGE LEAF CAKE CASES,24.0,10/31/11 12:25,0.55,12347
573511,84991,60 TEATIME FAIRY CAKE CASES,24.0,10/31/11 12:25,0.55,12347
573511,84992,72 SWEETHEART FAIRY CAKE CASES,24.0,10/31/11 12:25,0.55,12347
573511,22196,SMALL HEART MEASURING SPOONS,24.0,10/31/11 12:25,0.85,12347
573511,22195,LARGE HEART MEASURING SPOONS,24.0,10/31/11 12:25,1.65,12347
573511,20719,WOODLAND CHARLOTTE BAG,10.0,10/31/11 12:25,0.85,12347
573511,23162,REGENCY TEA STRAINER,8.0,10/31/11 12:25,3.75,12347
573511,22131,FOOD CONTAINER SET 3 LOVE HEART,6.0,10/31/11 12:25,1.95,12347
581180,23497,CLASSIC CHROME BICYCLE BELL,12.0,12/7/11 15:52,1.45,12347
581180,23552,BICYCLE PUNCTURE REPAIR KIT,6.0,12/7/11 15:52,2.08,12347
581180,21064,BOOM BOX SPEAKER BOYS,24.0,12/7/11 15:52,1.25,12347
581180,,PINK NEW BAROQUECANDLESTICK CANDLE,24.0,12/7/11 15:52,0.85,12347
581180,21731,RED TOADSTOOL LED NIGHT LIGHT,24.0,12/7/11 15:52,1.65,12347
581180,23084,RABBIT NIGHT LIGHT,24.0,12/7/11 15:52,1.79,12347
581180,20719,WOODLAND CHARLOTTE BAG,10.0,12/7/11 15:52,0.85,12347
581180,21265,PINK GOOSE FEATHER TREE 60CM,12.0,12/7/11 15:52,1.95,12347
581180,23271,CHRISTMAS TABLE SILVER CANDLE SPIKE,16.0,12/7/11 15:52,0.83,12347
581180,23506,MINI PLAYING CARDS SPACEBOY,20.0,12/7/11 15:52,0.42,12347
581180,23508,MINI PLAYING CARDS DOLLY GIRL,20.0,12/7/11 15:52,0.42,12347
