,22662,LUNCH BAG DOLLY GIRL DESIGN,-1.0,8/23/11 11:36,1.65,12753
,20979,36 PENCILS TUBE RED RETROSPOT,-16.0,8/23/11 11:36,1.25,12753
,22637,PIGGY BANK RETROSPOT,-2.0,8/23/11 11:36,2.1,12753
,21218,RED SPOTTY BISCUIT TIN,-3.0,8/23/11 11:36,3.25,12753
,23239,SET OF 4 KNICK KNACK TINS POPPIES,-1.0,8/23/11 11:36,3.75,12753
,23244,ROUND STORAGE TIN VINTAGE LEAF,-2.0,8/23/11 11:36,1.65,12753
,23238,SET OF 4 KNICK KNACK TINS LONDON,-1.0,8/23/11 11:36,3.75,12753
,23229,VINTAGE DONKEY TAIL GAME,-1.0,8/23/11 11:36,3.39,12753
566623,21787,RAIN PONCHO RETROSPOT,72.0,9/14/11 9:31,0.85,12756
566623,21786,POLKADOT RAIN HAT,24.0,9/14/11 9:31,0.42,12756
566623,21789,KIDS RAIN MAC PINK,24.0,9/14/11 9:31,0.85,12756
566623,21788,KIDS RAIN MAC BLUE,24.0,9/14/11 9:31,0.85,12756
572763,22907,PACK OF 20 NAPKINS PANTRY DESIGN,12.0,10/26/11 9:54,0.85,12812
572763,22908,PACK OF 20 NAPKINS RED APPLES,12.0,10/26/11 9:54,0.85,12812
572763,22989,SET 2 PANTRY DESIGN TEA TOWELS,6.0,10/26/11 9:54,3.25,12812
572763,22895,SET OF 2 TEA TOWELS APPLE AND PEARS,6.0,10/26/11 9:54,3.25,12812
572763,22722,SET OF 6 SPICE TINS PANTRY DESIGN,8.0,10/26/11 9:54,3.95,12812
572763,21481,FAWN BLUE HOT WATER BOTTLE,4.0,10/26/11 9:54,3.75,12812
572763,22114,HOT WATER BOTTLE TEA AND SYMPATHY,4.0,10/26/11 9:54,4.25,12812
572763,23294,SET OF 6 SNACK LOAF BAKING CASES,8.0,10/26/11 9:54,0.83,12812
572763,23307,SET OF 60 PANTRY DESIGN CAKE CASES,24.0,10/26/11 9:54,0.55,12812
572763,23296,SET OF 6 TEA TIME BAKING CASES,8.0,10/26/11 9:54,1.25,12812
572763,21976,PACK OF 60 MUSHROOM CAKE CASES,24.0,10/26/11 9:54,0.55,12812
572763,22951,60 CAKE CASES DOLLY GIRL DESIGN,24.0,10/26/11 9:54,0.55,12812
572763,22326,ROUND SNACK BOXES SET OF4 WOODLAND,6.0,10/26/11 9:54,2.95,12812
572763,22328,ROUND SNACK BOXES SET OF 4 FRUITS,6.0,10/26/11 9:54,2.95,12812
572763,22993,SET OF 4 PANTRY JELLY MOULDS,12.0,10/26/11 9:54,1.25,12812
572869,23084,RABBIT NIGHT LIGHT,960.0,10/26/11 13:21,1.79,12798
576923,22660,DOORMAT I LOVE LONDON,50.0,11/17/11 10:52,7.08,12753
576923,20750,RED RETROSPOT MINI CASES,48.0,11/17/11 10:52,6.35,12753
576923,22667,RECIPE BOX RETROSPOT,48.0,11/17/11 10:52,2.55,12753
576923,22911,PAPER CHAIN KIT LONDON,80.0,11/17/11 10:52,2.55,12753
576923,22902,TOTE BAG I LOVE LONDON,50.0,11/17/11 10:52,1.69,12753
576923,23365,SET 12 COLOUR PENCILS LOVE LONDON,32.0,11/17/11 10:52,0.65,12753
576923,23391,I LOVE LONDON MINI BACKPACK,40.0,11/17/11 10:52,4.15,12753
576923,23009,I LOVE LONDON BABY GIFT SET,18.0,11/17/11 10:52,14.95,12753
576923,23505,PLAYING CARDS I LOVE LONDON,100.0,11/17/11 10:52,1.04,12753
576923,21197,MULTICOLOUR  CONFETTI IN TUBE,48.0,11/17/11 10:52,1.45,12753
576923,21199,PINK  HEART CONFETTI IN TUBE,48.0,11/17/11 10:52,1.45,12753
576923,21198,WHITE HEART CONFETTI IN TUBE,48.0,11/17/11 10:52,1.45,12753
576923,21439,BASKET OF TOADSTOOLS,96.0,11/17/11 10:52,1.25,12753
576923,22489,PACK OF 12 TRADITIONAL CRAYONS,96.0,11/17/11 10:52,0.42,12753
576923,22616,PACK OF 12 LONDON TISSUES,144.0,11/17/11 10:52,0.39,12753
576923,22621,TRADITIONAL KNITTING NANCY,192.0,11/17/11 10:52,1.45,12753
576923,21731,RED TOADSTOOL LED NIGHT LIGHT,144.0,11/17/11 10:52,1.45,12753
576923,22466,FAIRY TALE COTTAGE NIGHT LIGHT,96.0,11/17/11 10:52,1.65,12753
576923,23084,RABBIT NIGHT LIGHT,120.0,11/17/11 10:52,1.79,12753
576923,23480,MINI LIGHTS WOODLAND MUSHROOMS,96.0,11/17/11 10:52,3.29,12753
576923,23237,SET OF 4 KNICK KNACK TINS LEAF,48.0,11/17/11 10:52,3.75,12753
576923,23238,SET OF 4 KNICK KNACK TINS LONDON,48.0,11/17/11 10:52,3.75,12753
576923,23240,SET OF 4 KNICK KNACK TINS DOILY,48.0,11/17/11 10:52,3.75,12753
576923,23245,SET OF 3 REGENCY CAKE TINS,32.0,11/17/11 10:52,4.15,12753
576923,21218,RED SPOTTY BISCUIT TIN,48.0,11/17/11 10:52,3.25,12753
576923,21216,"SET 3 RETROSPOT TEA,COFFEE,SUGAR",24.0,11/17/11 10:52,4.25,12753
576923,22549,PICTURE DOMINOES,72.0,11/17/11 10:52,1.25,12753
576923,21217,RED RETROSPOT ROUND CAKE TINS,12.0,11/17/11 10:52,8.95,12753
576923,23493,VINTAGE DOILY TRAVEL SEWING KIT,100.0,11/17/11 10:52,1.95,12753
576923,23494,VINTAGE DOILY DELUXE SEWING KIT,40.0,11/17/11 10:52,4.95,12753
576923,23380,PACK OF 12 VINTAGE DOILY TISSUES,144.0,11/17/11 10:52,0.39,12753
579498,23084,RABBIT NIGHT LIGHT,2040.0,11/29/11 15:52,1.79,12798
,23238,SET OF 4 KNICK KNACK TINS LONDON,-1.0,12/6/11 11:40,3.75,12753
,23237,SET OF 4 KNICK KNACK TINS LEAF,-3.0,12/6/11 11:40,3.75,12753
,22667,RECIPE BOX RETROSPOT,-3.0,12/6/11 11:40,2.55,12753
,21731,RED TOADSTOOL LED NIGHT LIGHT,-2.0,12/6/11 11:40,1.45,12753
,23480,MINI LIGHTS WOODLAND MUSHROOMS,-15.0,12/6/11 11:40,3.29,12753
,22466,FAIRY TALE COTTAGE NIGHT LIGHT,-17.0,12/6/11 11:40,1.65,12753
,23084,RABBIT NIGHT LIGHT,-7.0,12/6/11 11:40,1.79,12753
,22621,TRADITIONAL KNITTING NANCY,-1.0,12/6/11 11:40,1.45,12753
